solute_smiles,solvent_smiles
CN(C)C1=CC=C(C=C1)N=C=NC1=CC=C(C=C1)N(C)C,CCN1C=C[N+](C)C1.CCS([O-])(=O)(=O)
OC1=C(CC2=C(O)C(Cl)=CC(Cl)=C2Cl)C(Cl)=C(Cl)C=C1Cl,CCN1C=C[N+](C)C1.CCS([O-])(=O)(=O)
[H]C1(O[C@H](CO)[C@@H](O)[C@H](O)[C@H]1O)C1([H])C2=C(C(O)=CC=C2)C(=O)C2=C1C=C(CO)C=C2O,CCN1C=C[N+](C)C1.CCS([O-])(=O)(=O)
OC(=O)C1=CC=CC(=C1)N(=O)=O,CCN1C=C[N+](C)C1.CCS([O-])(=O)(=O)
CN(C1=C(C=C(C=C1N(=O)=O)N(=O)=O)N(=O)=O)N(=O)=O,CCN1C=C[N+](C)C1.CCS([O-])(=O)(=O)
COC1=CC=C(C=C1O)[C@@H]1CC(=O)C2=C(O1)C=C(O)C=C2O,CCN1C=C[N+](C)C1.CCS([O-])(=O)(=O)
[H][C@@](C)(CCCC(C)C)[C@@]1([H])CC[C@@]2([H])[C@]3([H])CC=C4C[C@H](CC[C@]4(C)[C@@]3([H])CC[C@]12C)OP([H])(O)=O,CCN1C=C[N+](C)C1.CCS([O-])(=O)(=O)
NC(=O)C1=CC(=CC=C1)S(N)(=O)=O,CCN1C=C[N+](C)C1.CCS([O-])(=O)(=O)
NC1=CC=C(C=C1)C(O)=O,CCN1C=C[N+](C)C1.CCS([O-])(=O)(=O)
CC1=NC2=CC=CC(N3CCN(CCC4=CC(=CC=C4)N4CCNC4=O)CC3)=C2C=C1,CCN1C=C[N+](C)C1.CCS([O-])(=O)(=O)
CCOC1=C(C=C(C=C1N(=O)=O)N(=O)=O)N(=O)=O,CCN1C=C[N+](C)C1.CCS([O-])(=O)(=O)
CC12SC3(C)SC(C)(S1)SC(C)(S2)S3,CCN1C=C[N+](C)C1.CCS([O-])(=O)(=O)
OC(=O)C1=CC=C2C(=O)C3=C(C=CC=C3)C(=O)C2=C1,CCN1C=C[N+](C)C1.CCS([O-])(=O)(=O)
ClC1=C(Cl)C(Cl)=C(Cl)C2=C1C(=O)OC2=O,CCN1C=C[N+](C)C1.CCS([O-])(=O)(=O)
[H][C@@](C)(CC\C=C(/C)C)[C@@]1([H])CC[C@@]2([H])[C@]3([H])CC=C4C[C@@H](O)CC[C@]4(C)[C@@]3([H])CC[C@]12C,CCN1C=C[N+](C)C1.CCS([O-])(=O)(=O)
C1=CC2=C3C(C=CC4=C3C(C=C2)=CC=C4)=C1,CCN1C=C[N+](C)C1.CCS([O-])(=O)(=O)
C[C@H]1CC[C@@H](CC1)N1C2=NC(NC3=NC4=C(CN(CC4)C(=O)CO)C=C3)=NC=C2C2=C1C=NC=C2,CCN1C=C[N+](C)C1.CCS([O-])(=O)(=O)
O=C(OCOC(=O)C1=CC=CC=C1)C1=CC=CC=C1,CCN1C=C[N+](C)C1.CCS([O-])(=O)(=O)
O=N(=O)C1=CC2=C(C(=CC=C2)N(=O)=O)C(=C1)N(=O)=O,CCN1C=C[N+](C)C1.CCS([O-])(=O)(=O)
CCOC(=O)C1=C(N(C)N=C1)S(=O)(=O)NC(=O)NC1=NC(OC)=CC(OC)=N1,CCN1C=C[N+](C)C1.CCS([O-])(=O)(=O)
CCC(=O)N(C(=O)NC1=CC=C(C=C1)N(C)C)C1=CC=C(C=C1)N(C)C,CCN1C=C[N+](C)C1.CCS([O-])(=O)(=O)
CC1=CC=C(C(O)=O)C(C)=C1,CCN1C=C[N+](C)C1.CCS([O-])(=O)(=O)
CC1=CC=CC=C1NC(N)=O,CCN1C=C[N+](C)C1.CCS([O-])(=O)(=O)
C[C@H]1CC[C@H](CC1)C(N)=O,CCN1C=C[N+](C)C1.CCS([O-])(=O)(=O)
ClC1=CC=CC2=C1C(=O)C1=CC=CC=C1C2=O,CCN1C=C[N+](C)C1.CCS([O-])(=O)(=O)
CO[C@H]1O[C@@H]([C@H](O)[C@H](O)[C@H]1O)C(O)=O,CCN1C=C[N+](C)C1.CCS([O-])(=O)(=O)
[H][C@]12CCC(=C)[C@@H](C\C=C3/C(O)COC3=O)[C@]1(C)CC[C@@H](O)[C@@]2(C)CO,CCN1C=C[N+](C)C1.CCS([O-])(=O)(=O)
[H][C@@]12OC3=C(O)C=CC4=C3[C@@]11CCN(C)[C@H](C4)[C@]1([H])C=C[C@@H]2O,CCN1C=C[N+](C)C1.CCS([O-])(=O)(=O)
NC(=O)OCC1=CC(=NO1)C1=CC=C(OCC2=CC=CC=C2)C=C1,CCN1C=C[N+](C)C1.CCS([O-])(=O)(=O)
CC(=O)OC1=CC=CC=C1C(O)=O,CCN1C=C[N+](C)C1.CCS([O-])(=O)(=O)
CC(=O)NC[C@H]1CN(C(=O)O1)C1=CC=C(C(F)=C1)C1=CC=C(CNCC2=CN=NN2)C=C1,CCN1C=C[N+](C)C1.CCS([O-])(=O)(=O)
CCCCCCCCOC(=O)C1=C(C)OC2=CC3=C(OC(C)=C3C(=O)OCCCCCCCC)C=C12,CCN1C=C[N+](C)C1.CCS([O-])(=O)(=O)
ON=C1C(=O)C=CC2=C1C=CC=C2,CCN1C=C[N+](C)C1.CCS([O-])(=O)(=O)
[H][C@@]12COC(=O)[C@@]1([H])CC1=CC(OC)=C(O)C=C1[C@H]2C1=CC=C(O)C(OC)=C1,CCN1C=C[N+](C)C1.CCS([O-])(=O)(=O)
[H][C@@](CC1=CC=CC=C1)(NC(C)=O)C(O)=O,CCN1C=C[N+](C)C1.CCS([O-])(=O)(=O)
[H][C@@](C)(CCCC(C)C)[C@@]1([H])CC[C@@]2([H])[C@]3([H])CC=C4C[C@H](CC[C@]4(C)[C@@]3([H])CC[C@]12C)OC(=O)CC,CCN1C=C[N+](C)C1.CCS([O-])(=O)(=O)
CCOC(=O)C1=C(C)OC2=CC3=C(OC(C)=C3C(=O)OCC)C=C12,CCN1C=C[N+](C)C1.CCS([O-])(=O)(=O)
[H][C@@](C)(CCCC(C)C)[C@@]1([H])CC[C@@]2([H])[C@]3([H])CC=C4C[C@H](CC[C@]4(C)[C@@]3([H])CC[C@]12C)OC(=O)CCC,CCN1C=C[N+](C)C1.CCS([O-])(=O)(=O)
[H][C@](OC(=O)C1=CC=C(C)C=C1)(C(O)=O)[C@@]([H])(OC(=O)C1=CC=C(C)C=C1)C(O)=O,CCN1C=C[N+](C)C1.CCS([O-])(=O)(=O)
COC1=CC2=C(C=C1)C=C(C=C2)[C@H](C)C(O)=O,CCN1C=C[N+](C)C1.CCS([O-])(=O)(=O)
NC(CC1=CC=CC=C1)C(O)=O,CCN1C=C[N+](C)C1.CCS([O-])(=O)(=O)
C[C@H]1OC=C2C(O)=C(C(O)=O)C(=O)C(C)=C2[C@@H]1C,CCN1C=C[N+](C)C1.CCS([O-])(=O)(=O)
NC1=CC=C(CC(O)=O)C=C1,CCN1C=C[N+](C)C1.CCS([O-])(=O)(=O)
CC(=O)C1C(=O)C=C2OC3=C(C(C)=O)C(O)=C(C)C(O)=C3[C@]2(C)C1=O,CCN1C=C[N+](C)C1.CCS([O-])(=O)(=O)
O=C1NS(=O)(=O)C2=C1C=CC=C2,CCN1C=C[N+](C)C1.CCS([O-])(=O)(=O)
C1CC2=C3C1=CC=CC3=CC=C2,CCN1C=C[N+](C)C1.CCS([O-])(=O)(=O)
ClC1=CC=C(C=C1)N(=O)=O,CCN1C=C[N+](C)C1.CCS([O-])(=O)(=O)
CN(C(=O)C(=O)N(C)N(=O)=O)N(=O)=O,CCN1C=C[N+](C)C1.CCS([O-])(=O)(=O)
C1=CC=C(C=C1)\N=N\C1=CC=CC=C1,CCN1C=C[N+](C)C1.CCS([O-])(=O)(=O)
CC1=CC=C(NC(N)=O)C=C1,CCN1C=C[N+](C)C1.CCS([O-])(=O)(=O)
[H][C@](C)(\C=C\[C@@]([H])(C)[C@@]1([H])CC[C@@]2([H])C3=CC=C4C[C@@H](O)CC[C@]4(C)[C@@]3([H])CC[C@]12C)C(C)C,CCN1C=C[N+](C)C1.CCS([O-])(=O)(=O)
N\C(C#N)=C(/N)C#N,CCN1C=C[N+](C)C1.CCS([O-])(=O)(=O)
[H][C@@](O)(CO)[C@@]([H])(O)[C@]([H])(O)[C@@]([H])(O)CS,CCN1C=C[N+](C)C1.CCS([O-])(=O)(=O)
ClC1=NC(OC2=CC=C(C=C2)N=NC2=CC=CC=C2)=NC(Cl)=N1,CCN1C=C[N+](C)C1.CCS([O-])(=O)(=O)
OC1=CC=CC=C1C(=O)NC1=NC=C(S1)N(=O)=O,CCN1C=C[N+](C)C1.CCS([O-])(=O)(=O)
NC(=O)N1C2=C(C=CC=C2)C=CC2=C1C=CC=C2,CCN1C=C[N+](C)C1.CCS([O-])(=O)(=O)
C(N(C1=CC=CC=C1)C1=CC=CC=C1)C1=CC=CC=C1,CCN1C=C[N+](C)C1.CCS([O-])(=O)(=O)
COC1=C(C=C(C=C1N(=O)=O)N(=O)=O)N(=O)=O,CCN1C=C[N+](C)C1.CCS([O-])(=O)(=O)
[H][C@@](C)(CCCC(C)C)[C@@]1([H])CC[C@@]2([H])[C@]3([H])CC=C4C[C@H](CC[C@]4(C)[C@@]3([H])CC[C@]12C)OC(=O)CCCCC,CCN1C=C[N+](C)C1.CCS([O-])(=O)(=O)
[H][C@@](CC(C)=O)(C1C(=O)OC2=CC=CC=C2C1=O)C1=CC=CC=C1,CCN1C=C[N+](C)C1.CCS([O-])(=O)(=O)
[H][C@@]12CC[C@H](OC(=O)CCCC)[C@@]1(C)CC[C@]1([H])C3=C(CC[C@@]21[H])C=C(OC(=O)C1=CC=CC=C1)C=C3,CCN1C=C[N+](C)C1.CCS([O-])(=O)(=O)
CC(N(CCC(O)=O)C(=O)C1=CC=CC=C1)C(O)=O,CCN1C=C[N+](C)C1.CCS([O-])(=O)(=O)
NC(=O)\N=N\C1=CC=CC(=C1)C(N)=O,CCN1C=C[N+](C)C1.CCS([O-])(=O)(=O)
CC(=O)NC1=CC=CC=C1,CCN1C=C[N+](C)C1.CCS([O-])(=O)(=O)
CCN(C(=O)C1=C(O)C2=C(Cl)C=CC=C2N(C)C1=O)C1=CC=CC=C1,CCN1C=C[N+](C)C1.CCS([O-])(=O)(=O)
NC(=O)CN1CCCC1=O,CCN1C=C[N+](C)C1.CCS([O-])(=O)(=O)
CCCCCCCCCC(=O)N(C(=O)NC1=CC=C(C=C1)N(C)C)C1=CC=C(C=C1)N(C)C,CCN1C=C[N+](C)C1.CCS([O-])(=O)(=O)
OC(=O)C1=CC=C(C=O)C=C1,CCN1C=C[N+](C)C1.CCS([O-])(=O)(=O)
ClC1=CC=C(C=C1)S(=O)(=O)C1=CC=C(Cl)C=C1,CCN1C=C[N+](C)C1.CCS([O-])(=O)(=O)
NC1=C(NC2=CC=C(Cl)C=C2)C=C(Cl)C=C1,CCN1C=C[N+](C)C1.CCS([O-])(=O)(=O)
CC1(C)[C@@H](CC[C@@]1(C)C(N)=O)C(O)=O,CCN1C=C[N+](C)C1.CCS([O-])(=O)(=O)
OC1=CC=C(O)C2=C1C(=O)C1=CC=CC=C1C2=O,CCN1C=C[N+](C)C1.CCS([O-])(=O)(=O)
COC(=O)C1=NNN(C)C1=O,CCN1C=C[N+](C)C1.CCS([O-])(=O)(=O)
CC1=CC=CC(C)=C1C(O)=O,CCN1C=C[N+](C)C1.CCS([O-])(=O)(=O)
CN(C)C1=CC2=C(NC3=C(C(=C(N(C)N(=O)=O)C(=C3)N(=O)=O)N(=O)=O)S2(=O)=O)C=C1,CCN1C=C[N+](C)C1.CCS([O-])(=O)(=O)
NC1=C(NC2=CC=C(Cl)C=C2)C=CC(Cl)=C1,CCN1C=C[N+](C)C1.CCS([O-])(=O)(=O)
[H][C@](O)(CO)[C@@]([H])(O)[C@]([H])(O)CO,CCN1C=C[N+](C)C1.CCS([O-])(=O)(=O)
CC(C)CC1=CC=C(C=C1)C(C)C(O)=O,CCN1C=C[N+](C)C1.CCS([O-])(=O)(=O)
S1C(SC(SC1C1=CC=CC=C1)C1=CC=CC=C1)C1=CC=CC=C1,CCN1C=C[N+](C)C1.CCS([O-])(=O)(=O)
OC[C@H]1O[C@H]([C@H](O)[C@@H](O)[C@@H]1O)C1=C(O)C=CC2=C1OC=C(C2=O)C1=CC=C(O)C=C1,CCN1C=C[N+](C)C1.CCS([O-])(=O)(=O)
[H][C@@]12[C@@H](C)CC(=O)[C@]1([H])C(=CO[C@H]2O[C@@H]1O[C@H](CO)[C@@H](O)[C@H](O)[C@H]1O)C(=O)OC,CCN1C=C[N+](C)C1.CCS([O-])(=O)(=O)
OC(=O)C1=C(Br)C=CC=C1Br,CCN1C=C[N+](C)C1.CCS([O-])(=O)(=O)
O=C(OCC(COC(=O)C1=CC=C(C=C1)N(=O)=O)OC(=O)C1=CC=C(C=C1)N(=O)=O)C1=CC=CC=C1,CCN1C=C[N+](C)C1.CCS([O-])(=O)(=O)
NS(=O)(=O)C1=CC(=CC=C1)S(N)(=O)=O,CCN1C=C[N+](C)C1.CCS([O-])(=O)(=O)
[H][C@@](C)(CCCC(C)C)[C@@]1([H])CC[C@@]2([H])[C@]3([H])CC=C4C[C@H](CC[C@]4(C)[C@@]3([H])CC[C@]12C)OC(=O)CC(C)C,CCN1C=C[N+](C)C1.CCS([O-])(=O)(=O)
CCCSC1=CC=C2NC(NC(=O)OC)=NC2=C1,CCN1C=C[N+](C)C1.CCS([O-])(=O)(=O)
CCCCCCCC(O)CC(=O)N(C(=O)NC1=CC=C(C=C1)N(C)C)C1=CC=C(C=C1)N(C)C,CCN1C=C[N+](C)C1.CCS([O-])(=O)(=O)
CC1=COC2=C1C(=O)C(=O)C1=C3CCCC(C)(C)C3=CC=C21,CCN1C=C[N+](C)C1.CCS([O-])(=O)(=O)
CCCCCCCCC\C=C\C(=O)N(C(=O)NC1=CC=C(C=C1)N(C)C)C1=CC=C(C=C1)N(C)C,CCN1C=C[N+](C)C1.CCS([O-])(=O)(=O)
NC1=C(C=C(C=C1N(=O)=O)N(=O)=O)N(=O)=O,CCN1C=C[N+](C)C1.CCS([O-])(=O)(=O)
C1OC(OC1C1OC(OC1C1COC(O1)C1=CC=CC=C1)C1=CC=CC=C1)C1=CC=CC=C1,CCN1C=C[N+](C)C1.CCS([O-])(=O)(=O)
OOC1(C2=CC=CC=C2)C2=CC=CC=C2C(OO)(C2=CC=CC=C2)C2=C1C=CC=C2,CCN1C=C[N+](C)C1.CCS([O-])(=O)(=O)
CO\C=C(\C(=O)OC)C1=C(COC2=NC(=CC=C2)C(F)(F)F)C=CC=C1,CCN1C=C[N+](C)C1.CCS([O-])(=O)(=O)
CCN1C=C(C(O)=O)C(=O)C2=C1N=C(N1CCNCC1)C(F)=C2,CCN1C=C[N+](C)C1.CCS([O-])(=O)(=O)
CC[C@H]1C2=C(CC[C@@]1(C)C(=O)O[C@@H]1C[C@H](C)CC[C@H]1C(C)C)C1=C(C=C2)C=C(OC)C=C1,CCN1C=C[N+](C)C1.CCS([O-])(=O)(=O)
[H][C@](NC(C)=O)(C(C)C)C(O)=O,CCN1C=C[N+](C)C1.CCS([O-])(=O)(=O)
OC(=O)C1=CC=CC(O)=C1,CCN1C=C[N+](C)C1.CCS([O-])(=O)(=O)
OC(=O)C1=CC=CC=C1Cl,CCN1C=C[N+](C)C1.CCS([O-])(=O)(=O)
CCOCN1C(=O)C2=C(C=CC=C2)C1=O,CCN1C=C[N+](C)C1.CCS([O-])(=O)(=O)
OC1=CC(O)=C2C(=O)C(=COC2=C1)C1=CC(O)=C(O)C=C1,CCN1C=C[N+](C)C1.CCS([O-])(=O)(=O)
C\C=C\C(=O)N(C(=O)NC1=CC=C(C=C1)N(C)C)C1=CC=C(C=C1)N(C)C,CCN1C=C[N+](C)C1.CCS([O-])(=O)(=O)
CC1=CC=C2NC3=C(CCCC3=O)C2=C1,CCN1C=C[N+](C)C1.CCS([O-])(=O)(=O)
CC1(C)C2CCC1(C)C(=O)C2C(=O)C1=CC=CC=C1,CCN1C=C[N+](C)C1.CCS([O-])(=O)(=O)
O=C1O\C(=N\C2=C(C=CC=C2)N(=O)=O)C2=CC=CC=C12,CCN1C=C[N+](C)C1.CCS([O-])(=O)(=O)
CC(=O)OC1=CC=C(C=C1)C1=CC(=O)C2=C(OC(C)=O)C=C(OC(C)=O)C=C2O1,CCN1C=C[N+](C)C1.CCS([O-])(=O)(=O)
C1OC(OC1C1COC(O1)C1=CC=CC=C1)C1=CC=CC=C1,CCN1C=C[N+](C)C1.CCS([O-])(=O)(=O)
CCCCCCCC\C=C\C(=O)N(C(=O)NC1=CC=C(C=C1)N(C)C)C1=CC=C(C=C1)N(C)C,CCN1C=C[N+](C)C1.CCS([O-])(=O)(=O)
[H][C@](N)(CSCC#C)C(O)=O,CCN1C=C[N+](C)C1.CCS([O-])(=O)(=O)
OC1=C(C=CC=C1N(=O)=O)N(=O)=O,CCN1C=C[N+](C)C1.CCS([O-])(=O)(=O)
CCCCC(NC(C)=O)C(O)=O,CCN1C=C[N+](C)C1.CCS([O-])(=O)(=O)
NC1=NC(N)=NC(N)=N1,CCN1C=C[N+](C)C1.CCS([O-])(=O)(=O)
[H][C@](C)(CC)[C@@]([H])(NC(C)=O)C(O)=O,CCN1C=C[N+](C)C1.CCS([O-])(=O)(=O)
OC(=O)CNC(=O)C1=C(O)C=C(C=N1)C1=CC(Cl)=CC=C1,CCN1C=C[N+](C)C1.CCS([O-])(=O)(=O)
C1COCCOC2=C(OCCOCCOC3=C(OCCO1)C=CC=C3)C=CC=C2,CCN1C=C[N+](C)C1.CCS([O-])(=O)(=O)
Cl[C@H]1[C@H](Cl)[C@@H](Cl)[C@H](Cl)[C@@H](Cl)[C@@H]1Cl,CCN1C=C[N+](C)C1.CCS([O-])(=O)(=O)
NC1=NC(=O)N(C=C1)[C@@H]1CS[C@H](CO)O1,CCN1C=C[N+](C)C1.CCS([O-])(=O)(=O)
N=C(C#N)C(=N)C#N,CCN1C=C[N+](C)C1.CCS([O-])(=O)(=O)
[H][C@@]12COC3=C(C=C(OC)C(OC)=C3)[C@]1([H])C(=O)C1=C(O2)C2=C(O[C@H](C2)C(C)=C)C=C1,CCN1C=C[N+](C)C1.CCS([O-])(=O)(=O)
CCCCCC(=O)N(C(=O)NC1=CC=C(C=C1)N(C)C)C1=CC=C(C=C1)N(C)C,CCN1C=C[N+](C)C1.CCS([O-])(=O)(=O)
CN1CCN(CC2=CC(C)=CC=C2)CC(C1)NC(=O)C1=NNC2=C1C=CC=C2,CCN1C=C[N+](C)C1.CCS([O-])(=O)(=O)
ClCC1=CC=C(C=C1)N(=O)=O,CCN1C=C[N+](C)C1.CCS([O-])(=O)(=O)
OC(=O)CN(CCC#N)CCC#N,CCN1C=C[N+](C)C1.CCS([O-])(=O)(=O)
[H][C@@]12CC[C@@](C)([C@@H](O)[C@H]1NC(=O)[C@@H](O)C(C)(C)CO)C2(C)C,CCN1C=C[N+](C)C1.CCS([O-])(=O)(=O)
C[C@H]1OC(=O)C(C1=O)C(C)(C)C1=C(CC(C)=O)[C@@H](C)OC1=O,CCN1C=C[N+](C)C1.CCS([O-])(=O)(=O)
[H][C@](O)(C1=CC=NC2=C1C=CC=C2)[C@@]1([H])C[C@@H]2CC[N@]1C[C@@H]2C=C,CCN1C=C[N+](C)C1.CCS([O-])(=O)(=O)
O=C(N=N#N)C1=C(C=CC=C1)N(=O)=O,CCN1C=C[N+](C)C1.CCS([O-])(=O)(=O)
NC(=O)C1=CC=CC2=NC3=CC=CC=C3N=C12,CCN1C=C[N+](C)C1.CCS([O-])(=O)(=O)
COC(=O)CN1C(CC2=CC=CC=C2)C(=O)N(C1=O)C1=CC=CC=C1,CCN1C=C[N+](C)C1.CCS([O-])(=O)(=O)
CN(C)C(=S)SSC(=S)N(C)C,CCN1C=C[N+](C)C1.CCS([O-])(=O)(=O)
CCCCCCCCCCCC(=O)N(C(=O)NC1=CC=C(C=C1)N(C)C)C1=CC=C(C=C1)N(C)C,CCN1C=C[N+](C)C1.CCS([O-])(=O)(=O)
CC(N(CCC(O)=O)C(C)=O)C(O)=O,CCN1C=C[N+](C)C1.CCS([O-])(=O)(=O)
[H][C@@]12OC3=C4C(C[C@H]5N(C)CC[C@@]14[C@@]5([H])CC[C@@H]2OC(C)=O)=CC=C3OC,CCN1C=C[N+](C)C1.CCS([O-])(=O)(=O)
O=C1OC(=O)C2=CC=CC=C12,CCN1C=C[N+](C)C1.CCS([O-])(=O)(=O)
[H][C@@]12C[C@@]3([H])[C@]4([H])CCC5=CC(=O)CC[C@]5(C)[C@@]4([H])CC[C@]3(C)[C@@]1(O2)C(C)=O,CCN1C=C[N+](C)C1.CCS([O-])(=O)(=O)
CCCCCCCCCCCCCC(=O)CCCCCCCCC(O)=O,CCN1C=C[N+](C)C1.CCS([O-])(=O)(=O)
N#CSCCSC#N,CCN1C=C[N+](C)C1.CCS([O-])(=O)(=O)
NC1=C(NC2=CC=CC=C2)C=CC(Cl)=C1,CCN1C=C[N+](C)C1.CCS([O-])(=O)(=O)
CC(N(CCC#N)CCC#N)C(O)=O,CCN1C=C[N+](C)C1.CCS([O-])(=O)(=O)
CSC1=N[C@](C)(C(=O)N1NC1=CC=CC=C1)C1=CC=CC=C1,CCN1C=C[N+](C)C1.CCS([O-])(=O)(=O)
[H][C@@]1(C[C@@H]2CC[N@]1C[C@@H]2C=C)[C@@H](O)C1=CC=NC2=CC=C(OC)C=C12,CCN1C=C[N+](C)C1.CCS([O-])(=O)(=O)
CC(=O)OC[C@H]1O[C@@H](OC(C)=O)[C@H](OC(C)=O)[C@@H](OC(C)=O)[C@@H]1OC(C)=O,CCN1C=C[N+](C)C1.CCS([O-])(=O)(=O)
NC1=C(NC2=CC(Cl)=CC=C2)C=CC(Cl)=C1,CCN1C=C[N+](C)C1.CCS([O-])(=O)(=O)
CCCCCCCC(N)=O,CCN1C=C[N+](C)C1.CCS([O-])(=O)(=O)
OC1=C2C=CC=CC2=C(O)C(=C1)P1(=O)OC2=CC=CC=C2C2=CC=CC=C12,CCN1C=C[N+](C)C1.CCS([O-])(=O)(=O)
CN1C2C(N(C)C1=O)N(C)S(=O)(=O)N2C,CCN1C=C[N+](C)C1.CCS([O-])(=O)(=O)
O=C(N=N#N)C1=CC(=CC=C1)N(=O)=O,CCN1C=C[N+](C)C1.CCS([O-])(=O)(=O)
[H][C@](C)(\C=C\[C@@]([H])(C)[C@@]1([H])CC[C@@]2([H])\C(CCC[C@]12C)=C\C=C1\C[C@@H](O)CCC1=C)C(C)C,CCN1C=C[N+](C)C1.CCS([O-])(=O)(=O)
N#C\C(=N/NC1=CC=CC=C1)C#N,CCN1C=C[N+](C)C1.CCS([O-])(=O)(=O)
ClC1=NC(Cl)=NC(Cl)=N1,CCN1C=C[N+](C)C1.CCS([O-])(=O)(=O)
[H][C@@]12CC(C)(C)CC[C@@]1(CC[C@]1(C)C2=CC[C@]2([H])[C@@]3(C)CC[C@H](O)C(C)(C)[C@]3([H])CC[C@@]12C)C(O)=O,CCN1C=C[N+](C)C1.CCS([O-])(=O)(=O)
N#CSC=CSC#N,CCN1C=C[N+](C)C1.CCS([O-])(=O)(=O)
OC1=CC=C2C=CC=CC2=C1\N=N\C1=CC=CC=C1,CCN1C=C[N+](C)C1.CCS([O-])(=O)(=O)
NC(=O)C1=CC=C(C=C1)S(N)(=O)=O,CCN1C=C[N+](C)C1.CCS([O-])(=O)(=O)
C1=CC2=CC3=CC=CC=C3C=C2C=C1,CCN1C=C[N+](C)C1.CCS([O-])(=O)(=O)
CC(OCC(N)=O)C(N)=O,CCN1C=C[N+](C)C1.CCS([O-])(=O)(=O)
NC(=O)C1=CC(O)=CC=C1,CCN1C=C[N+](C)C1.CCS([O-])(=O)(=O)
CC(=O)OCC(COC(=O)C1=CC=C(C=C1)N(=O)=O)OC(=O)C1=CC=C(C=C1)N(=O)=O,CCN1C=C[N+](C)C1.CCS([O-])(=O)(=O)
COC1=C(C(=CC(=C1N(=O)=O)N(=O)=O)N(=O)=O)N(=O)=O,CCN1C=C[N+](C)C1.CCS([O-])(=O)(=O)
O=C(OCC(COC(=O)C1=CC=C(C=C1)N(=O)=O)OC(=O)C1=CC=CC=C1)C1=CC=C(C=C1)N(=O)=O,CCN1C=C[N+](C)C1.CCS([O-])(=O)(=O)
CO\C=C(\C(C)=O)C1=C(OC2=CC(OC3=C(C=CC=C3)C#N)=NC=N2)C=CC=C1,CCN1C=C[N+](C)C1.CCS([O-])(=O)(=O)
COCN1C(=O)C2=C(C=CC=C2)C1=O,CCN1C=C[N+](C)C1.CCS([O-])(=O)(=O)
CC1(C)[C@H](CC[C@@]1(C)C(O)=O)C(N)=O,CCN1C=C[N+](C)C1.CCS([O-])(=O)(=O)
CCC[C@H]1CC2=C(C[C@@H](CC)CC3=C1C(=O)OC3=O)C(=O)OC2=O,CCN1C=C[N+](C)C1.CCS([O-])(=O)(=O)
CCCC(=O)N(C(=O)NC1=CC=C(C=C1)N(C)C)C1=CC=C(C=C1)N(C)C,CCN1C=C[N+](C)C1.CCS([O-])(=O)(=O)
ClC1=CC=C(Cl)C=C1,CCN1C=C[N+](C)C1.CCS([O-])(=O)(=O)
O=C1OC(NC2=CC(=CC=C2)N(=O)=O)(NC2=CC(=CC=C2)N(=O)=O)C2=CC=CC=C12,CCN1C=C[N+](C)C1.CCS([O-])(=O)(=O)
CC1(C)COP(=O)(NCCNP2(=O)OCC(C)(C)CO2)OC1,CCN1C=C[N+](C)C1.CCS([O-])(=O)(=O)
IC(I)I,CCN1C=C[N+](C)C1.CCS([O-])(=O)(=O)
COC1=C(NC2=CC(C)=C(C=C2N(=O)=O)N(=O)=O)C=CC=C1,CCN1C=C[N+](C)C1.CCS([O-])(=O)(=O)
CO\N=C(\C(=O)OC)C1=C(CO\N=C(/C)C2=CC(=CC=C2)C(F)(F)F)C=CC=C1,CCN1C=C[N+](C)C1.CCS([O-])(=O)(=O)
C1C2CC3CC1CC(C2)C3,CCN1C=C[N+](C)C1.CCS([O-])(=O)(=O)
[H][C@@]12OC3=C(OC)C=CC4=C3[C@@]11CCN(C)[C@H](C4)[C@]1([H])C=C[C@@H]2O,CCN1C=C[N+](C)C1.CCS([O-])(=O)(=O)
CCCCCCC(=O)N(C(=O)NC1=CC=C(C=C1)N(C)C)C1=CC=C(C=C1)N(C)C,CCN1C=C[N+](C)C1.CCS([O-])(=O)(=O)
OC1=C(C=C(C=C1N(=O)=O)N(=O)=O)N(=O)=O,CCN1C=C[N+](C)C1.CCS([O-])(=O)(=O)
CC1(OC(=O)N(NC2=CC=CC=C2)C1=O)C1=CC=C(OC2=CC=CC=C2)C=C1,CCN1C=C[N+](C)C1.CCS([O-])(=O)(=O)
[H][C@@]12CCC(=O)[C@@]1(C)CCC1=C3C=CC(O)=CC3=CC=C21,CCN1C=C[N+](C)C1.CCS([O-])(=O)(=O)
O[C@@H]1CCCC[C@H]1O,CCN1C=C[N+](C)C1.CCS([O-])(=O)(=O)
CC1(C)[C@@H]2CC[C@@]1(C)C(=O)\C2=C(/O)C1=CC=CC=C1,CCN1C=C[N+](C)C1.CCS([O-])(=O)(=O)
O=C(N=N#N)C1=CC=CC=C1,CCN1C=C[N+](C)C1.CCS([O-])(=O)(=O)
CCCCCCCCCCCCCCCCCCCCCCCC,CCN1C=C[N+](C)C1.CCS([O-])(=O)(=O)
O=N(=O)C1=CC=C(C2=C1C=CC=C2N(=O)=O)N(=O)=O,CCN1C=C[N+](C)C1.CCS([O-])(=O)(=O)
[H][C@@]12C[C@@H](O)[C@H](O)[C@@]1(C)CC[C@]1([H])C3=C(CC[C@@]21[H])C=C(O)C=C3,CCN1C=C[N+](C)C1.CCS([O-])(=O)(=O)
CCCCC(=O)N(C(=O)NC1=CC=C(C=C1)N(C)C)C1=CC=C(C=C1)N(C)C,CCN1C=C[N+](C)C1.CCS([O-])(=O)(=O)
CNC(=O)C(=N#N)C(=O)OC,CCN1C=C[N+](C)C1.CCS([O-])(=O)(=O)
O=C1OC(=O)C2C3=C(C=CC=C3)C1C1=C2C=CC=C1,CCN1C=C[N+](C)C1.CCS([O-])(=O)(=O)
[H][C@@](C)(CCCC(C)C)[C@@]1([H])CC[C@@]2([H])[C@]3([H])CC=C4C[C@H](CC[C@]4(C)[C@@]3([H])CC[C@]12C)OC(=O)C(C)C,CCN1C=C[N+](C)C1.CCS([O-])(=O)(=O)
OC(=O)C1=CC=CN=C1,CCN1C=C[N+](C)C1.CCS([O-])(=O)(=O)
ClC1=CC=CC2=C1C=CC1=NC3=CC=CC=C3N(=O)=C21,CCN1C=C[N+](C)C1.CCS([O-])(=O)(=O)
OC1=CC=CC2=C1C(=O)C1=C(O)C=CC=C1C2=O,CCN1C=C[N+](C)C1.CCS([O-])(=O)(=O)
OC1=CC(O)=CC(O)=C1,CCN1C=C[N+](C)C1.CCS([O-])(=O)(=O)
CCCCOC(=O)C1=CC=C(O)C=C1,CCN1C=C[N+](C)C1.CCS([O-])(=O)(=O)
[H][C@@](CC1=CC=C(O)C=C1)(N(CCC#N)CCC#N)C(O)=O,CCN1C=C[N+](C)C1.CCS([O-])(=O)(=O)
CN(C)C1=CC=C(C=C1)N(=O)=O,CCN1C=C[N+](C)C1.CCS([O-])(=O)(=O)
COC1=CC(\C=C\CO)=CC(OC)=C1O[C@@H]1O[C@H](CO)[C@@H](O)[C@H](O)[C@H]1O,CCN1C=C[N+](C)C1.CCS([O-])(=O)(=O)
[H][C@]12C[C@@]3([H])C4=CCO[C@@]5([H])CC(=O)N6C7=C(C=CC=C7)[C@@]1(CCN2C4)[C@]6([H])[C@@]35[H],CCN1C=C[N+](C)C1.CCS([O-])(=O)(=O)
CC1=NC(NS(=O)(=O)C2=CC=C(N)C=C2)=NC=C1,CCN1C=C[N+](C)C1.CCS([O-])(=O)(=O)
CC(=O)NC1=CC=CC=C1C(O)=O,CCN1C=C[N+](C)C1.CCS([O-])(=O)(=O)
OC(=O)[C@H]1[C@H]([C@H]([C@@H]1C1=CC=CC=C1)C1=CC=CC=C1)C(O)=O,CCN1C=C[N+](C)C1.CCS([O-])(=O)(=O)
NC(=O)C1=CC=C(O)C=C1,CCN1C=C[N+](C)C1.CCS([O-])(=O)(=O)
NC1=C(NC2=CC=CC=C2)C=CC=C1Cl,CCN1C=C[N+](C)C1.CCS([O-])(=O)(=O)
CC(C)(O)[C@H]1CC[C@@](C)(O)CC1,CCN1C=C[N+](C)C1.CCS([O-])(=O)(=O)
[H][C@@]12OC3=C4C(C[C@H]5N(C)CC[C@@]14[C@@]5([H])CC[C@@H]2O)=CC=C3OC,CCN1C=C[N+](C)C1.CCS([O-])(=O)(=O)
OC1=CC(O)=C2C(=O)C(O)=C(OC2=C1)C1=CC=C(O)C(O)=C1,CCN1C=C[N+](C)C1.CCS([O-])(=O)(=O)
CCCCCCC\C=C\C(=O)N(C(=O)NC1=CC=C(C=C1)N(C)C)C1=CC=C(C=C1)N(C)C,CCN1C=C[N+](C)C1.CCS([O-])(=O)(=O)
[H][C@@](CCC(O)=O)(NC(C)=O)C(O)=O,CCN1C=C[N+](C)C1.CCS([O-])(=O)(=O)
CC(=O)NC1=CC=CC(=C1)C(O)=O,CCN1C=C[N+](C)C1.CCS([O-])(=O)(=O)
O=N(=O)C1=CC=C(NC2=CC=CC=C2)C(=C1)N(=O)=O,CCN1C=C[N+](C)C1.CCS([O-])(=O)(=O)
CNC(=O)C1=CC=CC=C1SC1=CC=C2C(NN=C2\C=C\C2=NC=CC=C2)=C1,CCN1C=C[N+](C)C1.CCS([O-])(=O)(=O)
CCCCCCCCC(O)CC(=O)N(C(=O)NC1=CC=C(C=C1)N(C)C)C1=CC=C(C=C1)N(C)C,CCN1C=C[N+](C)C1.CCS([O-])(=O)(=O)
O=N(=O)C1=CC=CC2=C1C=CC=C2,CCN1C=C[N+](C)C1.CCS([O-])(=O)(=O)
NC(=O)NCC1=CC=CC=C1,CCN1C=C[N+](C)C1.CCS([O-])(=O)(=O)
O[C@@H]1CCC[C@@H](O)C1,CCN1C=C[N+](C)C1.CCS([O-])(=O)(=O)
CC1=CC=C(C=C1N(=O)=O)N(=O)=O,CCN1C=C[N+](C)C1.CCS([O-])(=O)(=O)
ClC1=C(Cl)C2=C(Cl)C(Cl)=C(Cl)C(Cl)=C2C(Cl)=C1Cl,CCN1C=C[N+](C)C1.CCS([O-])(=O)(=O)
[H][C@@](C)(CCCC(C)C)[C@@]1([H])CC[C@@]2([H])[C@]3([H])CC=C4C[C@H](CC[C@]4(C)[C@@]3([H])CC[C@]12C)OC(=O)CCCC,CCN1C=C[N+](C)C1.CCS([O-])(=O)(=O)
O[C@@]1(C2=CC=CC=C2)C2=C(C=CC=C2)[C@@](O)(C2=CC=CC=C2)C2=C1C=CC=C2,CCN1C=C[N+](C)C1.CCS([O-])(=O)(=O)
CC1=CC=C(C=C1)C1=CC(=NN1C1=CC=C(C=C1)S(N)(=O)=O)C(F)(F)F,CCN1C=C[N+](C)C1.CCS([O-])(=O)(=O)
CC(=O)NC1=CC=C(O)C=C1,CCN1C=C[N+](C)C1.CCS([O-])(=O)(=O)
CC1(C)CC(\C=C\C2=CC=C(O)C=C2)=C/C(C1)=C(/C#N)C#N,CCN1C=C[N+](C)C1.CCS([O-])(=O)(=O)
OCCOC1=C2C=CC=CC2=C(OCCO)C(=C1)P1(=O)OC2=C(C=CC=C2)C2=C1C=CC=C2,CCN1C=C[N+](C)C1.CCS([O-])(=O)(=O)
CN(C(N)=O)C1=CC=CC=C1,CCN1C=C[N+](C)C1.CCS([O-])(=O)(=O)
CCCCCCCCCCCCCCCCCC(=O)OCCCCOP(O)(=O)OCCN,CCN1C=C[N+](C)C1.CCS([O-])(=O)(=O)
NC(=O)C1=CC=CC=C1O,CCN1C=C[N+](C)C1.CCS([O-])(=O)(=O)
Cl[C@H]1[C@H](Cl)[C@@H](Cl)C2=CC=CC=C2[C@@H]1Cl,CCN1C=C[N+](C)C1.CCS([O-])(=O)(=O)
CSCC12CSCC(C1)C(C)=CC2=O,CCN1C=C[N+](C)C1.CCS([O-])(=O)(=O)
CCCCCCC(O)CC(=O)N(C(=O)NC1=CC=C(C=C1)N(C)C)C1=CC=C(C=C1)N(C)C,CCN1C=C[N+](C)C1.CCS([O-])(=O)(=O)
CC(=O)N(C1CCCCC1)C1=CC=CC=C1,CCN1C=C[N+](C)C1.CCS([O-])(=O)(=O)
CC1=C(C=C(C=C1N(=O)=O)N(=O)=O)N(=O)=O,CCN1C=C[N+](C)C1.CCS([O-])(=O)(=O)
CCCCCCCCC(=O)N(C(=O)NC1=CC=C(C=C1)N(C)C)C1=CC=C(C=C1)N(C)C,CCN1C=C[N+](C)C1.CCS([O-])(=O)(=O)
OC1=CC(Br)=C(C=C1)N(=O)=O,CCN1C=C[N+](C)C1.CCS([O-])(=O)(=O)
CCCCCCCCCCCCCC(O)=O,CCN1C=C[N+](C)C1.CCS([O-])(=O)(=O)
OC(=O)C1=CC=C(Br)C=C1,CCN1C=C[N+](C)C1.CCS([O-])(=O)(=O)
[H][C@](O)(C(=O)NCCC(=O)NCCSC(=O)C1=CC=CC2=C1C=CC=C2)C(C)(C)CO,CCN1C=C[N+](C)C1.CCS([O-])(=O)(=O)
NC1=CC=C(C=C1)N(=O)=O,CCN1C=C[N+](C)C1.CCS([O-])(=O)(=O)
O=N(=O)C1=CC(=CC(=C1)N(=O)=O)N(=O)=O,CCN1C=C[N+](C)C1.CCS([O-])(=O)(=O)
CN(C)C1=CC=C(NC(=O)N(C=O)C2=CC=C(C=C2)N(C)C)C=C1,CCN1C=C[N+](C)C1.CCS([O-])(=O)(=O)
O=N(=O)C1=CC=C(OC2=C(C=C(C=C2N(=O)=O)N(=O)=O)N(=O)=O)C(=C1)N(=O)=O,CCN1C=C[N+](C)C1.CCS([O-])(=O)(=O)
OC1=CC=C(C=C1N(=O)=O)N(=O)=O,CCN1C=C[N+](C)C1.CCS([O-])(=O)(=O)
CCCCCCCCCC\C=C\C(=O)N(C(=O)NC1=CC=C(C=C1)N(C)C)C1=CC=C(C=C1)N(C)C,CCN1C=C[N+](C)C1.CCS([O-])(=O)(=O)
O=N(=O)C1=CC(=C(NC2=CC=C(C=C2N(=O)=O)N(=O)=O)C=C1)N(=O)=O,CCN1C=C[N+](C)C1.CCS([O-])(=O)(=O)
CCOC(=O)C1=C(C)NC(\C=C2/N=C(C)C(C(=O)OCC)=C/2C)=C1C,CCN1C=C[N+](C)C1.CCS([O-])(=O)(=O)
[H][C@](O)(C(=O)NCCC(=O)NCCSC(=O)C1=CC=CC=C1)C(C)(C)CO,CCN1C=C[N+](C)C1.CCS([O-])(=O)(=O)
N1C2=C(C=CC=C2)C2=C1C=CC=C2,CCN1C=C[N+](C)C1.CCS([O-])(=O)(=O)
CC1=CC(=CC(C)=C1)C(O)=O,CCN1C=C[N+](C)C1.CCS([O-])(=O)(=O)
C1COCCOC2=C(OCCOCCOCCOC3=C(OCCO1)C=CC=C3)C=CC=C2,CCN1C=C[N+](C)C1.CCS([O-])(=O)(=O)
[H][C@](O)(CO)[C@]([H])(O)CO,CCN1C=C[N+](C)C1.CCS([O-])(=O)(=O)
NC1=C(NC2=C(Cl)C=CC=C2)C=CC(Cl)=C1,CCN1C=C[N+](C)C1.CCS([O-])(=O)(=O)
NC1=CC=CC2=C1C(=O)N(C1CCC(=O)NC1=O)C2=O,CCN1C=C[N+](C)C1.CCS([O-])(=O)(=O)
[H][C@@]12CC[C@H](O)[C@@]1(C)CC[C@]1([H])C3=CC=C(OC(=O)C4=CC=CC=C4)C=C3CC[C@@]21[H],CCN1C=C[N+](C)C1.CCS([O-])(=O)(=O)
CCCCCCCCCC(O)CC(=O)N(C(=O)NC1=CC=C(C=C1)N(C)C)C1=CC=C(C=C1)N(C)C,CCN1C=C[N+](C)C1.CCS([O-])(=O)(=O)
O=C1C2=CC(=CC(=C2C2=C1C=C(C=C2)N(=O)=O)N(=O)=O)N(=O)=O,CCN1C=C[N+](C)C1.CCS([O-])(=O)(=O)
COC(=O)C1=C(O[C@@H]2O[C@H](CO[C@@H]3OC[C@@H](O)[C@H](O)[C@H]3O)[C@@H](O)[C@H](O)[C@H]2O)C=CC=C1,CCN1C=C[N+](C)C1.CCS([O-])(=O)(=O)
O[C@H]1CC[C@H](O)CC1,CCN1C=C[N+](C)C1.CCS([O-])(=O)(=O)
ONC(=O)CCCCCCNC(=O)C1=CN=C(N=C1)N(C1=CC=CC=C1)C1=CC=CC=C1Cl,CCN1C=C[N+](C)C1.CCS([O-])(=O)(=O)
CC(=O)CC(=O)N(C1=CC=CC=C1)C1=CC=CC=C1,CCN1C=C[N+](C)C1.CCS([O-])(=O)(=O)
CN(C)C1=CC=C(NC(=O)N(C(C)=O)C2=CC=C(C=C2)N(C)C)C=C1,CCN1C=C[N+](C)C1.CCS([O-])(=O)(=O)
OC(=O)C1=CC=CC(Br)=C1,CCN1C=C[N+](C)C1.CCS([O-])(=O)(=O)
[H][C@@]12CC[C@H](O)[C@@]1(C)CC[C@]1([H])C3=CC=C(O)C=C3CC[C@@]21[H],CCN1C=C[N+](C)C1.CCS([O-])(=O)(=O)
O=C1COCCO1,CCN1C=C[N+](C)C1.CCS([O-])(=O)(=O)
CCCS(=O)C1=CC=C2NC(NC(=O)OC)=NC2=C1,CCN1C=C[N+](C)C1.CCS([O-])(=O)(=O)
CC#CC(=O)N1CCC[C@H]1C1=NC(=C2N1C=CN=C2N)C1=CC=C(C=C1)C(=O)NC1=NC=CC=C1,CCN1C=C[N+](C)C1.CCS([O-])(=O)(=O)
OC1=C2N=CC=CC2=C(Cl)C=C1Cl,CCN1C=C[N+](C)C1.CCS([O-])(=O)(=O)
OC[C@H]1O[C@@H](OC2=CC3=C(C(=O)C(=CO3)C3=CC(O)=C(O)C=C3)C(O)=C2)[C@H](O)[C@@H](O)[C@@H]1O,CCN1C=C[N+](C)C1.CCS([O-])(=O)(=O)
ClC1=C2C(=O)C(Cl)(Cl)C(=O)C2=C(Cl)C(Cl)=C1Cl,CCN1C=C[N+](C)C1.CCS([O-])(=O)(=O)
O=C1OC(=O)C2=C1C=CC(=C2)C1=CC2=C(C=C1)C(=O)OC2=O,CCN1C=C[N+](C)C1.CCS([O-])(=O)(=O)
OC(=O)CC1=CC=CC=C1,CCN1C=C[N+](C)C1.CCS([O-])(=O)(=O)
OC(=O)CCCCC(O)=O,CCN1C=C[N+](C)C1.CCS([O-])(=O)(=O)
CC(=O)OC(COC(=O)C1=CC=C(C=C1)N(=O)=O)COC(=O)C1=CC=C(C=C1)N(=O)=O,CCN1C=C[N+](C)C1.CCS([O-])(=O)(=O)
NS(=O)(=O)C1=CC=C(C=C1)S(N)(=O)=O,CCN1C=C[N+](C)C1.CCS([O-])(=O)(=O)
OC(=O)C1=CC=CC=C1,CCN1C=C[N+](C)C1.CCS([O-])(=O)(=O)
NC1=CC=C(C(O)=O)C(O)=C1,CCN1C=C[N+](C)C1.CCS([O-])(=O)(=O)
CCCCCCCC(=O)N(C(=O)NC1=CC=C(C=C1)N(C)C)C1=CC=C(C=C1)N(C)C,CCN1C=C[N+](C)C1.CCS([O-])(=O)(=O)
O=C(C(=O)C1=CC=CC=C1)C1=CC=CC=C1,CCN1C=C[N+](C)C1.CCS([O-])(=O)(=O)
[H][C@](CC(C)C)(NC(C)=O)C(O)=O,CCN1C=C[N+](C)C1.CCS([O-])(=O)(=O)
OC(=O)C1=CC(O)=CC=C1O,CCN1C=C[N+](C)C1.CCS([O-])(=O)(=O)
CNC(=O)C(=N\OC)\C1=C(COC2=CC(C)=CC=C2C)C=CC=C1,CCN1C=C[N+](C)C1.CCS([O-])(=O)(=O)
CC(OC1=CC=CC2=CC=CC=C12)C(N)=O,CCN1C=C[N+](C)C1.CCS([O-])(=O)(=O)
C\C=C\CCCCCCCC(=O)N(C(=O)NC1=CC=C(C=C1)N(C)C)C1=CC=C(C=C1)N(C)C,CCN1C=C[N+](C)C1.CCS([O-])(=O)(=O)
ClCCN(CCCl)C1=CC2=CC=CC=C2C=C1,CCN1C=C[N+](C)C1.CCS([O-])(=O)(=O)
[H][C@@](C)(CCCC(C)C)[C@@]1([H])CC[C@@]2([H])[C@]3([H])CC=C4C[C@H](CC[C@]4(C)[C@@]3([H])CC[C@]12C)OC(=O)C(O)=O,CCN1C=C[N+](C)C1.CCS([O-])(=O)(=O)
CCCCCCCCCCCCCCCCCCCCCCC(O)=O,CCN1C=C[N+](C)C1.CCS([O-])(=O)(=O)
CN1C2C(N(C)C1=O)N(C)C(=O)N2C,CCN1C=C[N+](C)C1.CCS([O-])(=O)(=O)
NC1=C(C(=C(C(=C1N(=O)=O)N(=O)=O)N(=O)=O)N(=O)=O)N(=O)=O,CCN1C=C[N+](C)C1.CCS([O-])(=O)(=O)
CN(C)C1=CC=C(NC(=O)N(C(=O)\C=C(/C)C)C2=CC=C(C=C2)N(C)C)C=C1,CCN1C=C[N+](C)C1.CCS([O-])(=O)(=O)
[H][C@@]12C[C@@]3([H])[C@]4([H])CCC5=CC(=O)CC[C@]5(C)[C@@]4([H])[C@H](O)C[C@]3(C)[C@@]1(O2)C(C)=O,CCN1C=C[N+](C)C1.CCS([O-])(=O)(=O)
OC(=O)CC1=CC=C(O)C=C1,CCN1C=C[N+](C)C1.CCS([O-])(=O)(=O)
O=C(NC1=CC=CC2=CC=CC=C12)N(C1=CC=CC=C1)C1=CC=CC=C1,CCN1C=C[N+](C)C1.CCS([O-])(=O)(=O)
OC(=O)C1=CC=C(Cl)C=C1,CCN1C=C[N+](C)C1.CCS([O-])(=O)(=O)
OC(=O)C1=CC=CC=C1Br,CCN1C=C[N+](C)C1.CCS([O-])(=O)(=O)
[H][C@@](C)(CCCC(C)C)[C@@]1([H])CC[C@@]2([H])[C@]3([H])CC=C4C[C@H](CC[C@]4(C)[C@@]3([H])CC[C@]12C)OC(C)=O,CCN1C=C[N+](C)C1.CCS([O-])(=O)(=O)
[H][C@@](CCSC)(NC(C)=O)C(O)=O,CCN1C=C[N+](C)C1.CCS([O-])(=O)(=O)
OCCCCOC(=O)NCCCCCCNC(=O)OCCCCO,CCN1C=C[N+](C)C1.CCS([O-])(=O)(=O)
O=C(N=N#N)C1=C(C=C(C=C1N(=O)=O)N(=O)=O)N(=O)=O,CCN1C=C[N+](C)C1.CCS([O-])(=O)(=O)
[H][C@@](C)(CCCC(C)C)[C@@]1([H])CC[C@@]2([H])[C@]3([H])CC=C4C[C@H](CC[C@]4(C)[C@@]3([H])CC[C@]12C)OC=O,CCN1C=C[N+](C)C1.CCS([O-])(=O)(=O)
OC(=O)C1=CC=CC=C1O,CCN1C=C[N+](C)C1.CCS([O-])(=O)(=O)
OC1CCN2CC3=CC=CC=C3N=C12,CCN1C=C[N+](C)C1.CCS([O-])(=O)(=O)
[H][C@]12COC(=O)[C@]1([H])[C@H](C1=CC(OC)=C(OC)C(OC)=C1)C1=C(C=C3OCOC3=C1)[C@@H]2O,CCN1C=C[N+](C)C1.CCS([O-])(=O)(=O)
O[C@@H](CCC1=CCCC1=O)CC(O)=O,CCN1C=C[N+](C)C1.CCS([O-])(=O)(=O)
CCCCC1=NC2(CCCC2)C(=O)N1CC1=CC=C(C=C1)C1=CC=CC=C1C1=NN=NN1,CCN1C=C[N+](C)C1.CCS([O-])(=O)(=O)
CCCCCCCCCCCCC(=O)N(C(=O)NC1=CC=C(C=C1)N(C)C)C1=CC=C(C=C1)N(C)C,CCN1C=C[N+](C)C1.CCS([O-])(=O)(=O)
NC1=C(NC2=CC=CC=C2)C=C(Cl)C=C1,CCN1C=C[N+](C)C1.CCS([O-])(=O)(=O)
OCC1OC(OC2COC(OC12)C1=CC=CC=C1)C1=CC=CC=C1,CCN1C=C[N+](C)C1.CCS([O-])(=O)(=O)
CC1=C(C(C)=C(C(C)=C1N(=O)=O)N(=O)=O)N(=O)=O,CCN1C=C[N+](C)C1.CCS([O-])(=O)(=O)
ClC1=NC=C(CN2CCN=C2NN(=O)=O)C=C1,CCN1C=C[N+](C)C1.CCS([O-])(=O)(=O)
[H][C@@](C)(O)[C@@]1([H])CC[C@@]2([H])[C@]3([H])CC[C@]4([H])C[C@H](O)CC[C@]4(C)[C@@]3([H])CC[C@]12C,CCN1C=C[N+](C)C1.CCS([O-])(=O)(=O)
CC1=C(C(O)=C(C=C1N(=O)=O)N(=O)=O)N(=O)=O,CCN1C=C[N+](C)C1.CCS([O-])(=O)(=O)
[H][C@@]1(COC(O1)C1=CC=CC=C1)[C@]1([H])O[C@@H](O[C@]2([H])CO[C@@H](O[C@]12[H])C1=CC=CC=C1)C1=CC=CC=C1,CCN1C=C[N+](C)C1.CCS([O-])(=O)(=O)
OC1=C2C=CC=CC2=C(O)C(=C1)P1(=O)OC2=C(C=CC=C2CC2=CC=CC=C2)C2=C1C=CC=C2,CCN1C=C[N+](C)C1.CCS([O-])(=O)(=O)
OC1=C2N=CC=CC2=C(C=C1I)S(O)(=O)=O,CCN1C=C[N+](C)C1.CCS([O-])(=O)(=O)
CC1=CC=C(C)C(=C1N(=O)=O)N(=O)=O,CCN1C=C[N+](C)C1.CCS([O-])(=O)(=O)
OC(=O)C=CC1=CC=CO1,CCN1C=C[N+](C)C1.CCS([O-])(=O)(=O)
C1=CC=C2C(C=CC=C2C2=CC=CC3=CC=CC=C23)=C1,CCN1C=C[N+](C)C1.CCS([O-])(=O)(=O)
C1C2CC3C4CC5CC(C14)C(C2)C3C5,CCN1C=C[N+](C)C1.CCS([O-])(=O)(=O)
COC1=CC(\C=C\C(=O)C=C(O)\C=C\C2=CC=C(O)C(OC)=C2)=CC=C1O,CCN1C=C[N+](C)C1.CCS([O-])(=O)(=O)
CC1=CC(=C(C)C(=C1N(=O)=O)N(=O)=O)N(=O)=O,CCN1C=C[N+](C)C1.CCS([O-])(=O)(=O)
CO\N=C(\C(=O)OC)C1=CC=CC=C1COC1=C(C)C=CC=C1,CCN1C=C[N+](C)C1.CCS([O-])(=O)(=O)
CC1=CC=C(C=C1)N(=O)=O,CCN1C=C[N+](C)C1.CCS([O-])(=O)(=O)
CCOC1=C(C=C(C=C1)N(=O)=O)\C=N\NC(N)=O,CCN1C=C[N+](C)C1.CCS([O-])(=O)(=O)
OC1=CC=C(C=C1)C(=O)C1=C(O)C(O)=C(O)C=C1,CCN1C=C[N+](C)C1.CCS([O-])(=O)(=O)
C1=CC=C(C=C1)C1=CC=CC=C1,CCN1C=C[N+](C)C1.CCS([O-])(=O)(=O)
O=N(=O)C1=CC=CC2=C(C=CC=C12)N(=O)=O,CCN1C=C[N+](C)C1.CCS([O-])(=O)(=O)
OCP1(=O)OC2=C(C=CC=C2)C2=CC=CC=C12,CCN1C=C[N+](C)C1.CCS([O-])(=O)(=O)
COC1=CC=C(C=C1OC)C(=O)N1CCN(CC1)C1=CC2=C(NC(=O)CC2)C=C1,CCN1C=C[N+](C)C1.CCS([O-])(=O)(=O)
CC1=C(O)C(=CC(=C1)N(=O)=O)N(=O)=O,CCN1C=C[N+](C)C1.CCS([O-])(=O)(=O)
Cc1cc(O)c2C(=O)c3c(O)cc(O)c4C(=O)C(C)(C)c5cc(O)c1c2c5c34,CCN1C=C[N+](C)C1.CCS([O-])(=O)(=O)
O=C1CCCCCCCCCCCCCCCCCN1,CCN1C=C[N+](C)C1.CCS([O-])(=O)(=O)
Oc1c(Cl)cc(Cl)c(Cl)c1Cc2c(O)c(Cl)cc(Cl)c2Cl,CCN1C=C[N+](C)C1.CCS([O-])(=O)(=O)
CCCCCCC(N)=O,CCN1C=C[N+](C)C1.CCS([O-])(=O)(=O)
OC(=O)c1cccc(c1)[N+]([O-])=O,CCN1C=C[N+](C)C1.CCS([O-])(=O)(=O)
CN(c1c(cc(cc1[N+]([O-])=O)[N+]([O-])=O)[N+]([O-])=O)[N+]([O-])=O,CCN1C=C[N+](C)C1.CCS([O-])(=O)(=O)
CCCCCC(N)=O,CCN1C=C[N+](C)C1.CCS([O-])(=O)(=O)
Nc1ccc(cc1)C(O)=O,CCN1C=C[N+](C)C1.CCS([O-])(=O)(=O)
Cc1ccc(cc1)N(c2cccc(C)c2)c3cccc(C)c3,CCN1C=C[N+](C)C1.CCS([O-])(=O)(=O)
CCOc1c(cc(cc1[N+]([O-])=O)[N+]([O-])=O)[N+]([O-])=O,CCN1C=C[N+](C)C1.CCS([O-])(=O)(=O)
COc1cccc(C=NNc2ccc(cc2[N+]([O-])=O)[N+]([O-])=O)c1,CCN1C=C[N+](C)C1.CCS([O-])(=O)(=O)
CC12SC3(C)SC(C)(S1)SC(C)(S2)S3,CCN1C=C[N+](C)C1.CCS([O-])(=O)(=O)
[C@@H]45C3=NC1=C([C@H]2CC[C@@H]1C2(C)C)N=C3[C@@H](CC4)C5(C)C,CCN1C=C[N+](C)C1.CCS([O-])(=O)(=O)
C[C@@H]3CCCC(NC(=O)c1cccc2ccccc12)C3,CCN1C=C[N+](C)C1.CCS([O-])(=O)(=O)
Cc1ccccc1N=Nc2ccc(O)cc2,CCN1C=C[N+](C)C1.CCS([O-])(=O)(=O)
Clc1c(Cl)c(Cl)c2C(=O)OC(=O)c2c1Cl,CCN1C=C[N+](C)C1.CCS([O-])(=O)(=O)
N#C/C(c1ccccc1)=N(=O)/c2ccc(Cl)cc2,CCN1C=C[N+](C)C1.CCS([O-])(=O)(=O)
Cc1cc(O)ccc1N=Nc2ccccc2,CCN1C=C[N+](C)C1.CCS([O-])(=O)(=O)
c1cc2ccc3cccc4ccc(c1)c2c34,CCN1C=C[N+](C)C1.CCS([O-])(=O)(=O)
OC(=O)CCC(=O)NNC(=O)c1ccccc1,CCN1C=C[N+](C)C1.CCS([O-])(=O)(=O)
Cl[S](=O)(=O)c1cccc2c1cccc2[S](Cl)(=O)=O,CCN1C=C[N+](C)C1.CCS([O-])(=O)(=O)
O=C(OCOC(=O)c1ccccc1)c2ccccc2,CCN1C=C[N+](C)C1.CCS([O-])(=O)(=O)
OC(=O)CCCCCCCC(O)=O,CCN1C=C[N+](C)C1.CCS([O-])(=O)(=O)
[O-][N+](=O)c1cc2cccc(c2c(c1)[N+]([O-])=O)[N+]([O-])=O,CCN1C=C[N+](C)C1.CCS([O-])(=O)(=O)
c1ccc(cc1)/N=N/c2ccc(cc2)O,CCN1C=C[N+](C)C1.CCS([O-])(=O)(=O)
CCc1c(c2/cc/3\nc(/cc\4/c(c(/c(/[nH]4)c/c5n/c(c\c1[nH]2)/C(=C5C)CC)C)CC)C(=C3C)CC)C,CCN1C=C[N+](C)C1.CCS([O-])(=O)(=O)
CCOC(=O)c1cnn(C)c1[S](=O)(=O)NC(=O)Nc2nc(OC)cc(OC)n2,CCN1C=C[N+](C)C1.CCS([O-])(=O)(=O)
NC(=O)C(O)c1ccccc1Cl,CCN1C=C[N+](C)C1.CCS([O-])(=O)(=O)
N#Cc1c2ccccc2c(C#N)c3ccccc13,CCN1C=C[N+](C)C1.CCS([O-])(=O)(=O)
Cc1ccc(c(C)c1)C(O)=O,CCN1C=C[N+](C)C1.CCS([O-])(=O)(=O)
C(=CC=Cc1ccccc1)C=Cc2ccccc2,CCN1C=C[N+](C)C1.CCS([O-])(=O)(=O)
Oc1ccc(N=Nc2ccccc2)c(O)c1,CCN1C=C[N+](C)C1.CCS([O-])(=O)(=O)
CN1CC[C@]23[C@H]4Oc5c(O)ccc(C[C@@H]1[C@@H]2C=C[C@@H]4O)c35,CCN1C=C[N+](C)C1.CCS([O-])(=O)(=O)
Oc1ccc(cc1)[N+]([O-])=O,CCN1C=C[N+](C)C1.CCS([O-])(=O)(=O)
CC(C)CC(CC(C)C)(CC(C)C)C(=O)NO,CCN1C=C[N+](C)C1.CCS([O-])(=O)(=O)
OC(C(O)=O)c1ccc(Cl)cc1,CCN1C=C[N+](C)C1.CCS([O-])(=O)(=O)
CCC\C=C/C(N)=O,CCN1C=C[N+](C)C1.CCS([O-])(=O)(=O)
CCC\C=C\C(N)=O,CCN1C=C[N+](C)C1.CCS([O-])(=O)(=O)
ON=C1C(=O)C=Cc2ccccc12,CCN1C=C[N+](C)C1.CCS([O-])(=O)(=O)
O=C1c2ccccc2c3c4c1cccc4c5cccc6C(=O)c7ccccc7c3c56,CCN1C=C[N+](C)C1.CCS([O-])(=O)(=O)
CCCCCCC(C)=NNC(N)=O,CCN1C=C[N+](C)C1.CCS([O-])(=O)(=O)
OC(C#CC(O)(c1ccccc1)c2ccccc2)(c3ccccc3)c4ccccc4,CCN1C=C[N+](C)C1.CCS([O-])(=O)(=O)
C[C@H]1OC=C2C(=C(C(O)=O)C(=O)C(=C2[C@@H]1C)C)O,CCN1C=C[N+](C)C1.CCS([O-])(=O)(=O)
O=C(C(C(=O)c1ccccc1)C(=O)c2ccccc2)c3ccccc3,CCN1C=C[N+](C)C1.CCS([O-])(=O)(=O)
CCC1=CC(N=Nc2ccccc2O)(C(O)C=C1)c3ccccc3,CCN1C=C[N+](C)C1.CCS([O-])(=O)(=O)
CCCCCCCCC(O)C(O)CCCCCCCC,CCN1C=C[N+](C)C1.CCS([O-])(=O)(=O)
C1Cc2cccc3cccc1c23,CCN1C=C[N+](C)C1.CCS([O-])(=O)(=O)
O=C1NC(=O)C(N1)(c2ccccc2)c3ccccc3,CCN1C=C[N+](C)C1.CCS([O-])(=O)(=O)
[O-][N+](=O)c1ccc(Cl)cc1,CCN1C=C[N+](C)C1.CCS([O-])(=O)(=O)
CCOC(=O)C(=O)C(=O)OCC,CCN1C=C[N+](C)C1.CCS([O-])(=O)(=O)
CCC1(C(=O)NC(=O)NC1=O)c2ccccc2,CCN1C=C[N+](C)C1.CCS([O-])(=O)(=O)
CN(C(=O)C(=O)N(C)[N+]([O-])=O)[N+]([O-])=O,CCN1C=C[N+](C)C1.CCS([O-])(=O)(=O)
CCCc1ccc(O)cc1O,CCN1C=C[N+](C)C1.CCS([O-])(=O)(=O)
Cc5ccc(/N=C(Nc1ccc(C)cc1)/N(c2ccc(C)cc2)c4nc3cc(C)ccc3[nH]4)cc5,CCN1C=C[N+](C)C1.CCS([O-])(=O)(=O)
c1ccc(cc1)/N=N/c2ccccc2,CCN1C=C[N+](C)C1.CCS([O-])(=O)(=O)
CCCC(N)=O,CCN1C=C[N+](C)C1.CCS([O-])(=O)(=O)
CC(C)[C@@H](C)/C=C/[C@@H](C)[C@H]1CC[C@H]2C3=CC=C4C[C@@H](O)CC[C@]4(C)[C@H]3CC[C@]12C,CCN1C=C[N+](C)C1.CCS([O-])(=O)(=O)
O=C1c2cccc3cccc(c23)C1=C4C(=O)c5cccc6cccc4c56,CCN1C=C[N+](C)C1.CCS([O-])(=O)(=O)
Nc1ccccc1[N+]([O-])=O,CCN1C=C[N+](C)C1.CCS([O-])(=O)(=O)
CCCCC(CCC)=NNC(N)=O,CCN1C=C[N+](C)C1.CCS([O-])(=O)(=O)
COc1cc2OC[C@H]3Oc4c5C[C@@H](Oc5ccc4C(=O)[C@H]3c2cc1OC)C(C)C,CCN1C=C[N+](C)C1.CCS([O-])(=O)(=O)
c1ccc2cc3c(ccc4ccccc34)cc2c1,CCN1C=C[N+](C)C1.CCS([O-])(=O)(=O)
CC(=O)NC(Cc1c[nH]c2ccccc12)C(O)=O,CCN1C=C[N+](C)C1.CCS([O-])(=O)(=O)
c1ccc(cc1)/N=N/c2cc(cc(c2O)Cl)Cl,CCN1C=C[N+](C)C1.CCS([O-])(=O)(=O)
COc1cc(ccc1c2ccccc2)c3ccc(c(OC)c3)c4ccccc4,CCN1C=C[N+](C)C1.CCS([O-])(=O)(=O)
CCCCCCCCCCC(N)=O,CCN1C=C[N+](C)C1.CCS([O-])(=O)(=O)
COc1c(cc(cc1[N+]([O-])=O)[N+]([O-])=O)[N+]([O-])=O,CCN1C=C[N+](C)C1.CCS([O-])(=O)(=O)
BrC1C(OC(=O)C1=O)c2ccc(Br)cc2,CCN1C=C[N+](C)C1.CCS([O-])(=O)(=O)
Cc1ccc(O)cc1O,CCN1C=C[N+](C)C1.CCS([O-])(=O)(=O)
CCCC(=O)O[C@@]1(CC[C@H]2[C@@H]3CCC4=CC(=O)CC[C@]4(C)[C@H]3[C@@H](O)C[C@]12C)C(=O)COC(=O)CC,CCN1C=C[N+](C)C1.CCS([O-])(=O)(=O)
CCc1c(O)cc(C)cc1O,CCN1C=C[N+](C)C1.CCS([O-])(=O)(=O)
CCC1(CC)C(=O)NC(=O)NC1=O,CCN1C=C[N+](C)C1.CCS([O-])(=O)(=O)
c1ccc2c(c1)C(c3ccccc23)C4(C5c6ccccc6c7ccccc57)c8ccccc8c9ccccc49,CCN1C=C[N+](C)C1.CCS([O-])(=O)(=O)
CCCCCCCCCC(C(O)=O)C(O)=O,CCN1C=C[N+](C)C1.CCS([O-])(=O)(=O)
OC(=O)[C@@H](Br)[C@@H](Br)c1ccccc1,CCN1C=C[N+](C)C1.CCS([O-])(=O)(=O)
CC(=O)Nc1ccccc1,CCN1C=C[N+](C)C1.CCS([O-])(=O)(=O)
COc1cc2OC[C@H]3Oc4c(CC=C(C)C)c(O)ccc4C(=O)[C@H]3c2cc1OC,CCN1C=C[N+](C)C1.CCS([O-])(=O)(=O)
CCCCCCCCC(N)=O,CCN1C=C[N+](C)C1.CCS([O-])(=O)(=O)
Oc1cccc(O)c1,CCN1C=C[N+](C)C1.CCS([O-])(=O)(=O)
Cc1ccc3c(c1)nc(Nc2ccccc2)n3/C(=N\c4ccccc4)Nc5ccccc5,CCN1C=C[N+](C)C1.CCS([O-])(=O)(=O)
CC1OC(C)OC(C)OC(C)O1,CCN1C=C[N+](C)C1.CCS([O-])(=O)(=O)
[O-][N+](=O)c1ccc(Cc2ccc(cc2)[N+]([O-])=O)cc1,CCN1C=C[N+](C)C1.CCS([O-])(=O)(=O)
CCC1(NC(=O)N(C)C1=O)c2ccccc2,CCN1C=C[N+](C)C1.CCS([O-])(=O)(=O)
c1(ccccc1)C(C#N)=N(=O)c2ccc(C)cc2,CCN1C=C[N+](C)C1.CCS([O-])(=O)(=O)
CCCCC\C=C/C(N)=O,CCN1C=C[N+](C)C1.CCS([O-])(=O)(=O)
CCCCC/C=C/C(N)=O,CCN1C=C[N+](C)C1.CCS([O-])(=O)(=O)
CN1CC[C@]23[C@H]4Oc5c(OC(C)=O)ccc(C[C@@H]1[C@@H]2C=C[C@@H]4OC(C)=O)c35,CCN1C=C[N+](C)C1.CCS([O-])(=O)(=O)
CC(=O)c1cccc(c1)N=Nc2cc(C)c(O)cc2C,CCN1C=C[N+](C)C1.CCS([O-])(=O)(=O)
CCOC(=O)C(=NNc1c(Br)cc(Br)cc1Br)C#N,CCN1C=C[N+](C)C1.CCS([O-])(=O)(=O)
CCc1cc(O)c(C)cc1N=Nc2cccc(c2)C(C)=O,CCN1C=C[N+](C)C1.CCS([O-])(=O)(=O)
CCCCCCCCC(CC)(CC)C(=O)NO,CCN1C=C[N+](C)C1.CCS([O-])(=O)(=O)
OC(=O)C1c2ccccc2Cc3ccccc13,CCN1C=C[N+](C)C1.CCS([O-])(=O)(=O)
Cc1cccc(C)c1C(O)=O,CCN1C=C[N+](C)C1.CCS([O-])(=O)(=O)
CCCCCCCCCCC(C(O)=O)C(O)=O,CCN1C=C[N+](C)C1.CCS([O-])(=O)(=O)
CCc1cc(O)ccc1N=Nc2cccc(c2)C(C)=O,CCN1C=C[N+](C)C1.CCS([O-])(=O)(=O)
CCC(CC)(Cc1ccc(C)cc1)C(=O)NO,CCN1C=C[N+](C)C1.CCS([O-])(=O)(=O)
S1C(SC(SC1c2ccccc2)c3ccccc3)c4ccccc4,CCN1C=C[N+](C)C1.CCS([O-])(=O)(=O)
[O-][N+](=O)c1cc(c(Cl)c(c1)[N+]([O-])=O)[N+]([O-])=O,CCN1C=C[N+](C)C1.CCS([O-])(=O)(=O)
CCCCCCC/C=C/C(N)=O,CCN1C=C[N+](C)C1.CCS([O-])(=O)(=O)
CCCCCCCC=CC(N)=O,CCN1C=C[N+](C)C1.CCS([O-])(=O)(=O)
OC(=O)c1c(Br)cccc1Br,CCN1C=C[N+](C)C1.CCS([O-])(=O)(=O)
[O-][N+](=O)c1ccc(NN=Cc2cccc(Br)c2)c(c1)[N+]([O-])=O,CCN1C=C[N+](C)C1.CCS([O-])(=O)(=O)
O=[S](Cc1ccccc1)Cc2ccccc2,CCN1C=C[N+](C)C1.CCS([O-])(=O)(=O)
CCCC(CCC)(c1ccccc1)C(=O)NO,CCN1C=C[N+](C)C1.CCS([O-])(=O)(=O)
O=C1c2ccccc2c3cccc4cccc1c34,CCN1C=C[N+](C)C1.CCS([O-])(=O)(=O)
Cc1ccc(NC(=Nc2ccc(C)cc2)n3c(Nc4ccc(C)cc4)nc5cc(C)ccc35)cc1,CCN1C=C[N+](C)C1.CCS([O-])(=O)(=O)
Cl[S](=O)(=O)c1cc2c(cccc2[S](Cl)(=O)=O)c(c1)[S](Cl)(=O)=O,CCN1C=C[N+](C)C1.CCS([O-])(=O)(=O)
Nc1c(cc(cc1[N+]([O-])=O)[N+]([O-])=O)[N+]([O-])=O,CCN1C=C[N+](C)C1.CCS([O-])(=O)(=O)
OOC1(c2ccccc2)c3ccccc3C(OO)(c4ccccc4)c5ccccc15,CCN1C=C[N+](C)C1.CCS([O-])(=O)(=O)
Cc1ccc(cc1)C(=O)N(O)c2ccc(Cl)cc2,CCN1C=C[N+](C)C1.CCS([O-])(=O)(=O)
Oc1ccc(cc1)N=Nc2ccccc2[N+]([O-])=O,CCN1C=C[N+](C)C1.CCS([O-])(=O)(=O)
COC(=O)c1ccc(cc1)C=NNc2ccc(cc2[N+]([O-])=O)[N+]([O-])=O,CCN1C=C[N+](C)C1.CCS([O-])(=O)(=O)
CC(C)(C)c1ccc(O)c(c1)N=Nc2ccccc2,CCN1C=C[N+](C)C1.CCS([O-])(=O)(=O)
O[C@H]([C@@H](O)c1ccccc1)c2ccccc2,CCN1C=C[N+](C)C1.CCS([O-])(=O)(=O)
Cc1ccc2C(=O)c3ccccc3c4c2c1c5c(C)ccc6C(=O)c7ccccc7c4c56,CCN1C=C[N+](C)C1.CCS([O-])(=O)(=O)
OC(=O)c1cccc(O)c1,CCN1C=C[N+](C)C1.CCS([O-])(=O)(=O)
N[C@@H](CO)c1ccccc1,CCN1C=C[N+](C)C1.CCS([O-])(=O)(=O)
OC(=O)c1ccccc1Cl,CCN1C=C[N+](C)C1.CCS([O-])(=O)(=O)
Cc1ccc(O)c(c1)C(C)(C)C,CCN1C=C[N+](C)C1.CCS([O-])(=O)(=O)
Cl[S](=O)(=O)c1ccc2cc(cc(c2c1)[S](Cl)(=O)=O)[S](Cl)(=O)=O,CCN1C=C[N+](C)C1.CCS([O-])(=O)(=O)
CCOCN1C(=O)c2ccccc2C1=O,CCN1C=C[N+](C)C1.CCS([O-])(=O)(=O)
C[C@H](O)[C@H](NC(=O)c1ccccc1)C(O)=O,CCN1C=C[N+](C)C1.CCS([O-])(=O)(=O)
CCCCC(N)=O,CCN1C=C[N+](C)C1.CCS([O-])(=O)(=O)
Oc1ccccc1[N+]([O-])=O,CCN1C=C[N+](C)C1.CCS([O-])(=O)(=O)
CC1(C)C2CCC1(C)C(=O)C2C(=O)c3ccccc3,CCN1C=C[N+](C)C1.CCS([O-])(=O)(=O)
OC(=O)CC1OC(OC1=O)C(Cl)(Cl)Cl,CCN1C=C[N+](C)C1.CCS([O-])(=O)(=O)
OC(C(O)=O)c1ccccc1,CCN1C=C[N+](C)C1.CCS([O-])(=O)(=O)
O=C1CCCCCN1,CCN1C=C[N+](C)C1.CCS([O-])(=O)(=O)
CCc1c(Cl)c(Cl)c(Cl)c(Cl)c1Cl,CCN1C=C[N+](C)C1.CCS([O-])(=O)(=O)
ClC(c1ccccc1)(c2ccccc2)c3ccccc3,CCN1C=C[N+](C)C1.CCS([O-])(=O)(=O)
Oc1c(cccc1[N+]([O-])=O)[N+]([O-])=O,CCN1C=C[N+](C)C1.CCS([O-])(=O)(=O)
Cc1ccc(Nc2[nH]c3ccc(C)cc3n2)cc1,CCN1C=C[N+](C)C1.CCS([O-])(=O)(=O)
Nc1ccc2c(Cc3cc(Cl)ccc23)c1,CCN1C=C[N+](C)C1.CCS([O-])(=O)(=O)
c1ccc(cc1)\C=C\C=C\c2ccccc2,CCN1C=C[N+](C)C1.CCS([O-])(=O)(=O)
[O-][N+](=O)c1cc(c(\C=C\c2ccccc2)c(c1)[N+]([O-])=O)[N+]([O-])=O,CCN1C=C[N+](C)C1.CCS([O-])(=O)(=O)
O=C1CCCCCCCCCCCN1,CCN1C=C[N+](C)C1.CCS([O-])(=O)(=O)
Cl[C@@H]1[C@@H](Cl)[C@H](Cl)[C@@H](Cl)[C@H](Cl)[C@H]1Cl,CCN1C=C[N+](C)C1.CCS([O-])(=O)(=O)
c1ccc(cc1)C(c2ccccc2)=C(c3ccccc3)c4ccccc4,CCN1C=C[N+](C)C1.CCS([O-])(=O)(=O)
O=N(=O)/C(N(=O)=O)=S/1CCCC1,CCN1C=C[N+](C)C1.CCS([O-])(=O)(=O)
Cc1c2ccccc2c(C)c3ccccc13,CCN1C=C[N+](C)C1.CCS([O-])(=O)(=O)
c1ccc2C3C4c5ccccc5C(C(c2c1)c6ccccc36)c7ccccc47,CCN1C=C[N+](C)C1.CCS([O-])(=O)(=O)
COc1cc2OC[C@H]3Oc4c5C[C@@H](Oc5ccc4C(=O)[C@H]3c2cc1OC)C(C)=C,CCN1C=C[N+](C)C1.CCS([O-])(=O)(=O)
CCCC(=CC(O)=O)c1ccccc1,CCN1C=C[N+](C)C1.CCS([O-])(=O)(=O)
CCc1cc(O)ccc1N=Nc2ccc(cc2)C(C)=O,CCN1C=C[N+](C)C1.CCS([O-])(=O)(=O)
C[C@]12CCC(=O)C=C1CC[C@H]3[C@@H]4CC[C@](O)(C(=O)CO)[C@@]4(C)C[C@H](O)[C@H]23,CCN1C=C[N+](C)C1.CCS([O-])(=O)(=O)
O=c5c1ccccc1c6c2ccccc2c7c(=O)c3ccccc3c8c4ccccc4c5c6c78,CCN1C=C[N+](C)C1.CCS([O-])(=O)(=O)
COc1ccc2[C@H](OC(=O)c2c1OC)[C@@H]3N(C)CCc4cc5OCOc5cc34,CCN1C=C[N+](C)C1.CCS([O-])(=O)(=O)
CCOC(=O)C(=NNc1ccccc1OC)C#N,CCN1C=C[N+](C)C1.CCS([O-])(=O)(=O)
O=C1CCCCCCCCN1,CCN1C=C[N+](C)C1.CCS([O-])(=O)(=O)
C\C=C(\C)C(N)=O,CCN1C=C[N+](C)C1.CCS([O-])(=O)(=O)
C\C=C(/C)C(N)=O,CCN1C=C[N+](C)C1.CCS([O-])(=O)(=O)
[O-][N+](=O)c1ccc(CCl)cc1,CCN1C=C[N+](C)C1.CCS([O-])(=O)(=O)
O[C@@H]([C@@H]1C[C@@H]2CCN1C[C@@H]2C=C)c3ccnc4ccccc34,CCN1C=C[N+](C)C1.CCS([O-])(=O)(=O)
BrC(SC#N)C(Br)SC#N,CCN1C=C[N+](C)C1.CCS([O-])(=O)(=O)
[O-][N+](=O)c1ccccc1C(=O)N=[N+]=[N-],CCN1C=C[N+](C)C1.CCS([O-])(=O)(=O)
[O-][N+](=O)c1ccccc1\C=C\C(=O)c2ccccc2,CCN1C=C[N+](C)C1.CCS([O-])(=O)(=O)
CN(C)C(=S)SSC(=S)N(C)C,CCN1C=C[N+](C)C1.CCS([O-])(=O)(=O)
Cc1ccc(cc1)N(c2ccc(C)cc2)c3cccc(C)c3,CCN1C=C[N+](C)C1.CCS([O-])(=O)(=O)
O=C1CCC(=O)N1,CCN1C=C[N+](C)C1.CCS([O-])(=O)(=O)
CCCCCC(C(O)=O)C(O)=O,CCN1C=C[N+](C)C1.CCS([O-])(=O)(=O)
NC(=O)C(O)c1ccc(Cl)cc1,CCN1C=C[N+](C)C1.CCS([O-])(=O)(=O)
ClC(Cl)(Cl)SN1C(=O)[C@H]2CC=CC[C@H]2C1=O,CCN1C=C[N+](C)C1.CCS([O-])(=O)(=O)
COc1ccc2C[C@@H]3[C@@H]4CC[C@H](OC(C)=O)[C@@H]5Oc1c2[C@]45CCN3C,CCN1C=C[N+](C)C1.CCS([O-])(=O)(=O)
N#CSCCSC#N,CCN1C=C[N+](C)C1.CCS([O-])(=O)(=O)
CCCC(CCC)(C(=O)NO)C1CCCCC1,CCN1C=C[N+](C)C1.CCS([O-])(=O)(=O)
COc1ccc2nccc([C@H](O)[C@H]3C[C@@H]4CCN3C[C@@H]4C=C)c2c1,CCN1C=C[N+](C)C1.CCS([O-])(=O)(=O)
CC(=O)OC[C@H]1O[C@@H](OC(C)=O)[C@H](OC(C)=O)[C@@H](OC(C)=O)[C@@H]1OC(C)=O,CCN1C=C[N+](C)C1.CCS([O-])(=O)(=O)
Cc1cccc(c1)N=Nc2ccc(O)cc2,CCN1C=C[N+](C)C1.CCS([O-])(=O)(=O)
CC1(C(=O)NC(=O)NC1=O)c2ccccc2,CCN1C=C[N+](C)C1.CCS([O-])(=O)(=O)
CCCCCCCC(N)=O,CCN1C=C[N+](C)C1.CCS([O-])(=O)(=O)
Cc1cccc(n1)C(O)=O,CCN1C=C[N+](C)C1.CCS([O-])(=O)(=O)
OC(=O)c1cccc(Cl)c1,CCN1C=C[N+](C)C1.CCS([O-])(=O)(=O)
Oc1ccc(Cc2ccccc2O)cc1,CCN1C=C[N+](C)C1.CCS([O-])(=O)(=O)
OC(=O)CCCC(=O)NNC(=O)c1ccccc1,CCN1C=C[N+](C)C1.CCS([O-])(=O)(=O)
OC(=O)CCCCCCCCCC(O)=O,CCN1C=C[N+](C)C1.CCS([O-])(=O)(=O)
OC(c1ccccc1)(c2ccccc2)c3ccccc3,CCN1C=C[N+](C)C1.CCS([O-])(=O)(=O)
CCOC(=O)c1ccc(C)cc1NC(C)=O,CCN1C=C[N+](C)C1.CCS([O-])(=O)(=O)
ClCc1c(Br)cc(Br)cc1Br,CCN1C=C[N+](C)C1.CCS([O-])(=O)(=O)
[O-][N+](=O)c1cccc(c1)C(=O)N=[N+]=[N-],CCN1C=C[N+](C)C1.CCS([O-])(=O)(=O)
Oc1cccc2cccnc12,CCN1C=C[N+](C)C1.CCS([O-])(=O)(=O)
CCCCC(C(O)=O)C(O)=O,CCN1C=C[N+](C)C1.CCS([O-])(=O)(=O)
N#CC(=NNc1ccccc1)C#N,CCN1C=C[N+](C)C1.CCS([O-])(=O)(=O)
Clc1nc(Cl)nc(Cl)n1,CCN1C=C[N+](C)C1.CCS([O-])(=O)(=O)
Oc1ccc(cc1)C=C2CCCC(=Cc3ccc(O)cc3)C2=O,CCN1C=C[N+](C)C1.CCS([O-])(=O)(=O)
COc1cc2OC[C@H]3Oc4c(CCC(C)C)c(O)ccc4C(=O)[C@H]3c2cc1OC,CCN1C=C[N+](C)C1.CCS([O-])(=O)(=O)
N#CSC=CSC#N,CCN1C=C[N+](C)C1.CCS([O-])(=O)(=O)
Oc1ccc(cc1)N=Nc2ccc(Cl)cc2,CCN1C=C[N+](C)C1.CCS([O-])(=O)(=O)
Oc1ccccc1Cc2ccccc2O,CCN1C=C[N+](C)C1.CCS([O-])(=O)(=O)
O=C\1C=Cc2ccccc2C1=N/Nc3ccccc3,CCN1C=C[N+](C)C1.CCS([O-])(=O)(=O)
OC(=O)c1ccc(Cl)cc1Nc2ccccc2,CCN1C=C[N+](C)C1.CCS([O-])(=O)(=O)
CCCC/C=C/C(N)=O,CCN1C=C[N+](C)C1.CCS([O-])(=O)(=O)
CCCC\C=C/C(N)=O,CCN1C=C[N+](C)C1.CCS([O-])(=O)(=O)
c1ccc2cc3ccccc3cc2c1,CCN1C=C[N+](C)C1.CCS([O-])(=O)(=O)
Clc1ccc(cc1)C(=O)OC(=O)c2ccc(Cl)cc2,CCN1C=C[N+](C)C1.CCS([O-])(=O)(=O)
CC\C=C/C(N)=O,CCN1C=C[N+](C)C1.CCS([O-])(=O)(=O)
CC\C=C\C(N)=O,CCN1C=C[N+](C)C1.CCS([O-])(=O)(=O)
O=C(C=[P](c1ccccc1)(c2ccccc2)c3ccccc3)c4ccccc4,CCN1C=C[N+](C)C1.CCS([O-])(=O)(=O)
Cc1cc(C)c(O)c(c1)N=Nc2ccc(cc2)C(C)=O,CCN1C=C[N+](C)C1.CCS([O-])(=O)(=O)
COc1c(c(cc(c1[N+]([O-])=O)[N+]([O-])=O)[N+]([O-])=O)[N+]([O-])=O,CCN1C=C[N+](C)C1.CCS([O-])(=O)(=O)
O=C1CCCCCCCCCCCCCCN1,CCN1C=C[N+](C)C1.CCS([O-])(=O)(=O)
Cc1ccc(O)c(c1)N=Nc2ccccc2,CCN1C=C[N+](C)C1.CCS([O-])(=O)(=O)
COC1=CC(=O)C(=C2OC(=CC=C12)c3ccccc3)C,CCN1C=C[N+](C)C1.CCS([O-])(=O)(=O)
C(=CC=CC=Cc1ccccc1)C=CC=Cc2ccccc2,CCN1C=C[N+](C)C1.CCS([O-])(=O)(=O)
COCN1C(=O)c2ccccc2C1=O,CCN1C=C[N+](C)C1.CCS([O-])(=O)(=O)
CCC[C@H]1CC2=C(C[C@@H](CC)CC3=C1C(=O)OC3=O)C(=O)OC2=O,CCN1C=C[N+](C)C1.CCS([O-])(=O)(=O)
Oc1ccc(cc1)N=Nc2ccc(cc2)[N+]([O-])=O,CCN1C=C[N+](C)C1.CCS([O-])(=O)(=O)
CC(=O)c1cccc(c1)N=Nc2cc(ccc2O)c3ccccc3,CCN1C=C[N+](C)C1.CCS([O-])(=O)(=O)
CCC(C)(C)c1ccc(O)c(c1)N=Nc2ccc(cc2)C(C)=O,CCN1C=C[N+](C)C1.CCS([O-])(=O)(=O)
BrC(c1ccccc1)(c2ccccc2)c3ccccc3,CCN1C=C[N+](C)C1.CCS([O-])(=O)(=O)
COc1cc(c(c(c1OC)[N+]([O-])=O)[N+]([O-])=O)[N+]([O-])=O,CCN1C=C[N+](C)C1.CCS([O-])(=O)(=O)
Oc1ccc(cc1)N=Nc2cccc(Cl)c2,CCN1C=C[N+](C)C1.CCS([O-])(=O)(=O)
OC1(N(CCBr)C(=O)c2ccccc12)c3ccccc3,CCN1C=C[N+](C)C1.CCS([O-])(=O)(=O)
NC(=O)C(O)c1cccc(Cl)c1,CCN1C=C[N+](C)C1.CCS([O-])(=O)(=O)
O=C1CCCCCCCCCCCCN1,CCN1C=C[N+](C)C1.CCS([O-])(=O)(=O)
OC(=O)CC(O)=O,CCN1C=C[N+](C)C1.CCS([O-])(=O)(=O)
CC2(C)COP(=O)(NCCNP1(=O)OCC(C)(C)CO1)OC2,CCN1C=C[N+](C)C1.CCS([O-])(=O)(=O)
O/N=C(/c1ccccc1)C(=O)c2ccccc2,CCN1C=C[N+](C)C1.CCS([O-])(=O)(=O)
CCCCCCCCCCC(C)(C)C(=O)NO,CCN1C=C[N+](C)C1.CCS([O-])(=O)(=O)
c1ccc2C#CC#Cc3ccccc3C#CC#Cc2c1,CCN1C=C[N+](C)C1.CCS([O-])(=O)(=O)
O=C(OCC(C)C)[C@@H](O)[C@H](O)C(=O)OCC(C)C,CCN1C=C[N+](C)C1.CCS([O-])(=O)(=O)
O=C(c1ccccc1)c2cccc3c(cccc23)C(=O)c4ccccc4,CCN1C=C[N+](C)C1.CCS([O-])(=O)(=O)
CCCCC(CC)CC(CC)(CC)C(=O)NO,CCN1C=C[N+](C)C1.CCS([O-])(=O)(=O)
CCOC(=O)C(=NNc1cccc(Br)c1)C#N,CCN1C=C[N+](C)C1.CCS([O-])(=O)(=O)
C1C2CC3CC1CC(C2)C3,CCN1C=C[N+](C)C1.CCS([O-])(=O)(=O)
COc1ccc2C[C@@H]3[C@@H]4C=C[C@H](O)[C@@H]5Oc1c2[C@]45CCN3C,CCN1C=C[N+](C)C1.CCS([O-])(=O)(=O)
CCCCCC(CC)=NNC(N)=O,CCN1C=C[N+](C)C1.CCS([O-])(=O)(=O)
Oc1c(cc(cc1[N+]([O-])=O)[N+]([O-])=O)[N+]([O-])=O,CCN1C=C[N+](C)C1.CCS([O-])(=O)(=O)
Cl[P](Cl)(Cl)=N[S](=O)(=O)c1ccc2ccccc2c1,CCN1C=C[N+](C)C1.CCS([O-])(=O)(=O)
C[C@]12CCc3c(ccc4cc(O)ccc34)[C@@H]1CCC2=O,CCN1C=C[N+](C)C1.CCS([O-])(=O)(=O)
O=C1CCCc2c1[nH]c3ccccc23,CCN1C=C[N+](C)C1.CCS([O-])(=O)(=O)
Cl[P]1(=N[P](=N[P](=N[P](=N1)(Cl)Cl)(Cl)Cl)(Cl)Cl)Cl,CCN1C=C[N+](C)C1.CCS([O-])(=O)(=O)
c1ccc(cc1)C(c2ccccc2)(c3ccccc3)c4ccccc4,CCN1C=C[N+](C)C1.CCS([O-])(=O)(=O)
C\C(=C/C(O)=O)c1ccccc1,CCN1C=C[N+](C)C1.CCS([O-])(=O)(=O)
C\C(=C\C(O)=O)c1ccccc1,CCN1C=C[N+](C)C1.CCS([O-])(=O)(=O)
CC1(C)C2CC[C@@]1(C)C(=O)\C2=C(/O)c3ccccc3,CCN1C=C[N+](C)C1.CCS([O-])(=O)(=O)
c1ccc(cc1)\C=C\c2ccccc2,CCN1C=C[N+](C)C1.CCS([O-])(=O)(=O)
[N-]=[N+]=NC(=O)c1ccccc1,CCN1C=C[N+](C)C1.CCS([O-])(=O)(=O)
CCCC(=O)NNC(=O)CCCC(=O)O,CCN1C=C[N+](C)C1.CCS([O-])(=O)(=O)
Cc1ccc(cc1)N=Nc2ccc(O)cc2,CCN1C=C[N+](C)C1.CCS([O-])(=O)(=O)
[O-][N+](=O)c1ccc(c2c1cccc2[N+]([O-])=O)[N+]([O-])=O,CCN1C=C[N+](C)C1.CCS([O-])(=O)(=O)
Cc1cccc(C=NNc2ccc(cc2[N+]([O-])=O)[N+]([O-])=O)c1,CCN1C=C[N+](C)C1.CCS([O-])(=O)(=O)
CCCCCCC=CC(N)=O,CCN1C=C[N+](C)C1.CCS([O-])(=O)(=O)
Oc1ccc(cc1)C(O)(c2ccccc2)c3ccccc3,CCN1C=C[N+](C)C1.CCS([O-])(=O)(=O)
CCCCCCCCC(C(O)=O)C(O)=O,CCN1C=C[N+](C)C1.CCS([O-])(=O)(=O)
Clc1ccc2c3ccccc3C(=O)c4cccc1c24,CCN1C=C[N+](C)C1.CCS([O-])(=O)(=O)
O=C1C[C@@H]2OCC=C3CN4CC[C@@]56[C@@H]4C[C@@H]3[C@@H]2[C@@H]5N1c7ccccc67,CCN1C=C[N+](C)C1.CCS([O-])(=O)(=O)
O=C(c1ccccc1)c2cccc3cccc(C(=O)c4ccccc4)c23,CCN1C=C[N+](C)C1.CCS([O-])(=O)(=O)
O[C@H]1C=Cc2ccccc2[C@@H]1O,CCN1C=C[N+](C)C1.CCS([O-])(=O)(=O)
OC1=C(CCCC2CCCCC2)C(=O)c3ccccc3C1=O,CCN1C=C[N+](C)C1.CCS([O-])(=O)(=O)
[O-][N+](=O)c1ccc2c(Cc3cc(Br)ccc23)c1,CCN1C=C[N+](C)C1.CCS([O-])(=O)(=O)
CC1(C)Oc2ccc3C=CC(=O)Oc3c2C=C1,CCN1C=C[N+](C)C1.CCS([O-])(=O)(=O)
CCCCCCCCCCCCC(=O)CCCCC(O)=O,CCN1C=C[N+](C)C1.CCS([O-])(=O)(=O)
COc1ccc2C[C@@H]3[C@@H]4CC[C@H](O)[C@@H]5Oc1c2[C@]45CCN3C,CCN1C=C[N+](C)C1.CCS([O-])(=O)(=O)
Cc1cc(O)cc(O)c1C,CCN1C=C[N+](C)C1.CCS([O-])(=O)(=O)
CCCC1(CCC)C(=O)NC(=O)NC1=O,CCN1C=C[N+](C)C1.CCS([O-])(=O)(=O)
[O-][N+](=O)c1cccc2ccccc12,CCN1C=C[N+](C)C1.CCS([O-])(=O)(=O)
Nc1ccc2c(Cc3cc(Br)ccc23)c1,CCN1C=C[N+](C)C1.CCS([O-])(=O)(=O)
CN1[C@@H]2CC[C@H]1CC(C2)OC(=O)C(CO)c3ccccc3,CCN1C=C[N+](C)C1.CCS([O-])(=O)(=O)
CC(=O)Oc1ccc(OC(C)=O)c2C(=O)c3ccccc3C(=O)c12,CCN1C=C[N+](C)C1.CCS([O-])(=O)(=O)
Cc1ccc(cc1[N+]([O-])=O)[N+]([O-])=O,CCN1C=C[N+](C)C1.CCS([O-])(=O)(=O)
CCOC(=O)\C=C(/C)NC(C)=O,CCN1C=C[N+](C)C1.CCS([O-])(=O)(=O)
CCOC(=O)/C=C(/C)NC(C)=O,CCN1C=C[N+](C)C1.CCS([O-])(=O)(=O)
CCOC(=O)C(=NNc1ccc2ccccc2c1)C#N,CCN1C=C[N+](C)C1.CCS([O-])(=O)(=O)
COc1cc2N3[C@H]4[C@@H]5[C@H](CC3=O)OCC=C6CN7CC[C@]4([C@@H]7C[C@H]56)c2cc1OC,CCN1C=C[N+](C)C1.CCS([O-])(=O)(=O)
CCOC(=O)C(=NNc1ccc(cc1)[N+]([O-])=O)C#N,CCN1C=C[N+](C)C1.CCS([O-])(=O)(=O)
Oc1cccc(c1)[N+]([O-])=O,CCN1C=C[N+](C)C1.CCS([O-])(=O)(=O)
c1ccc(cc1)[C@]2(c3c(cccc3)[C@](c4c2cccc4)(O)c5ccccc5)O,CCN1C=C[N+](C)C1.CCS([O-])(=O)(=O)
CC(=O)Nc1ccc(O)cc1,CCN1C=C[N+](C)C1.CCS([O-])(=O)(=O)
Cc5ccc(N(/C(=N/c1ccccc1)Nc2ccccc2)c4nc3cc(C)ccc3[nH]4)cc5,CCN1C=C[N+](C)C1.CCS([O-])(=O)(=O)
OC(C(O)=O)c1cccc(Cl)c1,CCN1C=C[N+](C)C1.CCS([O-])(=O)(=O)
C\C(=N/Oc1c(cc(cc1[N+]([O-])=O)[N+]([O-])=O)[N+]([O-])=O)c2ccccc2,CCN1C=C[N+](C)C1.CCS([O-])(=O)(=O)
[O-][N+](=O)c1ccc(NN=Cc2ccc(Br)cc2)c(c1)[N+]([O-])=O,CCN1C=C[N+](C)C1.CCS([O-])(=O)(=O)
OC(=O)c1ccccn1,CCN1C=C[N+](C)C1.CCS([O-])(=O)(=O)
CC(=O)[C@H]1C[C@@H](CC(O)=O)C1(C)C,CCN1C=C[N+](C)C1.CCS([O-])(=O)(=O)
CC(C)(CO)CO,CCN1C=C[N+](C)C1.CCS([O-])(=O)(=O)
Cl[C@H]1[C@H](Cl)[C@@H](Cl)c2ccccc2[C@@H]1Cl,CCN1C=C[N+](C)C1.CCS([O-])(=O)(=O)
CSCC12CSCC(C1)C(=CC2=O)C,CCN1C=C[N+](C)C1.CCS([O-])(=O)(=O)
COc1ccc(c(O)c1)C(=O)c2ccc(OC)cc2O,CCN1C=C[N+](C)C1.CCS([O-])(=O)(=O)
Cc1ccc(cc1)C(=O)C=Cc2ccccc2,CCN1C=C[N+](C)C1.CCS([O-])(=O)(=O)
OOC(=O)c1ccc(Cl)cc1,CCN1C=C[N+](C)C1.CCS([O-])(=O)(=O)
CC\C(=C/C(O)=O)c1ccccc1,CCN1C=C[N+](C)C1.CCS([O-])(=O)(=O)
CC\C(=C\C(O)=O)c1ccccc1,CCN1C=C[N+](C)C1.CCS([O-])(=O)(=O)
Brc1ccc(Br)cc1,CCN1C=C[N+](C)C1.CCS([O-])(=O)(=O)
c1ccc(cc1)c2cc(cc(c2)c3ccccc3)c4ccccc4,CCN1C=C[N+](C)C1.CCS([O-])(=O)(=O)
CCCCC(CCCC)(CCCC)C(=O)NO,CCN1C=C[N+](C)C1.CCS([O-])(=O)(=O)
c1ccc2c(c1)c3c4cccc5cccc(c45)c6c7ccccc7c8c9cccc%10cccc(c9%10)c2c8c36,CCN1C=C[N+](C)C1.CCS([O-])(=O)(=O)
N#C/C(c1ccccc1)=N(=O)/c2cccc(Cl)c2,CCN1C=C[N+](C)C1.CCS([O-])(=O)(=O)
CCCCCCCCCCCCCC(O)=O,CCN1C=C[N+](C)C1.CCS([O-])(=O)(=O)
OC(=O)c1ccc(Br)cc1,CCN1C=C[N+](C)C1.CCS([O-])(=O)(=O)
[O-][N+](=O)c1ccc(N/N=C/c2ccc(I)cc2)c(c1)[N+]([O-])=O,CCN1C=C[N+](C)C1.CCS([O-])(=O)(=O)
Nc1ccc(cc1)[N+]([O-])=O,CCN1C=C[N+](C)C1.CCS([O-])(=O)(=O)
[O-][N+](=O)c1cc(cc(c1)[N+]([O-])=O)[N+]([O-])=O,CCN1C=C[N+](C)C1.CCS([O-])(=O)(=O)
CCCCCCCC\C=C/C(N)=O,CCN1C=C[N+](C)C1.CCS([O-])(=O)(=O)
CCCCCCCC/C=C/C(N)=O,CCN1C=C[N+](C)C1.CCS([O-])(=O)(=O)
[O-][N+](=O)c1ccc(Oc2c(cc(cc2[N+]([O-])=O)[N+]([O-])=O)[N+]([O-])=O)c(c1)[N+]([O-])=O,CCN1C=C[N+](C)C1.CCS([O-])(=O)(=O)
COC1=C(C)C(=O)C=C2OC(=CC=C12)c3ccccc3,CCN1C=C[N+](C)C1.CCS([O-])(=O)(=O)
OC(=O)C(O)(CCl)c1ccccc1,CCN1C=C[N+](C)C1.CCS([O-])(=O)(=O)
CC[C@]1(NC(=O)NC1=O)c2ccccc2,CCN1C=C[N+](C)C1.CCS([O-])(=O)(=O)
OC(=O)[C@@H]1c2ccccc2[C@@H](C(=O)c3ccccc3)c4ccccc14,CCN1C=C[N+](C)C1.CCS([O-])(=O)(=O)
Oc1ccc(cc1[N+]([O-])=O)[N+]([O-])=O,CCN1C=C[N+](C)C1.CCS([O-])(=O)(=O)
[O-][N+](=O)c1ccc(Nc2ccc(cc2[N+]([O-])=O)[N+]([O-])=O)c(c1)[N+]([O-])=O,CCN1C=C[N+](C)C1.CCS([O-])(=O)(=O)
CCOC(=O)c1ccc(NC(C)=O)cc1C,CCN1C=C[N+](C)C1.CCS([O-])(=O)(=O)
[nH]1c2ccccc2c3ccccc13,CCN1C=C[N+](C)C1.CCS([O-])(=O)(=O)
Cc1cc(C)cc(c1)C(O)=O,CCN1C=C[N+](C)C1.CCS([O-])(=O)(=O)
[O-][N+](=O)OCCN(c1c(cc(cc1[N+]([O-])=O)[N+]([O-])=O)[N+]([O-])=O)[N+]([O-])=O,CCN1C=C[N+](C)C1.CCS([O-])(=O)(=O)
Oc1ccc(cc1)N=Nc2ccccc2Cl,CCN1C=C[N+](C)C1.CCS([O-])(=O)(=O)
CN(C)c1ccc(cc1)C(=Nc2ccc(N)cc2)c3ccc(cc3)N(C)C,CCN1C=C[N+](C)C1.CCS([O-])(=O)(=O)
CCC1CCCCC1OC(=O)c2ccccc2C(=O)O,CCN1C=C[N+](C)C1.CCS([O-])(=O)(=O)
Oc1ccc(cc1Cl)N=Nc2ccccc2,CCN1C=C[N+](C)C1.CCS([O-])(=O)(=O)
COc1ccccc1C(/C)=C\C(O)=O,CCN1C=C[N+](C)C1.CCS([O-])(=O)(=O)
C(C=CC=CC=Cc1ccccc1)=CC=CC=Cc2ccccc2,CCN1C=C[N+](C)C1.CCS([O-])(=O)(=O)
C[C@]12CC[C@H]3[C@@H](CCc4cc(OC(=O)c5ccccc5)ccc34)[C@@H]1CC[C@@H]2O,CCN1C=C[N+](C)C1.CCS([O-])(=O)(=O)
Cc1ncc(n1CCO)[N+]([O-])=O,CCN1C=C[N+](C)C1.CCS([O-])(=O)(=O)
Cc1cc2C(=O)c3ccccc3c4c2c(c1)c5cc(C)cc6C(=O)c7ccccc7c4c56,CCN1C=C[N+](C)C1.CCS([O-])(=O)(=O)
CC1(C)[C@H]2CC[C@]1(C)C(=O)OC2=O,CCN1C=C[N+](C)C1.CCS([O-])(=O)(=O)
CCc1ccc(O)cc1O,CCN1C=C[N+](C)C1.CCS([O-])(=O)(=O)
C[C@@H](C(O)=O)c1cccc2ccccc12,CCN1C=C[N+](C)C1.CCS([O-])(=O)(=O)
N#C/C(c1ccccc1)=N(=O)/c2ccccc2Cl,CCN1C=C[N+](C)C1.CCS([O-])(=O)(=O)
CCCCCCC(CCC)(CCC)C(=O)NO,CCN1C=C[N+](C)C1.CCS([O-])(=O)(=O)
OC(=O)c1cccc(Br)c1,CCN1C=C[N+](C)C1.CCS([O-])(=O)(=O)
C[C@]12CC[C@H]3[C@@H](CCc4cc(O)ccc34)[C@@H]1CC[C@@H]2O,CCN1C=C[N+](C)C1.CCS([O-])(=O)(=O)
CCCC(C(O)=O)C(O)=O,CCN1C=C[N+](C)C1.CCS([O-])(=O)(=O)
COc1ccccc1N=Nc2ccc(O)cc2,CCN1C=C[N+](C)C1.CCS([O-])(=O)(=O)
CC(=O)c1ccc(cc1)N=Nc2cc(Cl)ccc2O,CCN1C=C[N+](C)C1.CCS([O-])(=O)(=O)
OC(=O)c1cc(cc(c1)[N+]([O-])=O)[N+]([O-])=O,CCN1C=C[N+](C)C1.CCS([O-])(=O)(=O)
OC(=O)\C=C/C(O)=O,CCN1C=C[N+](C)C1.CCS([O-])(=O)(=O)
c1ccc2c(c1)ccc3c4ccccc4ccc23,CCN1C=C[N+](C)C1.CCS([O-])(=O)(=O)
[O-][N+](=O)c1ccc(/C=C/C(=O)c2ccccc2)cc1,CCN1C=C[N+](C)C1.CCS([O-])(=O)(=O)
COc1ccc(cc1)N=Nc2ccc(O)cc2,CCN1C=C[N+](C)C1.CCS([O-])(=O)(=O)
CCCCc1ccc(cc1)\C(=N\Nc2ccc(C)cc2)C(O)=O,CCN1C=C[N+](C)C1.CCS([O-])(=O)(=O)
N1c2ccccc2Sc3ccccc13,CCN1C=C[N+](C)C1.CCS([O-])(=O)(=O)
CN1C(=O)CC(C1=O)c2ccccc2,CCN1C=C[N+](C)C1.CCS([O-])(=O)(=O)
CCCCCCCCCCCC(C(O)=O)C(O)=O,CCN1C=C[N+](C)C1.CCS([O-])(=O)(=O)
C=CCC1(C(=O)NC(=O)NC1=O)c2ccccc2,CCN1C=C[N+](C)C1.CCS([O-])(=O)(=O)
OC(=O)c1ccccc1,CCN1C=C[N+](C)C1.CCS([O-])(=O)(=O)
Oc1cccc(O)c1O,CCN1C=C[N+](C)C1.CCS([O-])(=O)(=O)
Cc1cc(C)c(CC(C)(C)C(=O)NO)c(C)c1,CCN1C=C[N+](C)C1.CCS([O-])(=O)(=O)
CCCCCCCC=NNC(N)=O,CCN1C=C[N+](C)C1.CCS([O-])(=O)(=O)
CCC1(C(=O)NC(=O)NC1=O)C2=CCCCC2,CCN1C=C[N+](C)C1.CCS([O-])(=O)(=O)
O=C1CCCCCCCCCN1,CCN1C=C[N+](C)C1.CCS([O-])(=O)(=O)
O=C(c1ccccc1)C(=O)c2ccccc2,CCN1C=C[N+](C)C1.CCS([O-])(=O)(=O)
[O-][N+](c1ccccc1)=C(C#N)c2ccccc2,CCN1C=C[N+](C)C1.CCS([O-])(=O)(=O)
ClCCN(CCCl)c1ccc2ccccc2c1,CCN1C=C[N+](C)C1.CCS([O-])(=O)(=O)
CN(C)c1ccc(cc1)C(=NC(=O)c2ccccc2)c3ccc(cc3)N(C)C,CCN1C=C[N+](C)C1.CCS([O-])(=O)(=O)
OC(C=CC(O)(c1ccccc1)c2ccccc2)(c3ccccc3)c4ccccc4,CCN1C=C[N+](C)C1.CCS([O-])(=O)(=O)
CCCCCCCCCCCCCC(=O)NO,CCN1C=C[N+](C)C1.CCS([O-])(=O)(=O)
Nc1cccc(c1)[N+]([O-])=O,CCN1C=C[N+](C)C1.CCS([O-])(=O)(=O)
C[C@H]1[C@@H]2CC[C@@]3(C)C=CC(=O)C(=C3[C@H]2OC1=O)C,CCN1C=C[N+](C)C1.CCS([O-])(=O)(=O)
c1ccc(cc1)c2ccc(cc2)c3ccccc3,CCN1C=C[N+](C)C1.CCS([O-])(=O)(=O)
[O-][N+](=O)c1cc(c(c(c1)[N+]([O-])=O)[N+]([O-])=O)[N+]([O-])=O,CCN1C=C[N+](C)C1.CCS([O-])(=O)(=O)
CN(C)C(=O)Nc1ccc(Cl)c(Cl)c1,CCN1C=C[N+](C)C1.CCS([O-])(=O)(=O)
CCc1c(N=Nc2ccccc2O)c(O)cc(C)c1c3ccccc3,CCN1C=C[N+](C)C1.CCS([O-])(=O)(=O)
OC(=O)c1ccc(Cl)cc1,CCN1C=C[N+](C)C1.CCS([O-])(=O)(=O)
OC(=O)c1ccccc1Br,CCN1C=C[N+](C)C1.CCS([O-])(=O)(=O)
O=C1CCCCN1,CCN1C=C[N+](C)C1.CCS([O-])(=O)(=O)
CCOC(=O)C(=NNc1ccccc1[N+]([O-])=O)C#N,CCN1C=C[N+](C)C1.CCS([O-])(=O)(=O)
c1(ccc(cc1)/C(=C\C(=O)O)/C)C,CCN1C=C[N+](C)C1.CCS([O-])(=O)(=O)
Cc1ccc(cc1)C(/C)=C/C(O)=O,CCN1C=C[N+](C)C1.CCS([O-])(=O)(=O)
[O-][N+](=O)c1cc(c(C(=O)N=[N+]=[N-])c(c1)[N+]([O-])=O)[N+]([O-])=O,CCN1C=C[N+](C)C1.CCS([O-])(=O)(=O)
O=C1CCCCCCCN1,CCN1C=C[N+](C)C1.CCS([O-])(=O)(=O)
C1c2ccccc2c3c1c4c(Cc5ccccc45)c6c3Cc7ccccc67,CCN1C=C[N+](C)C1.CCS([O-])(=O)(=O)
OC(=O)c1ccccc1O,CCN1C=C[N+](C)C1.CCS([O-])(=O)(=O)
OC(=O)c1ccccc1C(=O)c2ccc(O)cc2,CCN1C=C[N+](C)C1.CCS([O-])(=O)(=O)
Cc1cc(ccc1O)N=Nc2ccccc2,CCN1C=C[N+](C)C1.CCS([O-])(=O)(=O)
CCOc1ccc2nc3cc(ccc3c(Cl)c2c1)[N+]([O-])=O,CCN1C=C[N+](C)C1.CCS([O-])(=O)(=O)
OCCSCCO,CCN1C=C[N+](C)C1.CCS([O-])(=O)(=O)
CN(C)c1ccc(cc1)c2ccc(cc2)N(C)C,CCN1C=C[N+](C)C1.CCS([O-])(=O)(=O)
Oc1ccc(cc1)C=C2CCC(=Cc3ccc(O)cc3)C2=O,CCN1C=C[N+](C)C1.CCS([O-])(=O)(=O)
CCCCCCCC(C(O)=O)C(O)=O,CCN1C=C[N+](C)C1.CCS([O-])(=O)(=O)
OC(=O)c1cc(nc2ccccc12)c3ccccc3,CCN1C=C[N+](C)C1.CCS([O-])(=O)(=O)
Cc1c(C)c(C)c(C)c(C)c1C,CCN1C=C[N+](C)C1.CCS([O-])(=O)(=O)
Clc1ccc(cc1)C(c2ccc(Cl)cc2)C(Cl)(Cl)Cl,CCN1C=C[N+](C)C1.CCS([O-])(=O)(=O)
Fc1ccc(cc1)C(CCCN2CCC(CC2)N3C(=O)Nc4ccccc34)c5ccc(F)cc5,CCN1C=C[N+](C)C1.CCS([O-])(=O)(=O)
Cc1c(cc(c(O)c1[N+]([O-])=O)[N+]([O-])=O)[N+]([O-])=O,CCN1C=C[N+](C)C1.CCS([O-])(=O)(=O)
OC(=O)c1c2ccccc2c(c3ccccc3)c4c(c5ccccc5)c6ccccc6c(c7ccccc7)c14,CCN1C=C[N+](C)C1.CCS([O-])(=O)(=O)
Cl[S](=O)(=O)c1ccc2c(c1)cc(cc2[S](Cl)(=O)=O)[S](Cl)(=O)=O,CCN1C=C[N+](C)C1.CCS([O-])(=O)(=O)
Cc1ccc(C)c(c1[N+]([O-])=O)[N+]([O-])=O,CCN1C=C[N+](C)C1.CCS([O-])(=O)(=O)
OC(=O)/C=C/c1occc1,CCN1C=C[N+](C)C1.CCS([O-])(=O)(=O)
OC(=O)C=Cc1occc1,CCN1C=C[N+](C)C1.CCS([O-])(=O)(=O)
c1ccc2c(c1)cccc2c3cccc4ccccc34,CCN1C=C[N+](C)C1.CCS([O-])(=O)(=O)
C(C=CC=Cc1ccccc1)=CC=Cc2ccccc2,CCN1C=C[N+](C)C1.CCS([O-])(=O)(=O)
CC(C(O)=O)C(O)=O,CCN1C=C[N+](C)C1.CCS([O-])(=O)(=O)
Cc1cc(c(C)c(c1[N+]([O-])=O)[N+]([O-])=O)[N+]([O-])=O,CCN1C=C[N+](C)C1.CCS([O-])(=O)(=O)
C1=C(C(=CC2=C1OCCC2(C(=O)C3=CC=C4C(=C3O[H])C[C@@H](O4)C(C)C)[H])OC)OC,CCN1C=C[N+](C)C1.CCS([O-])(=O)(=O)
Cc1ccc(cc1)[N+]([O-])=O,CCN1C=C[N+](C)C1.CCS([O-])(=O)(=O)
CCCCc1c(O)cc(C)cc1O,CCN1C=C[N+](C)C1.CCS([O-])(=O)(=O)
CCC(C)C1(CC)C(=O)NC(=O)NC1=O,CCN1C=C[N+](C)C1.CCS([O-])(=O)(=O)
COC(C)C(NC(=O)c1ccccc1)C(O)=O,CCN1C=C[N+](C)C1.CCS([O-])(=O)(=O)
Cc1c(O)cccc1O,CCN1C=C[N+](C)C1.CCS([O-])(=O)(=O)
c1ccc(cc1)c2ccccc2,CCN1C=C[N+](C)C1.CCS([O-])(=O)(=O)
[O-][N+](=O)c1cccc2c1cccc2[N+]([O-])=O,CCN1C=C[N+](C)C1.CCS([O-])(=O)(=O)
OC[P]1(=O)Oc2ccccc2c3ccccc13,CCN1C=C[N+](C)C1.CCS([O-])(=O)(=O)
COc1ccc(cc1OC)C(=O)N2CCN(CC2)c3ccc4NC(=O)CCc4c3,CCN1C=C[N+](C)C1.CCS([O-])(=O)(=O)
Cc1ccc2[nH]c(Nc3ccccc3)nc2c1,CCN1C=C[N+](C)C1.CCS([O-])(=O)(=O)
Cc1ccccc1C(O)=O,CCN1C=C[N+](C)C1.CCS([O-])(=O)(=O)
Cc1cc(cc(c1O)[N+]([O-])=O)[N+]([O-])=O,CCN1C=C[N+](C)C1.CCS([O-])(=O)(=O)
CN(C)c1ccc(cc1)C(=Nc2ccccc2N)c3ccc(cc3)N(C)C,CCN1C=C[N+](C)C1.CCS([O-])(=O)(=O)
c1ccc2c(c1)c1CCN3C[C@@H]4CC[C@@H]([C@@H]([C@H]4C[C@H]3c1[nH]2)C(=O)O)O,CCN1C=C[N+](C)C1.CCS([O-])(=O)(=O)
CN(C)c1ccc(cc1)N=C=Nc1ccc(cc1)N(C)C,CCN1C=C[N+](C)C1.CCS([O-])(=O)(=O)
C(c1c(c(cc(c1O)Cl)Cl)Cl)c1c(c(cc(c1O)Cl)Cl)Cl,CCN1C=C[N+](C)C1.CCS([O-])(=O)(=O)
c1ccc2c(c1)cc(C(=O)O)c(=O)o2,CCN1C=C[N+](C)C1.CCS([O-])(=O)(=O)
c1ccc(cc1)C(c1ccccc1)(c1ccccc1)SCCC(=O)O,CCN1C=C[N+](C)C1.CCS([O-])(=O)(=O)
c1cc2C(c3cc(cc(c3C(=O)c2c(c1)O)O)CO)C1[C@@H]([C@H]([C@@H]([C@@H](CO)O1)O)O)O,CCN1C=C[N+](C)C1.CCS([O-])(=O)(=O)
c1cc(cc(c1)[N+](=O)[O-])C(=O)O,CCN1C=C[N+](C)C1.CCS([O-])(=O)(=O)
CCC(C)C(C(=O)O)N,CCN1C=C[N+](C)C1.CCS([O-])(=O)(=O)
CN(c1c(cc(cc1[N+](=O)[O-])[N+](=O)[O-])[N+](=O)[O-])[N+](=O)[O-],CCN1C=C[N+](C)C1.CCS([O-])(=O)(=O)
C[n+]1ccc2cc(c(cc2c1Cc1ccc(c(c1)OC)OC)OC)[O-],CCN1C=C[N+](C)C1.CCS([O-])(=O)(=O)
CCCC(=O)NCCNC(=O)CCC,CCN1C=C[N+](C)C1.CCS([O-])(=O)(=O)
C=C(C)C1CC(=O)C(C)C(=O)C1,CCN1C=C[N+](C)C1.CCS([O-])(=O)(=O)
c1cc(ccc1N)S(=O)(=O)NC(CO)(CO)CO,CCN1C=C[N+](C)C1.CCS([O-])(=O)(=O)
COc1ccc(c(c1)OC)N=Cc1ccc(cc1)c1ccccc1,CCN1C=C[N+](C)C1.CCS([O-])(=O)(=O)
CCOc1c(cc(cc1[N+](=O)[O-])[N+](=O)[O-])[N+](=O)[O-],CCN1C=C[N+](C)C1.CCS([O-])(=O)(=O)
CC12SC3(C)SC(C)(S1)SC(C)(S2)S3,CCN1C=C[N+](C)C1.CCS([O-])(=O)(=O)
c1c(cc(c(c1Cl)OP(=O)(O)Oc1c(cc(cc1Cl)Cl)Cl)Cl)Cl,CCN1C=C[N+](C)C1.CCS([O-])(=O)(=O)
C[C@H]([C@@H](C(=O)O)N)O,CCN1C=C[N+](C)C1.CCS([O-])(=O)(=O)
C1=CC(=O)C=CC1=O,CCN1C=C[N+](C)C1.CCS([O-])(=O)(=O)
CCCCCCCCCCCCCCCC(=O)OC(CO)CO,CCN1C=C[N+](C)C1.CCS([O-])(=O)(=O)
c1ccc(c(c1)/C=C/C(=O)O)[N+](=O)[O-],CCN1C=C[N+](C)C1.CCS([O-])(=O)(=O)
C[C@H]1CC[C@@H](CC1)n1c2cnccc2c2cnc(Nc3ccc4CN(CCc4n3)C(=O)CO)nc12,CCN1C=C[N+](C)C1.CCS([O-])(=O)(=O)
c1ccc(cc1)C(=O)OCOC(=O)c1ccccc1,CCN1C=C[N+](C)C1.CCS([O-])(=O)(=O)
C(CCCC(=O)O)CCCC(=O)O,CCN1C=C[N+](C)C1.CCS([O-])(=O)(=O)
COc1ccc(cc1)C(c1ccccc1)(C(c1ccccc1)(c1ccc(cc1)OC)O)O,CCN1C=C[N+](C)C1.CCS([O-])(=O)(=O)
c1cc2cc(cc(c2c(c1)[N+](=O)[O-])[N+](=O)[O-])[N+](=O)[O-],CCN1C=C[N+](C)C1.CCS([O-])(=O)(=O)
CCC(C)(CC)OC(=O)NC(=O)N,CCN1C=C[N+](C)C1.CCS([O-])(=O)(=O)
CCC(=O)N(c1ccc(cc1)N(C)C)C(=O)Nc1ccc(cc1)N(C)C,CCN1C=C[N+](C)C1.CCS([O-])(=O)(=O)
Cc1cc(C)c(c(C)c1)C(=O)C(C(c1ccccc1)c1ccccc1)Br,CCN1C=C[N+](C)C1.CCS([O-])(=O)(=O)
C(C(=O)NCC(=O)O)NC(=O)N,CCN1C=C[N+](C)C1.CCS([O-])(=O)(=O)
CO[C@@H]1[C@@H]([C@H]([C@H]([C@@H](C(=O)O)O1)O)O)O,CCN1C=C[N+](C)C1.CCS([O-])(=O)(=O)
CC(=Cc1ccco1)C=NNC(=O)N,CCN1C=C[N+](C)C1.CCS([O-])(=O)(=O)
c1ccc(cc1)OC(=O)NC(=O)N,CCN1C=C[N+](C)C1.CCS([O-])(=O)(=O)
Cc1ccc(cc1)OP(=O)(Oc1ccc(C)cc1)Oc1ccc(C)cc1,CCN1C=C[N+](C)C1.CCS([O-])(=O)(=O)
COc1ccc(cc1)c1cc(c2ccc(c(c2)OC)O)c(C#N)c(=O)[nH]1,CCN1C=C[N+](C)C1.CCS([O-])(=O)(=O)
C(CCC(=O)O)CCNC(=O)N,CCN1C=C[N+](C)C1.CCS([O-])(=O)(=O)
c1ccc(cc1)COc1ccc(cc1)c1cc(COC(=O)N)on1,CCN1C=C[N+](C)C1.CCS([O-])(=O)(=O)
Cc1ccc(cc1)OC(=O)NC(=O)N,CCN1C=C[N+](C)C1.CCS([O-])(=O)(=O)
CC(=O)Nc1nnc(s1)S(=O)(=O)N,CCN1C=C[N+](C)C1.CCS([O-])(=O)(=O)
CC(C)C1CCC(C)C(C1)OC(=O)NC(=O)N,CCN1C=C[N+](C)C1.CCS([O-])(=O)(=O)
CCC(=O)O[C@H]1CC[C@@]2(C)C(=CC[C@H]3[C@@H]4CC[C@H]([C@H](C)CCCC(C)C)[C@@]4(C)CC[C@H]23)C1,CCN1C=C[N+](C)C1.CCS([O-])(=O)(=O)
CC(=O)O[C@H]1CC[C@@]2(C)C(=CC[C@H]3[C@@H]4CCC(=NNC(=O)N)[C@@]4(C)CC[C@H]23)C1,CCN1C=C[N+](C)C1.CCS([O-])(=O)(=O)
c1ccc(cc1)C(=O)C(c1ccccc1)(c1ccccc1)c1ccccc1,CCN1C=C[N+](C)C1.CCS([O-])(=O)(=O)
CCOC(=O)c1c(C)oc2cc3c(cc12)oc(C)c3C(=O)OCC,CCN1C=C[N+](C)C1.CCS([O-])(=O)(=O)
COc1cc(ccc1O)c1cc(c2ccc(cc2)F)[nH]c(=O)c1C#N,CCN1C=C[N+](C)C1.CCS([O-])(=O)(=O)
CCCCCCCC[C@H]([C@@H](CCCCCCCCCCCC(=O)O)[N+](=O)[O-])O,CCN1C=C[N+](C)C1.CCS([O-])(=O)(=O)
CCCOC(=O)NC(=O)N,CCN1C=C[N+](C)C1.CCS([O-])(=O)(=O)
c1(c(c(c(c(c1Cl)Cl)Cl)Cl)Cl)Cl,CCN1C=C[N+](C)C1.CCS([O-])(=O)(=O)
CCCC(=O)O[C@H]1CC[C@@]2(C)C(=CC[C@H]3[C@@H]4CC[C@H]([C@H](C)CCCC(C)C)[C@@]4(C)CC[C@H]23)C1,CCN1C=C[N+](C)C1.CCS([O-])(=O)(=O)
CCCCCCCCCCCCCCCC(=O)OCc1ccccc1,CCN1C=C[N+](C)C1.CCS([O-])(=O)(=O)
C[C@@H](c1ccc2cc(ccc2c1)OC)C(=O)O,CCN1C=C[N+](C)C1.CCS([O-])(=O)(=O)
CCCCS(=O)(=O)NNC(=O)C(c1ccccc1)(c1ccccc1)O,CCN1C=C[N+](C)C1.CCS([O-])(=O)(=O)
c1ccc(cc1)CC(C(=O)O)N,CCN1C=C[N+](C)C1.CCS([O-])(=O)(=O)
c1cc2c(cc1COC(=O)NC(=O)N)OCO2,CCN1C=C[N+](C)C1.CCS([O-])(=O)(=O)
C(C1C(C2C(O1)OC(C(Cl)(Cl)Cl)O2)O)O,CCN1C=C[N+](C)C1.CCS([O-])(=O)(=O)
Cc1c(c(C(=O)C)c2c(c1O)[C@@]1(C)C(=CC(=O)C(C(=O)C)C1=O)O2)O,CCN1C=C[N+](C)C1.CCS([O-])(=O)(=O)
c1ccc2c(c1)C(=O)NS2(=O)=O,CCN1C=C[N+](C)C1.CCS([O-])(=O)(=O)
CC1=C(CCC1(C)C)C(=O)O,CCN1C=C[N+](C)C1.CCS([O-])(=O)(=O)
c1cc2cccc3CCc(c1)c23,CCN1C=C[N+](C)C1.CCS([O-])(=O)(=O)
C=C[C@@H]1[C@@H]2CCNC(=O)C2=CO[C@H]1O[C@H]1[C@@H]([C@H]([C@@H]([C@@H](CO)O1)O)O)O,CCN1C=C[N+](C)C1.CCS([O-])(=O)(=O)
c1cc(ccc1Cl)[N+](=O)[O-],CCN1C=C[N+](C)C1.CCS([O-])(=O)(=O)
c1cc2c(c3CN[C@H]4c5cc6c(cc5C[C@H]([C@H]4c13)O)OCO6)OCO2,CCN1C=C[N+](C)C1.CCS([O-])(=O)(=O)
c1ccc2c(c1)cccc2OP(=O)(Oc1cccc2ccccc12)Oc1cccc2ccccc12,CCN1C=C[N+](C)C1.CCS([O-])(=O)(=O)
CCCCCCCCCCCCCCCC,CCN1C=C[N+](C)C1.CCS([O-])(=O)(=O)
C(=C\c1ccco1)/C=N/NC(=O)N,CCN1C=C[N+](C)C1.CCS([O-])(=O)(=O)
CCC(=O)NNC(=O)CC,CCN1C=C[N+](C)C1.CCS([O-])(=O)(=O)
c1ccc(cc1)c1cccc(c1)N=Cc1ccc(cc1)[N+](=O)[O-],CCN1C=C[N+](C)C1.CCS([O-])(=O)(=O)
c1cc(ccc1Cl)OP(=O)(Oc1ccc(cc1)Cl)Oc1ccc(cc1)Cl,CCN1C=C[N+](C)C1.CCS([O-])(=O)(=O)
CN(C(=O)C(=O)N(C)[N+](=O)[O-])[N+](=O)[O-],CCN1C=C[N+](C)C1.CCS([O-])(=O)(=O)
C=CC(C)(C)c1c(C[C@H]2C(=O)N[C@@H](C)C(=O)N2)c2cc(CC=C(C)C)cc(CC=C(C)C)c2[nH]1,CCN1C=C[N+](C)C1.CCS([O-])(=O)(=O)
CCOC(=O)C(C)SC1=N/C(=C\c2ccccc2)/C(=O)N1c1ccccc1,CCN1C=C[N+](C)C1.CCS([O-])(=O)(=O)
c1ccc(cc1)N(c1ccccc1)C(=O)N1CCCCC1,CCN1C=C[N+](C)C1.CCS([O-])(=O)(=O)
CC(c1cccc(c1)C(=O)c1ccccc1)C(=O)O,CCN1C=C[N+](C)C1.CCS([O-])(=O)(=O)
c1(c(c(Cl)nc(c1Cl)Cl)Cl)Cl,CCN1C=C[N+](C)C1.CCS([O-])(=O)(=O)
c1ccc(c(c1)N)[N+](=O)[O-],CCN1C=C[N+](C)C1.CCS([O-])(=O)(=O)
CC1CCC(CC1)C(C)(C)OC(=O)NC(=O)N,CCN1C=C[N+](C)C1.CCS([O-])(=O)(=O)
C(#N)/C(=C(\C#N)/N)/N,CCN1C=C[N+](C)C1.CCS([O-])(=O)(=O)
C(C1C(=O)NC(=O)N1)C(=O)O,CCN1C=C[N+](C)C1.CCS([O-])(=O)(=O)
CCCCCCCCCCOC(=O)NC(=O)N,CCN1C=C[N+](C)C1.CCS([O-])(=O)(=O)
c1ccc(cc1)c1cccc(c1[N+](=O)[O-])O,CCN1C=C[N+](C)C1.CCS([O-])(=O)(=O)
CC1(C)[C@@H]2CC[C@@]1(C)C(=O)C2,CCN1C=C[N+](C)C1.CCS([O-])(=O)(=O)
CCN(CC)CCOC(=O)c1ccc(cc1)NC(=O)/C=C\C(=O)O,CCN1C=C[N+](C)C1.CCS([O-])(=O)(=O)
Cc1cc(C)c(c(c1[N+](=O)[O-])[N+](=O)[O-])[N+](=O)[O-],CCN1C=C[N+](C)C1.CCS([O-])(=O)(=O)
C=C(C)C1C/C(=N/Nc2ccccc2)/C(=C(C1)/N=N/c1ccccc1)C,CCN1C=C[N+](C)C1.CCS([O-])(=O)(=O)
C([C@H]([C@H]([C@@H]([C@H](CS)O)O)O)O)O,CCN1C=C[N+](C)C1.CCS([O-])(=O)(=O)
CCCCCCCCCCP(=O)(O)O,CCN1C=C[N+](C)C1.CCS([O-])(=O)(=O)
c1c(c(Cl)nc(c1Cl)Cl)Cl,CCN1C=C[N+](C)C1.CCS([O-])(=O)(=O)
c1ccc(cc1)/N=N/c1ccc(cc1)Oc1nc(Cl)nc(Cl)n1,CCN1C=C[N+](C)C1.CCS([O-])(=O)(=O)
C([C@H]([C@H]([C@@H]([C@@H](CO)O)O)O)O)O,CCN1C=C[N+](C)C1.CCS([O-])(=O)(=O)
c1ccc(cc1)COC(=O)NCCCCCC(=O)NCCCCCC(=O)NCCCCCC(=O)O,CCN1C=C[N+](C)C1.CCS([O-])(=O)(=O)
Cc1cc(ccc1OCC(=O)Nc1ccccc1)Cl,CCN1C=C[N+](C)C1.CCS([O-])(=O)(=O)
[C@@H]([C@H](C(=O)O)O)(C(=O)O)O,CCN1C=C[N+](C)C1.CCS([O-])(=O)(=O)
CN(C)CC(=O)O,CCN1C=C[N+](C)C1.CCS([O-])(=O)(=O)
c1ccc2c(c1)C=Cc1ccccc1N2C(=O)N,CCN1C=C[N+](C)C1.CCS([O-])(=O)(=O)
C1=C(C(=O)C(=CC1=O)Br)Br,CCN1C=C[N+](C)C1.CCS([O-])(=O)(=O)
c1ccc(cc1)c1c[nH]c(c2ccccc2)n1,CCN1C=C[N+](C)C1.CCS([O-])(=O)(=O)
COc1c(cc(cc1[N+](=O)[O-])[N+](=O)[O-])[N+](=O)[O-],CCN1C=C[N+](C)C1.CCS([O-])(=O)(=O)
CCCC(=O)O[C@@]1(CC[C@H]2[C@@H]3CCC4=CC(=O)CC[C@]4(C)[C@H]3[C@H](C[C@]12C)O)C(=O)COC(=O)CC,CCN1C=C[N+](C)C1.CCS([O-])(=O)(=O)
CCCCCC(=O)O[C@H]1CC[C@@]2(C)C(=CC[C@H]3[C@@H]4CC[C@H]([C@H](C)CCCC(C)C)[C@@]4(C)CC[C@H]23)C1,CCN1C=C[N+](C)C1.CCS([O-])(=O)(=O)
c1ccc(cc1)c1ccc(cc1)Cl,CCN1C=C[N+](C)C1.CCS([O-])(=O)(=O)
CCCCC(=O)O[C@H]1CC[C@H]2[C@@H]3CCc4cc(ccc4[C@H]3CC[C@]12C)OC(=O)c1ccccc1,CCN1C=C[N+](C)C1.CCS([O-])(=O)(=O)
C1CCC2C(C1)C1CC2NC2CCCC(NC3CC(C4CCCCC34)NC3CCCC(N1)N3)N2,CCN1C=C[N+](C)C1.CCS([O-])(=O)(=O)
c1cc(cc(c1)N=NC(=O)N)C(=O)N,CCN1C=C[N+](C)C1.CCS([O-])(=O)(=O)
C1CCC(C(C1)Cl)SC1CCCCC1Cl,CCN1C=C[N+](C)C1.CCS([O-])(=O)(=O)
CC(=O)Nc1ccccc1,CCN1C=C[N+](C)C1.CCS([O-])(=O)(=O)
CC(C(C(=O)O)O)(C(=O)O)O,CCN1C=C[N+](C)C1.CCS([O-])(=O)(=O)
c1ccnc(c1)NS(=O)(=O)c1ccc(cc1)N,CCN1C=C[N+](C)C1.CCS([O-])(=O)(=O)
Cc1c(cc(c(C)c1[N+](=O)[O-])[N+](=O)[O-])[N+](=O)[O-],CCN1C=C[N+](C)C1.CCS([O-])(=O)(=O)
CN1Cc2c(ccc3c2OCO3)[C@H]2[C@H](Cc3cc4c(cc3[C@@H]12)OCO4)O,CCN1C=C[N+](C)C1.CCS([O-])(=O)(=O)
Cc1ccc2c(c1)nc(Nc1ccccc1)n2/C(=N\c1ccccc1)/Nc1ccccc1,CCN1C=C[N+](C)C1.CCS([O-])(=O)(=O)
c1ccc(cc1)N(c1ccccc1)c1ccc(cc1)/N=N/c1nc2ccc(cc2s1)N(=O)=O,CCN1C=C[N+](C)C1.CCS([O-])(=O)(=O)
c1ccc(cc1)CCCOC(=O)NC(=O)N,CCN1C=C[N+](C)C1.CCS([O-])(=O)(=O)
COc1ccccc1OCC(COC(=O)N)O,CCN1C=C[N+](C)C1.CCS([O-])(=O)(=O)
COc1cc(ccc1O)c1cc(c2ccc(cc2)O)[nH]c(=O)c1C#N,CCN1C=C[N+](C)C1.CCS([O-])(=O)(=O)
CCCCCCCCCC(=O)N(c1ccc(cc1)N(C)C)C(=O)Nc1ccc(cc1)N(C)C,CCN1C=C[N+](C)C1.CCS([O-])(=O)(=O)
C(CCCCCCC(=O)O)CCCCCC1CCCC1,CCN1C=C[N+](C)C1.CCS([O-])(=O)(=O)
COc1ccccc1NC(C(Cl)(Cl)Cl)Nc1ccccc1OC,CCN1C=C[N+](C)C1.CCS([O-])(=O)(=O)
c1ccc2c(c1)c1cccc3cccc2c13,CCN1C=C[N+](C)C1.CCS([O-])(=O)(=O)
c1ccc(cc1)[C@@H]1OC[C@@H](CO1)OC(=O)c1ccc(cc1)Br,CCN1C=C[N+](C)C1.CCS([O-])(=O)(=O)
CCCCCCCCCCCCCCC1CCC(=O)O1,CCN1C=C[N+](C)C1.CCS([O-])(=O)(=O)
c1ccc(cc1)Nc1ccc(cc1)/N=N/c1ccc(c2ccccc12)N(=O)=O,CCN1C=C[N+](C)C1.CCS([O-])(=O)(=O)
CC(=O)Nc1ccc(cc1Cl)Cl,CCN1C=C[N+](C)C1.CCS([O-])(=O)(=O)
CC[C@H](/C=C/[C@@H](C)[C@H]1CC[C@H]2[C@@H]3CC=C4C[C@H](CC[C@]4(C)[C@H]3CC[C@]12C)O)C(C)C,CCN1C=C[N+](C)C1.CCS([O-])(=O)(=O)
c1ccc(cc1)P(=S)(NN)NN,CCN1C=C[N+](C)C1.CCS([O-])(=O)(=O)
C([C@@H]([C@H]([C@@H](CO)O)O)O)O,CCN1C=C[N+](C)C1.CCS([O-])(=O)(=O)
CC(C)Cc1ccc(cc1)C(C)C(=O)O,CCN1C=C[N+](C)C1.CCS([O-])(=O)(=O)
C=C(C)C1CCC(C)CC1OC(=O)NC(=O)N,CCN1C=C[N+](C)C1.CCS([O-])(=O)(=O)
CCC(CC)(Cc1ccc(C)cc1)C(=O)NO,CCN1C=C[N+](C)C1.CCS([O-])(=O)(=O)
c1ccc(cc1)C1SC(c2ccccc2)SC(c2ccccc2)S1,CCN1C=C[N+](C)C1.CCS([O-])(=O)(=O)
COc1cc(C=CC(=O)CC(=O)C=Cc2ccc(cc2)O)ccc1O,CCN1C=C[N+](C)C1.CCS([O-])(=O)(=O)
c1cc(ccc1c1coc2c(ccc(c2[C@H]2[C@@H]([C@H]([C@@H]([C@@H](CO)O2)O)O)O)O)c1=O)O,CCN1C=C[N+](C)C1.CCS([O-])(=O)(=O)
C(c1c[nH]cn1)[C@@H](C(=O)O)N,CCN1C=C[N+](C)C1.CCS([O-])(=O)(=O)
c1ccc2c(c1)c(c1cc(ccc1n2)F)N,CCN1C=C[N+](C)C1.CCS([O-])(=O)(=O)
c1cc(cc(c1)[N+](=O)[O-])NC(=S)N,CCN1C=C[N+](C)C1.CCS([O-])(=O)(=O)
CCC(C)(C)OC(=O)NC(=O)N,CCN1C=C[N+](C)C1.CCS([O-])(=O)(=O)
CCN(CC)CCNC(=O)c1ccc(cc1)NC(=O)CCC(=O)O,CCN1C=C[N+](C)C1.CCS([O-])(=O)(=O)
C=CCNC(=O)N(c1ccccc1)c1ccccc1,CCN1C=C[N+](C)C1.CCS([O-])(=O)(=O)
CCCCCCCCCOC(=O)NC(=O)N,CCN1C=C[N+](C)C1.CCS([O-])(=O)(=O)
CCCC(CCC)(c1ccccc1)C(=O)NO,CCN1C=C[N+](C)C1.CCS([O-])(=O)(=O)
c1cc(cc(c1)S(=O)(=O)N)S(=O)(=O)N,CCN1C=C[N+](C)C1.CCS([O-])(=O)(=O)
CC(C)CCCC(C)[C@H]1CC[C@H]2[C@@H]3CC=C4C[C@H](CC[C@]4(C)[C@H]3CC[C@]12C)O,CCN1C=C[N+](C)C1.CCS([O-])(=O)(=O)
CC(C)CCC[C@@H](C)[C@H]1CC[C@H]2[C@@H]3CC=C4C[C@H](CC[C@]4(C)[C@H]3CC[C@]12C)OC(=O)CC(C)C,CCN1C=C[N+](C)C1.CCS([O-])(=O)(=O)
CC(C)CC(C)(C)OC(=O)NC(=O)N,CCN1C=C[N+](C)C1.CCS([O-])(=O)(=O)
CCCSc1ccc2c(c1)nc([nH]2)NC(=O)OC,CCN1C=C[N+](C)C1.CCS([O-])(=O)(=O)
c1cc2c(ccc(c2nc1)C(=O)O)[N+](=O)[O-],CCN1C=C[N+](C)C1.CCS([O-])(=O)(=O)
Cc1ccc(cc1)N/C(=N/c1ccc(C)cc1)/n1c2ccc(C)cc2nc1Nc1ccc(C)cc1,CCN1C=C[N+](C)C1.CCS([O-])(=O)(=O)
c1ccc(cc1)c1ccc(c(c1)O)[N+](=O)[O-],CCN1C=C[N+](C)C1.CCS([O-])(=O)(=O)
c1ccc(cc1)C(c1ccccc1)C(c1ccccc1)(c1ccccc1)O,CCN1C=C[N+](C)C1.CCS([O-])(=O)(=O)
Cc1coc2c3ccc4c(CCCC4(C)C)c3C(=O)C(=O)c12,CCN1C=C[N+](C)C1.CCS([O-])(=O)(=O)
CCCCCCCCC/C=C/C(=O)N(c1ccc(cc1)N(C)C)C(=O)Nc1ccc(cc1)N(C)C,CCN1C=C[N+](C)C1.CCS([O-])(=O)(=O)
C(CCCCCNCCCCN)CCCCC(=O)O,CCN1C=C[N+](C)C1.CCS([O-])(=O)(=O)
c1c(cc(c(c1[N+](=O)[O-])N)[N+](=O)[O-])[N+](=O)[O-],CCN1C=C[N+](C)C1.CCS([O-])(=O)(=O)
COc1cc(ccc1O)c1cc(c2ccc(cc2)Cl)[nH]c(=O)c1C#N,CCN1C=C[N+](C)C1.CCS([O-])(=O)(=O)
COC(=O)NC(=O)N,CCN1C=C[N+](C)C1.CCS([O-])(=O)(=O)
CCOc1ccc(c(c1)n1nc2ccccc2n1)NC(=O)C,CCN1C=C[N+](C)C1.CCS([O-])(=O)(=O)
CC(=C1CC(=O)C(C)C(=O)C1)C,CCN1C=C[N+](C)C1.CCS([O-])(=O)(=O)
CCn1cc(c(=O)c2cc(c(nc12)N1CCNCC1)F)C(=O)O,CCN1C=C[N+](C)C1.CCS([O-])(=O)(=O)
C(CCCCCNCCCCCCCCN)CCCCC(=O)O,CCN1C=C[N+](C)C1.CCS([O-])(=O)(=O)
c1ccc(c(c1)C(=O)O)Cl,CCN1C=C[N+](C)C1.CCS([O-])(=O)(=O)
CC(=NNc1ccc(cc1[N+](=O)[O-])[N+](=O)[O-])c1ccccc1,CCN1C=C[N+](C)C1.CCS([O-])(=O)(=O)
CC(C)(C)c1ccc(cc1)C(=O)NN(C)C,CCN1C=C[N+](C)C1.CCS([O-])(=O)(=O)
c1ccc(cc1)/C=C(\c1ccccc1)/C(=O)c1ccccc1,CCN1C=C[N+](C)C1.CCS([O-])(=O)(=O)
c1ccc(c(c1)Cl)OP(=O)(O)Oc1ccccc1Cl,CCN1C=C[N+](C)C1.CCS([O-])(=O)(=O)
c1cc(c(cc1c1coc2cc(cc(c2c1=O)O)O)O)O,CCN1C=C[N+](C)C1.CCS([O-])(=O)(=O)
c1cc(ccc1Cl)N1CC(=NC1=O)N1CCOCC1,CCN1C=C[N+](C)C1.CCS([O-])(=O)(=O)
c1cc(ccc1C(=O)OCC(CO)O)Br,CCN1C=C[N+](C)C1.CCS([O-])(=O)(=O)
c1ccc(c(c1)[N+](=O)[O-])O,CCN1C=C[N+](C)C1.CCS([O-])(=O)(=O)
CCOc1c2c(c(c(c1OCC)OCC)N)C(=O)OC2C1c2c(CCN1C)cc1c(c2OC)OCO1,CCN1C=C[N+](C)C1.CCS([O-])(=O)(=O)
C/C=C/C(=O)N(c1ccc(cc1)N(C)C)C(=O)Nc1ccc(cc1)N(C)C,CCN1C=C[N+](C)C1.CCS([O-])(=O)(=O)
CCOC(=O)CSC1=N/C(=C\c2ccccc2)/C(=O)N1c1ccccc1,CCN1C=C[N+](C)C1.CCS([O-])(=O)(=O)
c1ccc(cc1)/N=N/c1ccc(c2ccccc12)N(c1ccccc1)c1ccccc1,CCN1C=C[N+](C)C1.CCS([O-])(=O)(=O)
c1ccc2c(c1)C(=Nc1ccccc1[N+](=O)[O-])OC2=O,CCN1C=C[N+](C)C1.CCS([O-])(=O)(=O)
c1ccc(cc1)N=Cc1ccc(cc1[N+](=O)[O-])[N+](=O)[O-],CCN1C=C[N+](C)C1.CCS([O-])(=O)(=O)
CC(=O)CC(c1ccccc1)C(CC(=O)C)c1ccccc1,CCN1C=C[N+](C)C1.CCS([O-])(=O)(=O)
CCCCCCCCCCCCCCCCCNC(=O)CCCCC(=O)O,CCN1C=C[N+](C)C1.CCS([O-])(=O)(=O)
c1ccc(c(c1)[N+](=O)[O-])[N+](=O)[O-],CCN1C=C[N+](C)C1.CCS([O-])(=O)(=O)
CCCCCCCC/C=C/C(=O)N(c1ccc(cc1)N(C)C)C(=O)Nc1ccc(cc1)N(C)C,CCN1C=C[N+](C)C1.CCS([O-])(=O)(=O)
CCOC1(C(c2ccccc2)Br)C(=O)N(C)C(=O)N1,CCN1C=C[N+](C)C1.CCS([O-])(=O)(=O)
C#CCSC[C@@H](C(=O)O)N,CCN1C=C[N+](C)C1.CCS([O-])(=O)(=O)
C1CCC(CC1)C(=O)N(C1CCCCC1)O,CCN1C=C[N+](C)C1.CCS([O-])(=O)(=O)
CC(C(=NNC(=O)N)C)c1ccccc1,CCN1C=C[N+](C)C1.CCS([O-])(=O)(=O)
CC1(C)C2CCC1(C)C(=NO)C2=NO,CCN1C=C[N+](C)C1.CCS([O-])(=O)(=O)
c1cc(c(c(c1)[N+](=O)[O-])O)[N+](=O)[O-],CCN1C=C[N+](C)C1.CCS([O-])(=O)(=O)
Cc1ccc(cc1)Nc1[nH]c2ccc(C)cc2n1,CCN1C=C[N+](C)C1.CCS([O-])(=O)(=O)
CC[C@H](C)[C@@H](C(=O)O)NC(=O)C,CCN1C=C[N+](C)C1.CCS([O-])(=O)(=O)
c1cc2c(Cc3cc(ccc23)N)cc1Cl,CCN1C=C[N+](C)C1.CCS([O-])(=O)(=O)
Cc1c(C)noc1N(C(=O)C)S(=O)(=O)c1ccc(cc1)N,CCN1C=C[N+](C)C1.CCS([O-])(=O)(=O)
c1ccc2c(c1)nc1cccc(c1n2)C(=O)O,CCN1C=C[N+](C)C1.CCS([O-])(=O)(=O)
c1ccc(cc1)C=NNc1ccccc1,CCN1C=C[N+](C)C1.CCS([O-])(=O)(=O)
c1cc(cc(c1)Cl)c1cc(c(C(=O)NCC(=O)O)nc1)O,CCN1C=C[N+](C)C1.CCS([O-])(=O)(=O)
Cc1cccc2cc(C(=O)O)c(=O)oc12,CCN1C=C[N+](C)C1.CCS([O-])(=O)(=O)
CCC(CC)OC(=O)NC(=O)N,CCN1C=C[N+](C)C1.CCS([O-])(=O)(=O)
COc1ccc(c(c1)OC)/N=C/c1ccc(cc1N(=O)=O)N(=O)=O,CCN1C=C[N+](C)C1.CCS([O-])(=O)(=O)
C(CCNC(=O)N)CC(=O)O,CCN1C=C[N+](C)C1.CCS([O-])(=O)(=O)
CC(C(=O)O)NC(=O)Nc1cccc2ccccc12,CCN1C=C[N+](C)C1.CCS([O-])(=O)(=O)
[C@@H]1([C@@H]([C@H]([C@H]([C@@H]([C@H]1Cl)Cl)Cl)Cl)Cl)Cl,CCN1C=C[N+](C)C1.CCS([O-])(=O)(=O)
c1ccc(cc1)C(=C(c1ccccc1)c1ccccc1)c1ccccc1,CCN1C=C[N+](C)C1.CCS([O-])(=O)(=O)
C1CCN2C[C@H]3C[C@H](CN4CCC[C@@H]([C@H]34)O)[C@@H]2C1,CCN1C=C[N+](C)C1.CCS([O-])(=O)(=O)
CN(C)c1ccc(cc1)C(=N)c1ccc(cc1)N(C)C,CCN1C=C[N+](C)C1.CCS([O-])(=O)(=O)
CCCC(Cc1ccccc1)/N(N(\O)/C(CCC)Cc1ccccc1)/O,CCN1C=C[N+](C)C1.CCS([O-])(=O)(=O)
c1cc(c(c(c1)[N+](=O)[O-])Cl)C(=O)O,CCN1C=C[N+](C)C1.CCS([O-])(=O)(=O)
c1ccc(cc1)C(=NNc1ccc(cc1[N+](=O)[O-])[N+](=O)[O-])c1ccccc1,CCN1C=C[N+](C)C1.CCS([O-])(=O)(=O)
c1cn([C@@H]2CS[C@H](CO)O2)c(=O)nc1N,CCN1C=C[N+](C)C1.CCS([O-])(=O)(=O)
Cc1c2ccccc2c(C)c2ccccc12,CCN1C=C[N+](C)C1.CCS([O-])(=O)(=O)
Cn1cc(c(=O)[nH]c1=O)[N+](=O)[O-],CCN1C=C[N+](C)C1.CCS([O-])(=O)(=O)
CCCCCC(=O)NCCNC(=O)CCCCC,CCN1C=C[N+](C)C1.CCS([O-])(=O)(=O)
C=C(C)[C@H]1Cc2c(ccc3C(=O)[C@H]4c5cc(c(cc5OC[C@H]4Oc23)OC)OC)O1,CCN1C=C[N+](C)C1.CCS([O-])(=O)(=O)
C[C@@H](Cc1ccccc1)N(O)N(O)[C@H](C)Cc2ccccc2,CCN1C=C[N+](C)C1.CCS([O-])(=O)(=O)
C[C@]12CCC(=O)C=C1CC[C@H]1[C@@H]3CC[C@](C(=O)CO)([C@@]3(C)C[C@@H]([C@H]21)O)O,CCN1C=C[N+](C)C1.CCS([O-])(=O)(=O)
C[C@]12CCC=CC1=CC[C@@H]1[C@@H]2CC[C@]2(C)[C@H](CC[C@]12O)c1ccc(=O)oc1,CCN1C=C[N+](C)C1.CCS([O-])(=O)(=O)
CCCCCC(=O)N(c1ccc(cc1)N(C)C)C(=O)Nc1ccc(cc1)N(C)C,CCN1C=C[N+](C)C1.CCS([O-])(=O)(=O)
c1ccc(c(c1)Cl)OC(=O)NC(=O)N,CCN1C=C[N+](C)C1.CCS([O-])(=O)(=O)
c1ccc2c(c1)c1NC3=CC=CC(=Nc4c5ccccc5c([nH]4)N=c4c5ccccc5c(=Nc2[nH]1)[nH]4)C3,CCN1C=C[N+](C)C1.CCS([O-])(=O)(=O)
CC(=O)Oc1ccc(cc1C(=O)O)n1nc2ccccc2n1,CCN1C=C[N+](C)C1.CCS([O-])(=O)(=O)
c1c(cc(c(c1O)O)O)[C@@H]1[C@H](C(=O)c2c(cc(cc2O1)O)O)O,CCN1C=C[N+](C)C1.CCS([O-])(=O)(=O)
CC(CO)[C@H](C(=O)N[C@@H]1C2CC[C@@](C)([C@@H]1O)C2(C)C)O,CCN1C=C[N+](C)C1.CCS([O-])(=O)(=O)
CC(=O)CC1=C(C(=O)O[C@@H]1C)C(C)(C)[C@@H]1C(=O)C(C)OC1=O,CCN1C=C[N+](C)C1.CCS([O-])(=O)(=O)
c1ccc(c(c1)C(=O)N=[N+]=[N-])[N+](=O)[O-],CCN1C=C[N+](C)C1.CCS([O-])(=O)(=O)
C(CCCCCNCCCCCCCN)CCCCC(=O)O,CCN1C=C[N+](C)C1.CCS([O-])(=O)(=O)
CCCCCCCCCCCCCC(C(C(=O)O)O)O,CCN1C=C[N+](C)C1.CCS([O-])(=O)(=O)
COC(=O)C(C(C(=O)OC)OC(=O)c1ccccc1)OC(=O)c1ccccc1,CCN1C=C[N+](C)C1.CCS([O-])(=O)(=O)
c1ccc2c(c1)c1=Nc3cccc(=Nc4c5ccccc5c(N=c5cccc([nH]5)N=c2[nH]1)[nH]4)[nH]3,CCN1C=C[N+](C)C1.CCS([O-])(=O)(=O)
C[C@@H](c1cc2ccc(cc2nc1c1ccccn1)F)Nc1c2c([nH]cn2)ncn1,CCN1C=C[N+](C)C1.CCS([O-])(=O)(=O)
c1ccc(cc1)C(=O)N,CCN1C=C[N+](C)C1.CCS([O-])(=O)(=O)
CCn1cc(c(=O)c2cc3c(cc12)OCO3)C(=O)O,CCN1C=C[N+](C)C1.CCS([O-])(=O)(=O)
CC(C(=O)O)N(CCC(=O)O)C(=O)C,CCN1C=C[N+](C)C1.CCS([O-])(=O)(=O)
C1=CC[C@@H]2[C@H](C1)C(=O)N(C2=O)SC(Cl)(Cl)Cl,CCN1C=C[N+](C)C1.CCS([O-])(=O)(=O)
CCN(CC)CCOC(=O)c1ccc(cc1)NC(=O)CCC(=O)O,CCN1C=C[N+](C)C1.CCS([O-])(=O)(=O)
CC(=O)O[C@H]1CC[C@H]2[C@H]3Cc4ccc(c5c4[C@@]2(CCN3C)[C@H]1O5)OC,CCN1C=C[N+](C)C1.CCS([O-])(=O)(=O)
c1ccc(cc1)c1cc(ccc1[N+](=O)[O-])O,CCN1C=C[N+](C)C1.CCS([O-])(=O)(=O)
CC(=O)[C@@]12[C@@H](C[C@H]3[C@@H]4CCC5=CC(=O)CC[C@]5(C)[C@H]4CC[C@]13C)O2,CCN1C=C[N+](C)C1.CCS([O-])(=O)(=O)
CCOc1cc(c(cc1[N+](=O)[O-])[N+](=O)[O-])Cl,CCN1C=C[N+](C)C1.CCS([O-])(=O)(=O)
c1cc(ccc1[C@H](C(=O)O)N)O,CCN1C=C[N+](C)C1.CCS([O-])(=O)(=O)
c1ccc(cc1)Nc1ccc(cc1N)Cl,CCN1C=C[N+](C)C1.CCS([O-])(=O)(=O)
COc1ccc(cc1)N=Cc1ccccc1,CCN1C=C[N+](C)C1.CCS([O-])(=O)(=O)
Cc1cc(ccc1Nc1c(cc(C)s1)C#N)N(=O)=O,CCN1C=C[N+](C)C1.CCS([O-])(=O)(=O)
c1c(cc(c(c1O)O)O)C(=O)O,CCN1C=C[N+](C)C1.CCS([O-])(=O)(=O)
CCCC(CCC)(C1CCCCC1)C(=O)NO,CCN1C=C[N+](C)C1.CCS([O-])(=O)(=O)
C=C[C@H]1CN2CC[C@H]1C[C@H]2[C@@H](c1ccnc2ccc(cc12)OC)O,CCN1C=C[N+](C)C1.CCS([O-])(=O)(=O)
c1ccc(c(c1)C(=O)O)Nc1cccc(c1)C(F)(F)F,CCN1C=C[N+](C)C1.CCS([O-])(=O)(=O)
CC(C)c1cc(c(C)c(c1)N)N,CCN1C=C[N+](C)C1.CCS([O-])(=O)(=O)
CCCCC(C(=O)[O-])[NH3+],CCN1C=C[N+](C)C1.CCS([O-])(=O)(=O)
Cc1ccc2ccc(C)cc2c1,CCN1C=C[N+](C)C1.CCS([O-])(=O)(=O)
c1cc(cc(c1)Nc1ccc(cc1N)Cl)Cl,CCN1C=C[N+](C)C1.CCS([O-])(=O)(=O)
CCC(=Cc1ccco1)C=NNC(=O)N,CCN1C=C[N+](C)C1.CCS([O-])(=O)(=O)
CC1(C)[C@H](CC[C@@]1(C)C(=O)O)C(=O)O,CCN1C=C[N+](C)C1.CCS([O-])(=O)(=O)
C=CC(CC)OC(=O)NC(=O)N,CCN1C=C[N+](C)C1.CCS([O-])(=O)(=O)
C(CS(=O)(=O)CCCl)Cl,CCN1C=C[N+](C)C1.CCS([O-])(=O)(=O)
CC(=C(c1ccccc1)O)C(=O)c1ccccc1,CCN1C=C[N+](C)C1.CCS([O-])(=O)(=O)
Cc1c(C#N)c(c2ccccc2)n(c2ccccc2)n1,CCN1C=C[N+](C)C1.CCS([O-])(=O)(=O)
COc1cc(ccc1O)CC1COC(=O)C1Cc1ccc(c(c1)OC)O,CCN1C=C[N+](C)C1.CCS([O-])(=O)(=O)
c1cc(cc(c1)[N+](=O)[O-])C(=O)N=[N+]=[N-],CCN1C=C[N+](C)C1.CCS([O-])(=O)(=O)
c1c(c(cc(c1[N+](=O)[O-])O)O)[N+](=O)[O-],CCN1C=C[N+](C)C1.CCS([O-])(=O)(=O)
Cc1ccc(C)c(c1)OP(=O)(Oc1cc(C)ccc1C)Oc1cc(C)ccc1C,CCN1C=C[N+](C)C1.CCS([O-])(=O)(=O)
CC(C)[C@@H](C)/C=C/[C@@H](C)[C@H]1CC[C@H]2/C(=C/C=C\3/C[C@H](CCC3=C)O)/CCC[C@]12C,CCN1C=C[N+](C)C1.CCS([O-])(=O)(=O)
c1ccc(cc1)NN=C(C#N)C#N,CCN1C=C[N+](C)C1.CCS([O-])(=O)(=O)
CC(C)NCC(COc1ccc(cc1)CC(=O)N)O,CCN1C=C[N+](C)C1.CCS([O-])(=O)(=O)
c1ccc(cc1)C(c1ccccc1)(C(c1ccccc1)(c1ccccc1)O)O,CCN1C=C[N+](C)C1.CCS([O-])(=O)(=O)
CCn1cc(c(=O)c2ccc(C)nc12)C(=O)O,CCN1C=C[N+](C)C1.CCS([O-])(=O)(=O)
CC1(C)CC[C@@]2(CC[C@]3(C)C(=CC[C@@H]4[C@@]5(C)CC[C@@H](C(C)(C)[C@@H]5CC[C@@]34C)O)[C@@H]2C1)C(=O)O,CCN1C=C[N+](C)C1.CCS([O-])(=O)(=O)
CC(C)COC(=O)c1ccc(cc1)N=Nc1ccc(cc1N)N,CCN1C=C[N+](C)C1.CCS([O-])(=O)(=O)
C(COCn1cnc2c1[nH]c(N)nc2=O)O,CCN1C=C[N+](C)C1.CCS([O-])(=O)(=O)
c1cc(C=C2COCC(=Cc3ccco3)C2=O)oc1,CCN1C=C[N+](C)C1.CCS([O-])(=O)(=O)
CC(CCC1CCCCC1)OC(=O)NC(=O)N,CCN1C=C[N+](C)C1.CCS([O-])(=O)(=O)
Cc1ccc2cc(C(=O)O)c(=O)oc2c1,CCN1C=C[N+](C)C1.CCS([O-])(=O)(=O)
COc1ccc(cc1)S(=O)(=O)NNC(=O)C(c1ccccc1)(c1ccccc1)O,CCN1C=C[N+](C)C1.CCS([O-])(=O)(=O)
CCOC(=O)C(c1ccccc1)SC1=NC(=Cc2ccccc2)C(=O)N1c1ccccc1,CCN1C=C[N+](C)C1.CCS([O-])(=O)(=O)
COc1ccc(cc1)N=Cc1ccc(cc1[N+](=O)[O-])[N+](=O)[O-],CCN1C=C[N+](C)C1.CCS([O-])(=O)(=O)
c1ccc2cc3ccccc3cc2c1,CCN1C=C[N+](C)C1.CCS([O-])(=O)(=O)
CCC(CC)CC1(CCO)C(=O)NC(=S)NC1=O,CCN1C=C[N+](C)C1.CCS([O-])(=O)(=O)
c1ccc(cc1)C(=O)C=P(c1ccccc1)(c1ccccc1)c1ccccc1,CCN1C=C[N+](C)C1.CCS([O-])(=O)(=O)
CN(C)c1ccc(cc1)C(=NC(=S)Nc1ccccc1)c1ccc(cc1)N(C)C,CCN1C=C[N+](C)C1.CCS([O-])(=O)(=O)
C[C@H]1C[C@](C)(C[C@@H]([C@@H](CC2CC(=O)NC(=O)C2)O)C1=O)O,CCN1C=C[N+](C)C1.CCS([O-])(=O)(=O)
c1cc(cc(c1)O)C(=O)N,CCN1C=C[N+](C)C1.CCS([O-])(=O)(=O)
CCS(=O)(=O)C(C)(C(Cl)(Cl)Cl)S(=O)(=O)CC,CCN1C=C[N+](C)C1.CCS([O-])(=O)(=O)
c1ccc(cc1)SCCS(=O)CCSc1ccccc1,CCN1C=C[N+](C)C1.CCS([O-])(=O)(=O)
COCN1C(=O)c2ccccc2C1=O,CCN1C=C[N+](C)C1.CCS([O-])(=O)(=O)
c1ccc(cc1)C(=O)c1ccc(cc1)C(=O)c1ccccc1,CCN1C=C[N+](C)C1.CCS([O-])(=O)(=O)
CCC[C@H]1CC2=C(C[C@@H](CC)CC3=C1C(=O)OC3=O)C(=O)OC2=O,CCN1C=C[N+](C)C1.CCS([O-])(=O)(=O)
CCCCCCCCOC(=O)c1cc(c(c(c1)O)O)O,CCN1C=C[N+](C)C1.CCS([O-])(=O)(=O)
Cc1ccc2c(c1)C(=O)c1cc(ccc1C2=O)C(=O)O,CCN1C=C[N+](C)C1.CCS([O-])(=O)(=O)
COc1cc(c(c(c1OC)[N+](=O)[O-])[N+](=O)[O-])[N+](=O)[O-],CCN1C=C[N+](C)C1.CCS([O-])(=O)(=O)
c1ccc(cc1)COP(=O)(OCc1ccccc1)OCc1ccccc1,CCN1C=C[N+](C)C1.CCS([O-])(=O)(=O)
CCCC(C)CC1(CCO)C(=O)NC(=S)NC1=O,CCN1C=C[N+](C)C1.CCS([O-])(=O)(=O)
CCCC(=O)N(c1ccc(cc1)N(C)C)C(=O)Nc1ccc(cc1)N(C)C,CCN1C=C[N+](C)C1.CCS([O-])(=O)(=O)
c1cc(ccc1Cl)Cl,CCN1C=C[N+](C)C1.CCS([O-])(=O)(=O)
CC(C)CCC1(CCO)C(=O)NC(=S)NC1=O,CCN1C=C[N+](C)C1.CCS([O-])(=O)(=O)
CN(C)CCn1c(nnn1)S,CCN1C=C[N+](C)C1.CCS([O-])(=O)(=O)
c1cc(ccc1C(=O)Nc1ccc(cc1N)N)N,CCN1C=C[N+](C)C1.CCS([O-])(=O)(=O)
c1ccc2c(c1)C(=O)OC2(Nc1cccc(c1)[N+](=O)[O-])Nc1cccc(c1)[N+](=O)[O-],CCN1C=C[N+](C)C1.CCS([O-])(=O)(=O)
C[C@H]1C(=O)CC[C@@H]2[C@]1(C)CC[C@H]1[C@@]2(C)CC[C@@]2(C)[C@@H]3CC(C)(C)CC[C@]3(C)CC[C@]12C,CCN1C=C[N+](C)C1.CCS([O-])(=O)(=O)
CC1(C)COP(=O)(NCCNP2(=O)OCC(C)(C)CO2)OC1,CCN1C=C[N+](C)C1.CCS([O-])(=O)(=O)
C[C@]12C=CC(=O)C=C1CC[C@H]1[C@@H]3CC[C@](C(=O)CO)([C@@]3(C)C[C@@H]([C@H]21)O)O,CCN1C=C[N+](C)C1.CCS([O-])(=O)(=O)
CC(=O)NCC(=O)O,CCN1C=C[N+](C)C1.CCS([O-])(=O)(=O)
CC(=O)Nc1cccc2ccccc12,CCN1C=C[N+](C)C1.CCS([O-])(=O)(=O)
CCCCCCCCCCC(C)(C)C(=O)NO,CCN1C=C[N+](C)C1.CCS([O-])(=O)(=O)
CC(C(=O)c1ccccc1)C(=O)c1ccccc1,CCN1C=C[N+](C)C1.CCS([O-])(=O)(=O)
C1C[C@@H](C(=O)O)NC1,CCN1C=C[N+](C)C1.CCS([O-])(=O)(=O)
CC(C)COC(=O)[C@H]([C@@H](C(=O)OCC(C)C)O)O,CCN1C=C[N+](C)C1.CCS([O-])(=O)(=O)
CCC(CC)(CC(C)C)OC(=O)NC(=O)N,CCN1C=C[N+](C)C1.CCS([O-])(=O)(=O)
c1ccc(cc1)COC(=O)NC(=O)N,CCN1C=C[N+](C)C1.CCS([O-])(=O)(=O)
CCCCC(CC)CC(CC)(CC)C(=O)NO,CCN1C=C[N+](C)C1.CCS([O-])(=O)(=O)
c1ccc(cc1)N(c1ccccc1)c1ccc(cc1)/N=N/c1ccc(cc1)S(=O)(=O)C(F)(F)F,CCN1C=C[N+](C)C1.CCS([O-])(=O)(=O)
CC1CCCCC1OC(=O)NC(=O)N,CCN1C=C[N+](C)C1.CCS([O-])(=O)(=O)
CN1CC[C@]23[C@H]4C=C[C@@H]([C@@H]3Oc3c(ccc(C[C@@H]14)c23)OC)O,CCN1C=C[N+](C)C1.CCS([O-])(=O)(=O)
CCC1(CCO)C(=O)NC(=S)NC1=O,CCN1C=C[N+](C)C1.CCS([O-])(=O)(=O)
CN(C)c1ccc(cc1)C(C#N)(c1ccccc1)c1ccc(cc1)N(C)C,CCN1C=C[N+](C)C1.CCS([O-])(=O)(=O)
c1ccc2c(c1)c(=O)nc(c1ccccc1S(=O)(=O)N)[nH]2,CCN1C=C[N+](C)C1.CCS([O-])(=O)(=O)
c1ccc(cc1)C(c1ccccc1)(C(=O)NNS(=O)(=O)c1ccccc1)O,CCN1C=C[N+](C)C1.CCS([O-])(=O)(=O)
CCCCCCC(=O)N(c1ccc(cc1)N(C)C)C(=O)Nc1ccc(cc1)N(C)C,CCN1C=C[N+](C)C1.CCS([O-])(=O)(=O)
c1cc(ccc1C(=O)O)[N+](=O)[O-],CCN1C=C[N+](C)C1.CCS([O-])(=O)(=O)
c1cc(ccc1C(=O)N[C@@H](CCC(=O)O)C(=O)O)NCc1cnc2c(c(=O)nc(N)[nH]2)n1,CCN1C=C[N+](C)C1.CCS([O-])(=O)(=O)
CCOC(=O)NC(C)(C(=O)O)NC(=O)OCC,CCN1C=C[N+](C)C1.CCS([O-])(=O)(=O)
Cc1c(c(c(c(c1Br)Br)Br)Br)Br,CCN1C=C[N+](C)C1.CCS([O-])(=O)(=O)
c1ccc(cc1)Nc1ccc(cc1)n1nc2ccccc2n1,CCN1C=C[N+](C)C1.CCS([O-])(=O)(=O)
COc1ccc(cc1)N=Cc1ccc(cc1)[N+](=O)[O-],CCN1C=C[N+](C)C1.CCS([O-])(=O)(=O)
COc1cc(C=CC(=O)O)cc(c1O)OC,CCN1C=C[N+](C)C1.CCS([O-])(=O)(=O)
CCOC(=O)Nc1ccc(cc1N)NCc1ccc(cc1)F,CCN1C=C[N+](C)C1.CCS([O-])(=O)(=O)
Cc1ccc(cc1)C(CCC(c1ccccc1)(c1ccc(C)cc1)O)(c1ccccc1)O,CCN1C=C[N+](C)C1.CCS([O-])(=O)(=O)
c1ccc2cc(ccc2c1)OP(=O)(Oc1ccc2ccccc2c1)Oc1ccc2ccccc2c1,CCN1C=C[N+](C)C1.CCS([O-])(=O)(=O)
c1ccc2c(c1)c1CCCC(=O)c1[nH]2,CCN1C=C[N+](C)C1.CCS([O-])(=O)(=O)
CC1(C)C2CC[C@@]1(C)C(=O)/C/2=C(/c1ccccc1)\O,CCN1C=C[N+](C)C1.CCS([O-])(=O)(=O)
CCCCCCCCCCCCCCCCCNC(=O)CCCCCCCCC(=O)O,CCN1C=C[N+](C)C1.CCS([O-])(=O)(=O)
CN1[C@H]2CC[C@@H]1[C@H]([C@H](C2)O)C(=O)O,CCN1C=C[N+](C)C1.CCS([O-])(=O)(=O)
c1ccc2c(c1)c1=NC3=CC=CC(=Nc4c5ccccc5c(N=C5C=CC=C(C5)N=c2[nH]1)[nH]4)C3,CCN1C=C[N+](C)C1.CCS([O-])(=O)(=O)
c1ccc(cc1)/C=C/c1ccccc1,CCN1C=C[N+](C)C1.CCS([O-])(=O)(=O)
CCCn1c2c(c(=O)n(CCC)c1=O)[nH]c(C13CC4CC(CC3C4)C1)n2,CCN1C=C[N+](C)C1.CCS([O-])(=O)(=O)
c1ccc(cc1)C(=O)N=[N+]=[N-],CCN1C=C[N+](C)C1.CCS([O-])(=O)(=O)
CCCCCCCCCCCCCCCCCCCCCCCC,CCN1C=C[N+](C)C1.CCS([O-])(=O)(=O)
c1ccc(cc1)N(c1ccccc1)c1ccc(cc1)/N=N/c1ccc(cc1C(F)(F)F)N(=O)=O,CCN1C=C[N+](C)C1.CCS([O-])(=O)(=O)
c1cc(ccc1C=CC(=O)CC(=O)C=Cc1ccc(cc1)O)O,CCN1C=C[N+](C)C1.CCS([O-])(=O)(=O)
CCCCC(=O)N(c1ccc(cc1)N(C)C)C(=O)Nc1ccc(cc1)N(C)C,CCN1C=C[N+](C)C1.CCS([O-])(=O)(=O)
CC(C)c1ccc(cc1)NC(=O)N(C)C,CCN1C=C[N+](C)C1.CCS([O-])(=O)(=O)
Cc1ccccc1S(=O)(=O)NNC(=O)C(c1ccccc1)(c1ccccc1)O,CCN1C=C[N+](C)C1.CCS([O-])(=O)(=O)
c1cc2c3ccc(cc3C(c2cc1Br)O)N,CCN1C=C[N+](C)C1.CCS([O-])(=O)(=O)
CC(C)CCC[C@@H](C)[C@H]1CC[C@H]2[C@@H]3CC=C4C[C@H](CC[C@]4(C)[C@H]3CC[C@]12C)OC(=O)C(C)C,CCN1C=C[N+](C)C1.CCS([O-])(=O)(=O)
CCCCCCCCCCCCCCCCOC(=O)CCCCCCCCCCCCCCC,CCN1C=C[N+](C)C1.CCS([O-])(=O)(=O)
Cc1cc(cc(C)c1Oc1c(c(N)nc(Nc2ccc(cc2)C#N)n1)Br)C#N,CCN1C=C[N+](C)C1.CCS([O-])(=O)(=O)
CC(c1ccccc1)OC(=O)NC(=O)N,CCN1C=C[N+](C)C1.CCS([O-])(=O)(=O)
c1cc(c(c(c1)Cl)Cl)c1c(N)nc(N)nn1,CCN1C=C[N+](C)C1.CCS([O-])(=O)(=O)
c1ccc(cc1)C(c1ccccc1)(C(=O)NNS(=O)(=O)c1ccc(cc1)N)O,CCN1C=C[N+](C)C1.CCS([O-])(=O)(=O)
CCC(C(=O)O)NC=O,CCN1C=C[N+](C)C1.CCS([O-])(=O)(=O)
c1c(cc(cc1O)O)O,CCN1C=C[N+](C)C1.CCS([O-])(=O)(=O)
CCCC1(CCO)C(=O)NC(=S)NC1=O,CCN1C=C[N+](C)C1.CCS([O-])(=O)(=O)
CCCCCCCOC(=O)NC(=O)N,CCN1C=C[N+](C)C1.CCS([O-])(=O)(=O)
c1ccc(cc1)c1cccc(c1)/N=C/c1ccc(cc1N(=O)=O)N(=O)=O,CCN1C=C[N+](C)C1.CCS([O-])(=O)(=O)
CCC1(CC)C(=O)NC(=S)NC1=O,CCN1C=C[N+](C)C1.CCS([O-])(=O)(=O)
CCCCCCCCCCCCCCCC(=O)OCC(CO)O,CCN1C=C[N+](C)C1.CCS([O-])(=O)(=O)
c1cc(ccc1O)O,CCN1C=C[N+](C)C1.CCS([O-])(=O)(=O)
c1ccc2c(c1)c(CC(C(=O)O)N)c[nH]2,CCN1C=C[N+](C)C1.CCS([O-])(=O)(=O)
COc1cc(/C=C/CO)cc(c1O[C@H]1[C@@H]([C@H]([C@@H]([C@@H](CO)O1)O)O)O)OC,CCN1C=C[N+](C)C1.CCS([O-])(=O)(=O)
CCCCCCCCCCCCCCCCCC(=O)OCCCl,CCN1C=C[N+](C)C1.CCS([O-])(=O)(=O)
CN(c1ccccc1)c1c(cc(cc1[N+](=O)[O-])[N+](=O)[O-])[N+](=O)[O-],CCN1C=C[N+](C)C1.CCS([O-])(=O)(=O)
CC(C)[C@@](CC[C@](C)(C(=O)O)O)(C(=O)O)O,CCN1C=C[N+](C)C1.CCS([O-])(=O)(=O)
c1cc(I)oc1C=O,CCN1C=C[N+](C)C1.CCS([O-])(=O)(=O)
Cc1ccnc(n1)NS(=O)(=O)c1ccc(cc1)N,CCN1C=C[N+](C)C1.CCS([O-])(=O)(=O)
c1ccc(cc1)C1C(=O)C(=O)OC1c1ccc2c(c1)OCO2,CCN1C=C[N+](C)C1.CCS([O-])(=O)(=O)
c1ccc(cc1)N=Nc1ccc(cc1)N(c1ccccc1)c1ccccc1,CCN1C=C[N+](C)C1.CCS([O-])(=O)(=O)
CC(=O)Nc1ccccc1C(=O)O,CCN1C=C[N+](C)C1.CCS([O-])(=O)(=O)
CCOC(=O)C(C(C(=O)OCC)OC(=O)C)OC(=O)C,CCN1C=C[N+](C)C1.CCS([O-])(=O)(=O)
CCCCCCCCCCCCC1C(=O)N=C(N)S1,CCN1C=C[N+](C)C1.CCS([O-])(=O)(=O)
CCCCCCCCCCCCCCCC(=O)OC(=O)CCCCCCCCCCCCCCC,CCN1C=C[N+](C)C1.CCS([O-])(=O)(=O)
CCCC(CCC)OC(=O)NC(=O)N,CCN1C=C[N+](C)C1.CCS([O-])(=O)(=O)
c1ccc(cc1)c1ccc(cc1)/C=N/c1cccc(c1)c1ccccc1,CCN1C=C[N+](C)C1.CCS([O-])(=O)(=O)
c1cc(ccc1C(=O)N)O,CCN1C=C[N+](C)C1.CCS([O-])(=O)(=O)
CN1C(=C(c2ccccc2S1(=O)=O)O)C(=O)Nc1ccccn1,CCN1C=C[N+](C)C1.CCS([O-])(=O)(=O)
Cc1cccc(c1OCC(=O)Nc1ccccc1)Cl,CCN1C=C[N+](C)C1.CCS([O-])(=O)(=O)
c1ccc(cc1)c1c(ccc(c1[N+](=O)[O-])O)[N+](=O)[O-],CCN1C=C[N+](C)C1.CCS([O-])(=O)(=O)
CCOC(=O)[C@H]([C@H](C(=O)N)O)O,CCN1C=C[N+](C)C1.CCS([O-])(=O)(=O)
c1ccc(cc1)Nc1cccc(c1N)Cl,CCN1C=C[N+](C)C1.CCS([O-])(=O)(=O)
CN1CC[C@]23[C@H]4CC[C@@H]([C@@H]3Oc3c(ccc(C[C@@H]14)c23)OC)O,CCN1C=C[N+](C)C1.CCS([O-])(=O)(=O)
c1cc(c(cc1c1c(c(=O)c2c(cc(cc2o1)O)O)O)O)O,CCN1C=C[N+](C)C1.CCS([O-])(=O)(=O)
CC(C)CC(C)OC(=O)NC(=O)N,CCN1C=C[N+](C)C1.CCS([O-])(=O)(=O)
CCCCCCC/C=C/C(=O)N(c1ccc(cc1)N(C)C)C(=O)Nc1ccc(cc1)N(C)C,CCN1C=C[N+](C)C1.CCS([O-])(=O)(=O)
CCCCCCCCCCCCCCCCCC(=O)OCCO,CCN1C=C[N+](C)C1.CCS([O-])(=O)(=O)
CC(=O)Nc1cccc(c1)C(=O)O,CCN1C=C[N+](C)C1.CCS([O-])(=O)(=O)
c1cc(ccc1C=O)O,CCN1C=C[N+](C)C1.CCS([O-])(=O)(=O)
c1ccc(cc1)Nc1ccc(cc1[N+](=O)[O-])[N+](=O)[O-],CCN1C=C[N+](C)C1.CCS([O-])(=O)(=O)
CCCCCCCCC(CC(=O)N(c1ccc(cc1)N(C)C)C(=O)Nc1ccc(cc1)N(C)C)O,CCN1C=C[N+](C)C1.CCS([O-])(=O)(=O)
c1ccc2c(c1)cccc2[N+](=O)[O-],CCN1C=C[N+](C)C1.CCS([O-])(=O)(=O)
CCCCCCCC[C@@H]([C@H](CCCCCCCCCCCC(=O)O)O)N(=O)=O,CCN1C=C[N+](C)C1.CCS([O-])(=O)(=O)
c1cc2c(Cc3cc(ccc23)N)cc1Br,CCN1C=C[N+](C)C1.CCS([O-])(=O)(=O)
c1cc(c(c2c1cc(cc2[N+](=O)[O-])[N+](=O)[O-])[N+](=O)[O-])Cl,CCN1C=C[N+](C)C1.CCS([O-])(=O)(=O)
Cc1ccc(cc1[N+](=O)[O-])[N+](=O)[O-],CCN1C=C[N+](C)C1.CCS([O-])(=O)(=O)
CC(C)OC(=O)NC(=O)N,CCN1C=C[N+](C)C1.CCS([O-])(=O)(=O)
CCCCOC(=O)NC(=O)N,CCN1C=C[N+](C)C1.CCS([O-])(=O)(=O)
CC(C)CC(C(=O)O)N,CCN1C=C[N+](C)C1.CCS([O-])(=O)(=O)
CCCCCCCCCCCCOC(=O)c1cc(c(c(c1)O)O)O,CCN1C=C[N+](C)C1.CCS([O-])(=O)(=O)
COc1cc2c(cc1OC)N1C(=O)C[C@H]3[C@@H]4[C@H]5C[C@H]6[C@]2(CCN6CC5=CCO3)[C@@H]14,CCN1C=C[N+](C)C1.CCS([O-])(=O)(=O)
C=CCc1ccc(c(c1)OC)OCCSCCOc1ccc(CC=C)cc1OC,CCN1C=C[N+](C)C1.CCS([O-])(=O)(=O)
C=CCNC(=S)NNc1ccc(cc1)[N+](=O)[O-],CCN1C=C[N+](C)C1.CCS([O-])(=O)(=O)
c1cc(c(cc1[N+](=O)[O-])C(=O)O)N,CCN1C=C[N+](C)C1.CCS([O-])(=O)(=O)
c1ccc(cc1)C(c1ccccc1)C(c1ccccc1)c1ccccc1,CCN1C=C[N+](C)C1.CCS([O-])(=O)(=O)
Cc1cc2C(c3ccc(c(c3C(=O)c2c(c1)O)OC)O)C1[C@@H]([C@H]([C@@H]([C@@H](CO)O1)O)O)O,CCN1C=C[N+](C)C1.CCS([O-])(=O)(=O)
CCCCC(=O)O[C@H]1CC[C@@]2(C)C(=CC[C@H]3[C@@H]4CC[C@H]([C@H](C)CCCC(C)C)[C@@]4(C)CC[C@H]23)C1,CCN1C=C[N+](C)C1.CCS([O-])(=O)(=O)
CC(C)C1=CC[C@H]2C(=C1)CC[C@@H]1[C@]2(C)CCC[C@@]1(C)C(=O)O,CCN1C=C[N+](C)C1.CCS([O-])(=O)(=O)
CCCCCCCCCCC1C(=O)N=C(N)S1,CCN1C=C[N+](C)C1.CCS([O-])(=O)(=O)
c1ccc2c(c1)cccc2NC(=O)NCCC(=O)O,CCN1C=C[N+](C)C1.CCS([O-])(=O)(=O)
c1ccc(cc1)COC(=O)NCCCCCC(=O)O,CCN1C=C[N+](C)C1.CCS([O-])(=O)(=O)
CC1(C)[C@@]2(C)CC[C@@]1(C(=O)OC2=O)Cl,CCN1C=C[N+](C)C1.CCS([O-])(=O)(=O)
C1[C@@H]([C@H]([C@@H]([C@@H](O1)ON(=O)=O)ON(=O)=O)ON(=O)=O)ON(=O)=O,CCN1C=C[N+](C)C1.CCS([O-])(=O)(=O)
CC(=O)Nc1ccc(cc1)O,CCN1C=C[N+](C)C1.CCS([O-])(=O)(=O)
c1ccc2c(c1)C(=O)c1ccccc1C2=O,CCN1C=C[N+](C)C1.CCS([O-])(=O)(=O)
Cc1ccc(cc1)N(/C(=N/c1ccccc1)/Nc1ccccc1)c1[nH]c2ccc(C)cc2n1,CCN1C=C[N+](C)C1.CCS([O-])(=O)(=O)
c1cc2c(cc1C=O)OCO2,CCN1C=C[N+](C)C1.CCS([O-])(=O)(=O)
CC1(C)CC(=CC(=C(C#N)C#N)C1)/C=C/c1ccc(cc1)O,CCN1C=C[N+](C)C1.CCS([O-])(=O)(=O)
COc1ccc2c(c1)c(ccn2)[C@H]([C@@H]1C[C@H]2CCN1C[C@@H]2C(=O)O)O,CCN1C=C[N+](C)C1.CCS([O-])(=O)(=O)
c1ccc(cc1)N(c1ccccc1)c1ccc(cc1)/N=N/c1ccc(cc1)N(=O)=O,CCN1C=C[N+](C)C1.CCS([O-])(=O)(=O)
c1ccnc(c1)C(=O)O,CCN1C=C[N+](C)C1.CCS([O-])(=O)(=O)
c1ccc2c(c1)c(cc(c2Cl)[N+](=O)[O-])[N+](=O)[O-],CCN1C=C[N+](C)C1.CCS([O-])(=O)(=O)
c1ccc(c(c1)C(=O)N)O,CCN1C=C[N+](C)C1.CCS([O-])(=O)(=O)
C(CCC(=O)[O-])CC[NH3+],CCN1C=C[N+](C)C1.CCS([O-])(=O)(=O)
c1ccc(cc1)/C=C/C=N/NC(=O)C(=O)N,CCN1C=C[N+](C)C1.CCS([O-])(=O)(=O)
C[C@@H]1CCC[C@H](C1)NC(=O)c1ccc2ccccc2c1,CCN1C=C[N+](C)C1.CCS([O-])(=O)(=O)
C(C(CO[N+](=O)[O-])O[N+](=O)[O-])O[N+](=O)[O-],CCN1C=C[N+](C)C1.CCS([O-])(=O)(=O)
CCCCCCC(CC(=O)N(c1ccc(cc1)N(C)C)C(=O)Nc1ccc(cc1)N(C)C)O,CCN1C=C[N+](C)C1.CCS([O-])(=O)(=O)
CC(C)(C)OC(=O)NC(=O)N,CCN1C=C[N+](C)C1.CCS([O-])(=O)(=O)
CC(C)(C)S(=O)(=O)C(C)(C)C,CCN1C=C[N+](C)C1.CCS([O-])(=O)(=O)
Cc1c(cc(cc1[N+](=O)[O-])[N+](=O)[O-])[N+](=O)[O-],CCN1C=C[N+](C)C1.CCS([O-])(=O)(=O)
C1[C@H]([C@@H]([C@H](C(O)O1)O)O)O,CCN1C=C[N+](C)C1.CCS([O-])(=O)(=O)
CCCCCCCCCCCCCCCC(=O)NN,CCN1C=C[N+](C)C1.CCS([O-])(=O)(=O)
CCCCCCCCC(=O)N(c1ccc(cc1)N(C)C)C(=O)Nc1ccc(cc1)N(C)C,CCN1C=C[N+](C)C1.CCS([O-])(=O)(=O)
CC(=O)OC1C(C(C(C(C1OC(=O)C)OC(=O)C)OC(=O)C)OC(=O)C)Br,CCN1C=C[N+](C)C1.CCS([O-])(=O)(=O)
c1cc(ccc1Br)Br,CCN1C=C[N+](C)C1.CCS([O-])(=O)(=O)
CCC(C(C)C)OC(=O)NC(=O)N,CCN1C=C[N+](C)C1.CCS([O-])(=O)(=O)
c1ccc(cc1)Cn1cc(CO)nn1,CCN1C=C[N+](C)C1.CCS([O-])(=O)(=O)
CCCCCCCCCCCCCC(=O)O,CCN1C=C[N+](C)C1.CCS([O-])(=O)(=O)
CC(C)(CO)[C@@H](C(=O)NCCC(=O)NCCSC(=O)c1cccc2ccccc12)O,CCN1C=C[N+](C)C1.CCS([O-])(=O)(=O)
C([C@@H]1[C@H]([C@@H]([C@H]([C@@H](O1)O[N+](=O)[O-])O[N+](=O)[O-])O[N+](=O)[O-])O[N+](=O)[O-])O[N+](=O)[O-],CCN1C=C[N+](C)C1.CCS([O-])(=O)(=O)
C(=C\C(=O)O)/C=C/C(=O)O,CCN1C=C[N+](C)C1.CCS([O-])(=O)(=O)
CC1(C)C2CCC1(C)C(=O)C2Cl,CCN1C=C[N+](C)C1.CCS([O-])(=O)(=O)
c1cc(ccc1N)[N+](=O)[O-],CCN1C=C[N+](C)C1.CCS([O-])(=O)(=O)
c1c(cc(cc1[N+](=O)[O-])[N+](=O)[O-])[N+](=O)[O-],CCN1C=C[N+](C)C1.CCS([O-])(=O)(=O)
CN(C)c1ccc(cc1)NC(=O)N(C=O)c1ccc(cc1)N(C)C,CCN1C=C[N+](C)C1.CCS([O-])(=O)(=O)
c1cc(c(cc1[N+](=O)[O-])[N+](=O)[O-])Oc1c(cc(cc1[N+](=O)[O-])[N+](=O)[O-])[N+](=O)[O-],CCN1C=C[N+](C)C1.CCS([O-])(=O)(=O)
CCCCCCCCCCCCCCCCC1C(=O)N=C(N)S1,CCN1C=C[N+](C)C1.CCS([O-])(=O)(=O)
C(C(=O)O)NC=O,CCN1C=C[N+](C)C1.CCS([O-])(=O)(=O)
CCCCCCCCCCCC(=O)OCC(=O)c1ccccc1,CCN1C=C[N+](C)C1.CCS([O-])(=O)(=O)
C(CCCCCNCCCCCCN)CCCCC(=O)O,CCN1C=C[N+](C)C1.CCS([O-])(=O)(=O)
c1cc(c(cc1[N+](=O)[O-])[N+](=O)[O-])Nc1ccc(cc1[N+](=O)[O-])[N+](=O)[O-],CCN1C=C[N+](C)C1.CCS([O-])(=O)(=O)
Cc1c(cc2c(c1[N+](=O)[O-])C(C)(C)CC2(C)C)[N+](=O)[O-],CCN1C=C[N+](C)C1.CCS([O-])(=O)(=O)
c1ccc(c(c1)C(=O)NO)/N=C/c1ccccn1,CCN1C=C[N+](C)C1.CCS([O-])(=O)(=O)
CCOC(=O)c1ccc(cc1C)NC(=O)C,CCN1C=C[N+](C)C1.CCS([O-])(=O)(=O)
CC(C)(CO)[C@H](C(=O)NCCC(=O)NCCSC(=O)c1ccccc1)O,CCN1C=C[N+](C)C1.CCS([O-])(=O)(=O)
CCCCC(=O)NNC(=O)CCCC,CCN1C=C[N+](C)C1.CCS([O-])(=O)(=O)
CC(C)CCCOC(=O)NC(=O)N,CCN1C=C[N+](C)C1.CCS([O-])(=O)(=O)
C(CO[N+](=O)[O-])N(c1c(cc(cc1[N+](=O)[O-])[N+](=O)[O-])[N+](=O)[O-])[N+](=O)[O-],CCN1C=C[N+](C)C1.CCS([O-])(=O)(=O)
CCCCN(CCCC)CCOC(=O)c1ccc(cc1)/N=N/c1ccc(cc1N)N,CCN1C=C[N+](C)C1.CCS([O-])(=O)(=O)
CCC(=O)NCCNC(=O)CC,CCN1C=C[N+](C)C1.CCS([O-])(=O)(=O)
CN(C)c1ccc(cc1)C(=Nc1ccc(cc1)N)c1ccc(cc1)N(C)C,CCN1C=C[N+](C)C1.CCS([O-])(=O)(=O)
c1ccc(c(c1)Cl)Nc1ccc(cc1N)Cl,CCN1C=C[N+](C)C1.CCS([O-])(=O)(=O)
c1cc2c(c(c1)N)C(=O)N(C1CCC(=O)NC1=O)C2=O,CCN1C=C[N+](C)C1.CCS([O-])(=O)(=O)
Cc1ccc(cc1)C(c1ccc(C)cc1)(C(c1ccc(C)cc1)(c1ccc(C)cc1)O)O,CCN1C=C[N+](C)C1.CCS([O-])(=O)(=O)
CCOC(=O)C1C(=O)CC(C)(C(C1c1ccccc1)C(=O)OCC)O,CCN1C=C[N+](C)C1.CCS([O-])(=O)(=O)
CC1(C)CC(CC(C)(C)N1)O,CCN1C=C[N+](C)C1.CCS([O-])(=O)(=O)
Cc1cc(=O)n(c2ccccc2)n1C,CCN1C=C[N+](C)C1.CCS([O-])(=O)(=O)
c1cnccc1C(=O)N,CCN1C=C[N+](C)C1.CCS([O-])(=O)(=O)
CCOC(=O)/C=C/C=C/C(=O)OCC,CCN1C=C[N+](C)C1.CCS([O-])(=O)(=O)
COC(=O)c1ccccc1O[C@H]1[C@@H]([C@H]([C@@H]([C@@H](CO[C@H]2[C@@H]([C@H]([C@@H](CO2)O)O)O)O1)O)O)O,CCN1C=C[N+](C)C1.CCS([O-])(=O)(=O)
c1ccc(cc1)C(C(c1ccccc1)C(=O)c1ccccc1)C1C(=O)c2ccccc2C1=O,CCN1C=C[N+](C)C1.CCS([O-])(=O)(=O)
CC(=O)N(c1ccc(cc1)N(C)C)C(=O)Nc1ccc(cc1)N(C)C,CCN1C=C[N+](C)C1.CCS([O-])(=O)(=O)
c1ccc(cc1)CCOC(=O)NC(=O)N,CCN1C=C[N+](C)C1.CCS([O-])(=O)(=O)
CC(=CC(C(Cl)(Cl)Cl)O)C,CCN1C=C[N+](C)C1.CCS([O-])(=O)(=O)
CCCCCCC(C)OC(=O)NC(=O)N,CCN1C=C[N+](C)C1.CCS([O-])(=O)(=O)
CCCCCCC(CCC)(CCC)C(=O)NO,CCN1C=C[N+](C)C1.CCS([O-])(=O)(=O)
c1cc(cc(c1)Br)C(=O)O,CCN1C=C[N+](C)C1.CCS([O-])(=O)(=O)
C1COC(=O)CO1,CCN1C=C[N+](C)C1.CCS([O-])(=O)(=O)
CC(C)(C)NCC(COc1cccc2C[C@H]([C@H](Cc12)O)O)O,CCN1C=C[N+](C)C1.CCS([O-])(=O)(=O)
CC(C)C1CCC(C)CC1OC(=O)NC(=O)N,CCN1C=C[N+](C)C1.CCS([O-])(=O)(=O)
c1ccc(cc1)Nc1ccc(cc1)N=Nc1ccccc1,CCN1C=C[N+](C)C1.CCS([O-])(=O)(=O)
COC(=O)c1ccc(cc1)N=Nc1ccc(cc1N)N,CCN1C=C[N+](C)C1.CCS([O-])(=O)(=O)
C1(C(Cl)(Cl)Cl)OC(C(Cl)(Cl)Cl)OC(C(Cl)(Cl)Cl)O1,CCN1C=C[N+](C)C1.CCS([O-])(=O)(=O)
C[C@@H]1CC[C@@]2(CC[C@]3(C)C(=CC[C@@H]4[C@@]5(C)CC[C@@H](C(C)(C)[C@@H]5CC[C@@]34C)O)[C@@H]2[C@H]1C)C(=O)O,CCN1C=C[N+](C)C1.CCS([O-])(=O)(=O)
c1cc2c3ccc(cc3C(c2cc1Cl)O)N,CCN1C=C[N+](C)C1.CCS([O-])(=O)(=O)
CC#CC(=O)N1CCC[C@H]1c1nc(c2ccc(cc2)C(=O)Nc2ccccn2)c2c(N)nccn12,CCN1C=C[N+](C)C1.CCS([O-])(=O)(=O)
c1ccc(cc1)C(=O)/C=C/c1ccc(cc1)[N+](=O)[O-],CCN1C=C[N+](C)C1.CCS([O-])(=O)(=O)
C1CCC(CC1)N(C(=O)C1CCC1)O,CCN1C=C[N+](C)C1.CCS([O-])(=O)(=O)
CCCCc1ccc(cc1)/C(=N\Nc1ccc(C)cc1)/C(=O)O,CCN1C=C[N+](C)C1.CCS([O-])(=O)(=O)
c1ccc2c(c1)[nH]c(c1cscn1)n2,CCN1C=C[N+](C)C1.CCS([O-])(=O)(=O)
c1ccc2c(c1)Nc1ccccc1S2,CCN1C=C[N+](C)C1.CCS([O-])(=O)(=O)
c1cc(c(cc1c1coc2cc(cc(c2c1=O)O)O[C@H]1[C@@H]([C@H]([C@@H]([C@@H](CO)O1)O)O)O)O)O,CCN1C=C[N+](C)C1.CCS([O-])(=O)(=O)
c1cc(Br)oc1C=O,CCN1C=C[N+](C)C1.CCS([O-])(=O)(=O)
C(CCC(=O)O)CC(=O)O,CCN1C=C[N+](C)C1.CCS([O-])(=O)(=O)
CC(=O)NCCNC(=O)C,CCN1C=C[N+](C)C1.CCS([O-])(=O)(=O)
c1cc(ccc1S(=O)(=O)N)S(=O)(=O)N,CCN1C=C[N+](C)C1.CCS([O-])(=O)(=O)
CCCOC(=O)c1ccc(cc1)N=Nc1ccc(cc1N)N,CCN1C=C[N+](C)C1.CCS([O-])(=O)(=O)
c1ccc(cc1)C(=O)O,CCN1C=C[N+](C)C1.CCS([O-])(=O)(=O)
C([C@@H]1[C@H]([C@@H]([C@@H](C(O)O1)O)O)O)O,CCN1C=C[N+](C)C1.CCS([O-])(=O)(=O)
c1ccc(cc1)C(CC(=O)c1ccccc1)C(C#N)c1ccc(cc1)[N+](=O)[O-],CCN1C=C[N+](C)C1.CCS([O-])(=O)(=O)
CCCCCCCCCCCCCCCC(=O)O[C@H]1CO[C@@H](c2ccccc2)OC1,CCN1C=C[N+](C)C1.CCS([O-])(=O)(=O)
CCCCCCCC(=O)N(c1ccc(cc1)N(C)C)C(=O)Nc1ccc(cc1)N(C)C,CCN1C=C[N+](C)C1.CCS([O-])(=O)(=O)
c1ccc(cc1)C(=O)C(=O)c1ccccc1,CCN1C=C[N+](C)C1.CCS([O-])(=O)(=O)
C1CCC2C(C1)C1CC2NC2CCCC(NC3CC(C4CCCCC34)NC3CCCC(C3)N1)N2,CCN1C=C[N+](C)C1.CCS([O-])(=O)(=O)
C[C@H](CCC(=O)O)[C@H]1CC[C@H]2[C@H]3[C@H](CC(=O)[C@]12C)[C@@](C)(CCC(=O)O)[C@H](CC3=O)C(=O)O,CCN1C=C[N+](C)C1.CCS([O-])(=O)(=O)
C/C=C/CCCCCCCC(=O)N(c1ccc(cc1)N(C)C)C(=O)Nc1ccc(cc1)N(C)C,CCN1C=C[N+](C)C1.CCS([O-])(=O)(=O)
c1ccc(cc1)C(c1ccc(cc1)Cl)(C(c1ccccc1)(c1ccc(cc1)Cl)O)O,CCN1C=C[N+](C)C1.CCS([O-])(=O)(=O)
c1ccc2cc(ccc2c1)N(CCCl)CCCl,CCN1C=C[N+](C)C1.CCS([O-])(=O)(=O)
CN(C)c1ccc(cc1)C(=NC(=O)c1ccccc1)c1ccc(cc1)N(C)C,CCN1C=C[N+](C)C1.CCS([O-])(=O)(=O)
c1ccc(cc1)C(C=CC(c1ccccc1)(c1ccccc1)O)(c1ccccc1)O,CCN1C=C[N+](C)C1.CCS([O-])(=O)(=O)
c1cc(c(cc1Cl)Cl)Oc1ccc(cc1O)Cl,CCN1C=C[N+](C)C1.CCS([O-])(=O)(=O)
CCCCCCCCCCCCOC(=O)NC(=O)N,CCN1C=C[N+](C)C1.CCS([O-])(=O)(=O)
CC(C)C1CCC(C)CC1OC(=O)C(c1ccccc1)O,CCN1C=C[N+](C)C1.CCS([O-])(=O)(=O)
O=[S]1CC[S](=O)CC1,CCN1C=C[N+](C)C1.CCS([O-])(=O)(=O)
CCCCCC1(CCO)C(=O)NC(=S)NC1=O,CCN1C=C[N+](C)C1.CCS([O-])(=O)(=O)
Cc1cc(ccc1/N=N/c1ccc(cc1)N(c1ccccc1)c1ccccc1)N(=O)=O,CCN1C=C[N+](C)C1.CCS([O-])(=O)(=O)
CCCCCCCCCCCCCC(=O)NO,CCN1C=C[N+](C)C1.CCS([O-])(=O)(=O)
CC(=CC(=O)N(c1ccc(cc1)N(C)C)C(=O)Nc1ccc(cc1)N(C)C)C,CCN1C=C[N+](C)C1.CCS([O-])(=O)(=O)
COc1ccc(cc1)COC(=O)NC(=O)N,CCN1C=C[N+](C)C1.CCS([O-])(=O)(=O)
c1cc(ccc1C=CC(=O)O)[N+](=O)[O-],CCN1C=C[N+](C)C1.CCS([O-])(=O)(=O)
Cc1cc(cc(c1OCC(=O)Nc1ccccc1)Cl)Cl,CCN1C=C[N+](C)C1.CCS([O-])(=O)(=O)
CC(=O)[C@@]12[C@@H](C[C@H]3[C@@H]4CCC5=CC(=O)CC[C@]5(C)[C@H]4[C@@H](C[C@]13C)O)O2,CCN1C=C[N+](C)C1.CCS([O-])(=O)(=O)
Cc1ccc(cc1)S(=O)(=O)NNC(=O)C(c1ccccc1)(c1ccccc1)O,CCN1C=C[N+](C)C1.CCS([O-])(=O)(=O)
c1cc(ccc1C(=O)O)Cl,CCN1C=C[N+](C)C1.CCS([O-])(=O)(=O)
CC(C)CCC[C@@H](C)[C@H]1CC[C@H]2[C@@H]3CC=C4C[C@H](CC[C@]4(C)[C@H]3CC[C@]12C)OC(=O)C,CCN1C=C[N+](C)C1.CCS([O-])(=O)(=O)
C(CCCNC(=O)OCCCCO)CCNC(=O)OCCCCO,CCN1C=C[N+](C)C1.CCS([O-])(=O)(=O)
Cc1ccc2c(ccc(c2n1)O)[N+](=O)[O-],CCN1C=C[N+](C)C1.CCS([O-])(=O)(=O)
CC(C)(C)c1ccc(cc1)C(=O)NN,CCN1C=C[N+](C)C1.CCS([O-])(=O)(=O)
CN1CC[C@]23[C@H]4C=CC(=O)[C@@H]3Oc3c(ccc(C[C@@H]14)c23)OC,CCN1C=C[N+](C)C1.CCS([O-])(=O)(=O)
CCCC(C)(C)OC(=O)NC(=O)N,CCN1C=C[N+](C)C1.CCS([O-])(=O)(=O)
c1ccc(cc1)C(c1ccccc1Cl)(C(c1ccccc1)(c1ccccc1Cl)O)O,CCN1C=C[N+](C)C1.CCS([O-])(=O)(=O)
c1ccc(cc1)OP(=O)(Oc1ccccc1)Oc1ccccc1,CCN1C=C[N+](C)C1.CCS([O-])(=O)(=O)
CCCC(=Cc1ccco1)C=NNC(=O)N,CCN1C=C[N+](C)C1.CCS([O-])(=O)(=O)
CC1CCC2(CCC3(C)C(=CCC4C5(C)CCC(C(C)(C)C5CCC34C)O)C2C1C)C(=O)OC,CCN1C=C[N+](C)C1.CCS([O-])(=O)(=O)
c1c(cc(c(c1[N+](=O)[O-])C(=O)N=[N+]=[N-])[N+](=O)[O-])[N+](=O)[O-],CCN1C=C[N+](C)C1.CCS([O-])(=O)(=O)
CC(C)CCC[C@@H](C)[C@H]1CC[C@H]2[C@@H]3CC=C4C[C@H](CC[C@]4(C)[C@H]3CC[C@]12C)OC=O,CCN1C=C[N+](C)C1.CCS([O-])(=O)(=O)
c1ccc(cc1)Nc1ccc(cc1)/N=N/c1ccc(cc1)N(=O)=O,CCN1C=C[N+](C)C1.CCS([O-])(=O)(=O)
c1ccc(c(c1)C(=O)O)O,CCN1C=C[N+](C)C1.CCS([O-])(=O)(=O)
c1ccc(c(c1)C(=O)c1ccc(cc1)O)C(=O)O,CCN1C=C[N+](C)C1.CCS([O-])(=O)(=O)
c1ccc2c(c1)c1CCCCc1n2C(=O)N,CCN1C=C[N+](C)C1.CCS([O-])(=O)(=O)
COc1ccc(cc1)N=Cc1ccc(cc1)c1ccccc1,CCN1C=C[N+](C)C1.CCS([O-])(=O)(=O)
CCOC1(C(c2ccccc2)Br)C(=O)NC(=O)N1,CCN1C=C[N+](C)C1.CCS([O-])(=O)(=O)
CCCCCCCCCCCCCCC1C(=O)N=C(N)S1,CCN1C=C[N+](C)C1.CCS([O-])(=O)(=O)
c1ccc(cc1)CC1C(=O)N(c2ccccc2)C(=O)N1CC(=O)O,CCN1C=C[N+](C)C1.CCS([O-])(=O)(=O)
C1C=C(CC[C@@H](CC(=O)O)O)C(=O)C1,CCN1C=C[N+](C)C1.CCS([O-])(=O)(=O)
c1ccc2c(c1)ccc1ccccc21,CCN1C=C[N+](C)C1.CCS([O-])(=O)(=O)
Cc1ccc(cc1)C(c1ccccc1)(C(c1ccccc1)(c1ccc(C)cc1)O)O,CCN1C=C[N+](C)C1.CCS([O-])(=O)(=O)
CCCCC1=NC2(CCCC2)C(=O)N1Cc1ccc(cc1)c1ccccc1c1[nH]nnn1,CCN1C=C[N+](C)C1.CCS([O-])(=O)(=O)
CN[C@]1(CCCCC1=O)c1ccccc1Cl,CCN1C=C[N+](C)C1.CCS([O-])(=O)(=O)
CCCCCCCCCCCCC(=O)N(c1ccc(cc1)N(C)C)C(=O)Nc1ccc(cc1)N(C)C,CCN1C=C[N+](C)C1.CCS([O-])(=O)(=O)
CCOc1ccc(cc1OC)COC(=O)NC(=O)N,CCN1C=C[N+](C)C1.CCS([O-])(=O)(=O)
c1ccc(cc1)N(c1ccccc1)c1ccc(cc1)/N=N/c1ccc(cc1N(=O)=O)N(=O)=O,CCN1C=C[N+](C)C1.CCS([O-])(=O)(=O)
c1ccc(cc1)Nc1cc(ccc1N)Cl,CCN1C=C[N+](C)C1.CCS([O-])(=O)(=O)
c1cc(ccc1C=C1CCC(=Cc2ccc(cc2)O)C1=O)O,CCN1C=C[N+](C)C1.CCS([O-])(=O)(=O)
Cc1c(c(C)c(c(C)c1[N+](=O)[O-])[N+](=O)[O-])[N+](=O)[O-],CCN1C=C[N+](C)C1.CCS([O-])(=O)(=O)
c1ccc2c(c1)[nH]c(=O)n2C1CCN(CCCC(c2ccc(cc2)F)c2ccc(cc2)F)CC1,CCN1C=C[N+](C)C1.CCS([O-])(=O)(=O)
c1cc(c(cc1O)O)c1c(c(=O)c2c(cc(cc2o1)O)O)O,CCN1C=C[N+](C)C1.CCS([O-])(=O)(=O)
COc1c(cc(cc1Br)Br)Br,CCN1C=C[N+](C)C1.CCS([O-])(=O)(=O)
C1[C@H]([C@@H]2[C@@H]([C@@H]3[C@H](O2)O[C@@H](C(Cl)(Cl)Cl)O3)O)O[C@@H](C(Cl)(Cl)Cl)O1,CCN1C=C[N+](C)C1.CCS([O-])(=O)(=O)
C1C/C(=N\O)/C(=N/NC(=S)N)/C(=N/O)/C1,CCN1C=C[N+](C)C1.CCS([O-])(=O)(=O)
c1cc2c(cc(c(c2nc1)O)I)S(=O)(=O)O,CCN1C=C[N+](C)C1.CCS([O-])(=O)(=O)
c1cnccc1C(=O)N/N=C/[C@H]([C@@H]1[C@@H]([C@@H](C(=O)O1)O)O)O,CCN1C=C[N+](C)C1.CCS([O-])(=O)(=O)
Cc1ccc(C)c(c1[N+](=O)[O-])[N+](=O)[O-],CCN1C=C[N+](C)C1.CCS([O-])(=O)(=O)
CCN(CC)CCNC(=O)c1ccc(cc1)NC(=O)/C=C\C(=O)O,CCN1C=C[N+](C)C1.CCS([O-])(=O)(=O)
c1(=O)[nH]c(=O)[nH]c(=O)[nH]1,CCN1C=C[N+](C)C1.CCS([O-])(=O)(=O)
COc1cc(/C=C/C(=O)CC(=O)/C=C/c2ccc(c(c2)OC)O)ccc1O,CCN1C=C[N+](C)C1.CCS([O-])(=O)(=O)
CCOC(=O)c1ccc(cc1)NC(=S)N,CCN1C=C[N+](C)C1.CCS([O-])(=O)(=O)
Cc1cc(c(C)c(c1[N+](=O)[O-])[N+](=O)[O-])[N+](=O)[O-],CCN1C=C[N+](C)C1.CCS([O-])(=O)(=O)
CC(=O)NNC(=O)C,CCN1C=C[N+](C)C1.CCS([O-])(=O)(=O)
c1ccc(cc1)C(c1ccccc1)(C(=O)NNS(=O)(=O)c1ccc(cc1)[N+](=O)[O-])O,CCN1C=C[N+](C)C1.CCS([O-])(=O)(=O)
c1ccc(cc1)Nc1ccc(cc1)n1nc2ccccc2[n+]1[O-],CCN1C=C[N+](C)C1.CCS([O-])(=O)(=O)
CCCCCCCCCCCCCCCCCC(=O)Nc1ccccc1,CCN1C=C[N+](C)C1.CCS([O-])(=O)(=O)
Cc1ccc(cc1)[N+](=O)[O-],CCN1C=C[N+](C)C1.CCS([O-])(=O)(=O)
CCOc1ccc(cc1/C=N/NC(=O)N)[N+](=O)[O-],CCN1C=C[N+](C)C1.CCS([O-])(=O)(=O)
Cc1cnc(NC(=O)C2=C(c3ccccc3S(=O)(=O)N2C)O)s1,CCN1C=C[N+](C)C1.CCS([O-])(=O)(=O)
CCCCC(C)OC(=O)NC(=O)N,CCN1C=C[N+](C)C1.CCS([O-])(=O)(=O)
CCCOC(=O)c1cc(c(c(c1)O)O)O,CCN1C=C[N+](C)C1.CCS([O-])(=O)(=O)
c1ccc(cc1)c1ccccc1,CCN1C=C[N+](C)C1.CCS([O-])(=O)(=O)
c1cc2c(cccc2[N+](=O)[O-])c(c1)[N+](=O)[O-],CCN1C=C[N+](C)C1.CCS([O-])(=O)(=O)
COc1ccc(cc1OC)C(=O)N1CCN(CC1)c1ccc2c(CCC(=O)N2)c1,CCN1C=C[N+](C)C1.CCS([O-])(=O)(=O)
Cc1ccc2c(c1)nc(Nc1ccccc1)[nH]2,CCN1C=C[N+](C)C1.CCS([O-])(=O)(=O)
Cc1ccccc1C(=O)O,CCN1C=C[N+](C)C1.CCS([O-])(=O)(=O)
Cc1cc(cc(c1O)[N+](=O)[O-])[N+](=O)[O-],CCN1C=C[N+](C)C1.CCS([O-])(=O)(=O)
CN(C)c1ccc(cc1)C(=Nc1ccccc1N)c1ccc(cc1)N(C)C,CCN1C=C[N+](C)C1.CCS([O-])(=O)(=O)
