Unnamed: 0,logS,temperature,solvent_smiles,solute_smiles
0,-0.400578187,294.15,CC(=O)C,CN(C)C1=CC=C(C=C1)N=C=NC1=CC=C(C=C1)N(C)C
1,0.394826213,293.15,CC(=O)C,OC1=C(CC2=C(O)C(Cl)=CC(Cl)=C2Cl)C(Cl)=C(Cl)C=C1Cl
2,-1.221572041,291.15,CC(=O)C,[H]C1(O[C@H](CO)[C@@H](O)[C@H](O)[C@H]1O)C1([H])C2=C(C(O)=CC=C2)C(=O)C2=C1C=C(CO)C=C2O
3,0.444041636,293.15,CC(=O)C,OC(=O)C1=CC=CC(=C1)N(=O)=O
4,0.243700949,291.15,CC(=O)C,CN(C1=C(C=C(C=C1N(=O)=O)N(=O)=O)N(=O)=O)N(=O)=O
5,-0.468519224,298.19,CC(=O)C,COC1=CC=C(C=C1O)[C@@H]1CC(=O)C2=C(O1)C=C(O)C=C2O
6,-2.827756863,293.15,CC(=O)C,[H][C@@](C)(CCCC(C)C)[C@@]1([H])CC[C@@]2([H])[C@]3([H])CC=C4C[C@H](CC[C@]4(C)[C@@]3([H])CC[C@]12C)OP([H])(O)=O
7,-0.921291877,298.15,CC(=O)C,NC(=O)C1=CC(=CC=C1)S(N)(=O)=O
8,0.337495442,297.15,CC(=O)C,NC1=CC=C(C=C1)C(O)=O
9,-2.016550754,293.15,CC(=O)C,CC1=NC2=CC=CC(N3CCN(CCC4=CC(=CC=C4)N4CCNC4=O)CC3)=C2C=C1
10,-1.436150825,288.15,CC(=O)C,CCOC1=C(C=C(C=C1N(=O)=O)N(=O)=O)N(=O)=O
11,-0.459237338,293.15,CC(=O)C,CC12SC3(C)SC(C)(S1)SC(C)(S2)S3
12,-1.963880817,298.15,CC(=O)C,OC(=O)C1=CC=C2C(=O)C3=C(C=CC=C3)C(=O)C2=C1
13,-1.069979767,298.15,CC(=O)C,ClC1=C(Cl)C(Cl)=C(Cl)C2=C1C(=O)OC2=O
14,-0.826522497,300.69,CC(=O)C,[H][C@@](C)(CC\C=C(/C)C)[C@@]1([H])CC[C@@]2([H])[C@]3([H])CC=C4C[C@@H](O)CC[C@]4(C)[C@@]3([H])CC[C@]12C
15,-0.420205667,293.15,CC(=O)C,C1=CC2=C3C(C=CC4=C3C(C=C2)=CC=C4)=C1
16,-2.673538801,293.15,CC(=O)C,C[C@H]1CC[C@@H](CC1)N1C2=NC(NC3=NC4=C(CN(CC4)C(=O)CO)C=C3)=NC=C2C2=C1C=NC=C2
17,-0.25853527,297.15,CC(=O)C,O=C(OCOC(=O)C1=CC=CC=C1)C1=CC=CC=C1
18,-1.021978059,288.15,CC(=O)C,O=N(=O)C1=CC2=C(C(=CC=C2)N(=O)=O)C(=C1)N(=O)=O
19,-1.116359437,293.15,CC(=O)C,CCOC(=O)C1=C(N(C)N=C1)S(=O)(=O)NC(=O)NC1=NC(OC)=CC(OC)=N1
20,-2.292959938,293.15,CC(=O)C,CCC(=O)N(C(=O)NC1=CC=C(C=C1)N(C)C)C1=CC=C(C=C1)N(C)C
21,-0.085996242,293.15,CC(=O)C,CC1=CC=C(C(O)=O)C(C)=C1
22,-1.55336281,296.15,CC(=O)C,CC1=CC=CC=C1NC(N)=O
23,-0.902822505,291.15,CC(=O)C,C[C@H]1CC[C@H](CC1)C(N)=O
24,-1.143884926,298.14,CC(=O)C,ClC1=CC=CC2=C1C(=O)C1=CC=CC=C1C2=O
25,-1.540262719,293.15,CC(=O)C,CO[C@H]1O[C@@H]([C@H](O)[C@H](O)[C@H]1O)C(O)=O
26,-1.886057124,298.19,CC(=O)C,[H][C@]12CCC(=C)[C@@H](C\C=C3/C(O)COC3=O)[C@]1(C)CC[C@@H](O)[C@@]2(C)CO
27,-2.348157253,288.15,CC(=O)C,[H][C@@]12OC3=C(O)C=CC4=C3[C@@]11CCN(C)[C@H](C4)[C@]1([H])C=C[C@@H]2O
28,-1.116543475,293.15,CC(=O)C,NC(=O)OCC1=CC(=NO1)C1=CC=C(OCC2=CC=CC=C2)C=C1
29,0.075176197,297.89,CC(=O)C,CC(=O)OC1=CC=CC=C1C(O)=O
30,-2.64193097,293.15,CC(=O)C,CC(=O)NC[C@H]1CN(C(=O)O1)C1=CC=C(C(F)=C1)C1=CC=C(CNCC2=CN=NN2)C=C1
31,-2.045757491,293.15,CC(=O)C,CCCCCCCCOC(=O)C1=C(C)OC2=CC3=C(OC(C)=C3C(=O)OCCCCCCCC)C=C12
32,-0.244127212,299.15,CC(=O)C,ON=C1C(=O)C=CC2=C1C=CC=C2
33,-0.949847239,293.15,CC(=O)C,[H][C@@]12COC(=O)[C@@]1([H])CC1=CC(OC)=C(O)C=C1[C@H]2C1=CC=C(O)C(OC)=C1
34,-0.69945019,298.15,CC(=O)C,[H][C@@](CC1=CC=CC=C1)(NC(C)=O)C(O)=O
35,-1.284407192,293.15,CC(=O)C,[H][C@@](C)(CCCC(C)C)[C@@]1([H])CC[C@@]2([H])[C@]3([H])CC=C4C[C@H](CC[C@]4(C)[C@@]3([H])CC[C@]12C)OC(=O)CC
36,-2.267606191,293.15,CC(=O)C,CCOC(=O)C1=C(C)OC2=CC3=C(OC(C)=C3C(=O)OCC)C=C12
37,-1.297953573,293.15,CC(=O)C,[H][C@@](C)(CCCC(C)C)[C@@]1([H])CC[C@@]2([H])[C@]3([H])CC=C4C[C@H](CC[C@]4(C)[C@@]3([H])CC[C@]12C)OC(=O)CCC
38,0.006849752,295.15,CC(=O)C,[H][C@](OC(=O)C1=CC=C(C)C=C1)(C(O)=O)[C@@]([H])(OC(=O)C1=CC=C(C)C=C1)C(O)=O
39,-1.42044563,298.44,CC(=O)C,COC1=CC2=C(C=C1)C=C(C=C2)[C@H](C)C(O)=O
40,-2.733689172,298.15,CC(=O)C,NC(CC1=CC=CC=C1)C(O)=O
41,-0.704648873,298.15,CC(=O)C,C[C@H]1OC=C2C(O)=C(C(O)=O)C(=O)C(C)=C2[C@@H]1C
42,-1.316098643,298.15,CC(=O)C,NC1=CC=C(CC(O)=O)C=C1
43,-1.995985874,298.14,CC(=O)C,CC(=O)C1C(=O)C=C2OC3=C(C(C)=O)C(O)=C(C)C(O)=C3[C@]2(C)C1=O
44,-0.188065238,298.15,CC(=O)C,O=C1NS(=O)(=O)C2=C1C=CC=C2
45,-0.029200381,297.98999999999995,CC(=O)C,C1CC2=C3C1=CC=CC3=CC=C2
46,0.802944895,290.15,CC(=O)C,ClC1=CC=C(C=C1)N(=O)=O
47,0.072121752,293.15,CC(=O)C,CN(C(=O)C(=O)N(C)N(=O)=O)N(=O)=O
48,0.2903599,298.15,CC(=O)C,C1=CC=C(C=C1)\N=N\C1=CC=CC=C1
49,-0.751730463,296.15,CC(=O)C,CC1=CC=C(NC(N)=O)C=C1
50,-2.004575462,295.15,CC(=O)C,[H][C@](C)(\C=C\[C@@]([H])(C)[C@@]1([H])CC[C@@]2([H])C3=CC=C4C[C@@H](O)CC[C@]4(C)[C@@]3([H])CC[C@]12C)C(C)C
51,0.142253513,298.15,CC(=O)C,N\C(C#N)=C(/N)C#N
52,-3.297191289,293.15,CC(=O)C,[H][C@@](O)(CO)[C@@]([H])(O)[C@]([H])(O)[C@@]([H])(O)CS
53,-1.016460387,298.15,CC(=O)C,ClC1=NC(OC2=CC=C(C=C2)N=NC2=CC=CC=C2)=NC(Cl)=N1
54,-2.843870159,298.15,CC(=O)C,OC1=CC=CC=C1C(=O)NC1=NC=C(S1)N(=O)=O
55,-1.170336471,298.15,CC(=O)C,NC(=O)N1C2=C(C=CC=C2)C=CC2=C1C=CC=C2
56,-0.413887927,293.15,CC(=O)C,C(N(C1=CC=CC=C1)C1=CC=CC=C1)C1=CC=CC=C1
57,0.796849864,288.15,CC(=O)C,COC1=C(C=C(C=C1N(=O)=O)N(=O)=O)N(=O)=O
58,-1.907416736,293.15,CC(=O)C,[H][C@@](C)(CCCC(C)C)[C@@]1([H])CC[C@@]2([H])[C@]3([H])CC=C4C[C@H](CC[C@]4(C)[C@@]3([H])CC[C@]12C)OC(=O)CCCCC
59,-0.439803394,298.15,CC(=O)C,[H][C@@](CC(C)=O)(C1C(=O)OC2=CC=CC=C2C1=O)C1=CC=CC=C1
60,0.035633813,293.15,CC(=O)C,[H][C@@]12CC[C@H](OC(=O)CCCC)[C@@]1(C)CC[C@]1([H])C3=C(CC[C@@]21[H])C=C(OC(=O)C1=CC=CC=C1)C=C3
61,-1.097448168,293.15,CC(=O)C,CC(N(CCC(O)=O)C(=O)C1=CC=CC=C1)C(O)=O
62,-1.485741766,288.15,CC(=O)C,NC(=O)\N=N\C1=CC=CC(=C1)C(N)=O
63,0.359498417,298.15,CC(=O)C,CC(=O)NC1=CC=CC=C1
64,-1.863660145,293.15,CC(=O)C,CCN(C(=O)C1=C(O)C2=C(Cl)C=CC=C2N(C)C1=O)C1=CC=CC=C1
65,-1.371410923,297.98999999999995,CC(=O)C,NC(=O)CN1CCCC1=O
66,-2.283762019,293.15,CC(=O)C,CCCCCCCCCC(=O)N(C(=O)NC1=CC=C(C=C1)N(C)C)C1=CC=C(C=C1)N(C)C
67,-1.10551814,303.15,CC(=O)C,OC(=O)C1=CC=C(C=O)C=C1
68,-0.485005165,293.15,CC(=O)C,ClC1=CC=C(C=C1)S(=O)(=O)C1=CC=C(Cl)C=C1
69,0.056047153,293.15,CC(=O)C,NC1=C(NC2=CC=C(Cl)C=C2)C=C(Cl)C=C1
70,-0.501438686,293.15,CC(=O)C,CC1(C)[C@@H](CC[C@@]1(C)C(N)=O)C(O)=O
71,-1.84227779,298.15,CC(=O)C,OC1=CC=C(O)C2=C1C(=O)C1=CC=CC=C1C2=O
72,-0.958964009,291.15,CC(=O)C,COC(=O)C1=NNN(C)C1=O
73,0.412228301,293.15,CC(=O)C,CC1=CC=CC(C)=C1C(O)=O
74,-2.641848751,293.15,CC(=O)C,CN(C)C1=CC2=C(NC3=C(C(=C(N(C)N(=O)=O)C(=C3)N(=O)=O)N(=O)=O)S2(=O)=O)C=C1
75,0.116482659,293.15,CC(=O)C,NC1=C(NC2=CC=C(Cl)C=C2)C=CC(Cl)=C1
76,-2.489457297,298.14,CC(=O)C,[H][C@](O)(CO)[C@@]([H])(O)[C@]([H])(O)CO
77,-2.052242072,297.86,CC(=O)C,CC(C)CC1=CC=C(C=C1)C(C)C(O)=O
78,-1.627896947,298.15,CC(=O)C,S1C(SC(SC1C1=CC=CC=C1)C1=CC=CC=C1)C1=CC=CC=C1
79,-1.552847631,298.2,CC(=O)C,OC[C@H]1O[C@H]([C@H](O)[C@@H](O)[C@@H]1O)C1=C(O)C=CC2=C1OC=C(C2=O)C1=CC=C(O)C=C1
80,-1.735336862,291.15,CC(=O)C,[H][C@@]12[C@@H](C)CC(=O)[C@]1([H])C(=CO[C@H]2O[C@@H]1O[C@H](CO)[C@@H](O)[C@H](O)[C@H]1O)C(=O)OC
81,0.643456062,293.15,CC(=O)C,OC(=O)C1=C(Br)C=CC=C1Br
82,-0.81694987,294.15,CC(=O)C,O=C(OCC(COC(=O)C1=CC=C(C=C1)N(=O)=O)OC(=O)C1=CC=C(C=C1)N(=O)=O)C1=CC=CC=C1
83,-0.760630239,298.15,CC(=O)C,NS(=O)(=O)C1=CC(=CC=C1)S(N)(=O)=O
84,-1.672818005,293.15,CC(=O)C,[H][C@@](C)(CCCC(C)C)[C@@]1([H])CC[C@@]2([H])[C@]3([H])CC=C4C[C@H](CC[C@]4(C)[C@@]3([H])CC[C@]12C)OC(=O)CC(C)C
85,-2.504718085,298.15,CC(=O)C,CCCSC1=CC=C2NC(NC(=O)OC)=NC2=C1
86,-1.163185841,293.15,CC(=O)C,CCCCCCCC(O)CC(=O)N(C(=O)NC1=CC=C(C=C1)N(C)C)C1=CC=C(C=C1)N(C)C
87,-1.916855674,293.29,CC(=O)C,CC1=COC2=C1C(=O)C(=O)C1=C3CCCC(C)(C)C3=CC=C21
88,-0.929049367,293.15,CC(=O)C,CCCCCCCCC\C=C\C(=O)N(C(=O)NC1=CC=C(C=C1)N(C)C)C1=CC=C(C=C1)N(C)C
89,-0.782235366,292.65,CC(=O)C,NC1=C(C=C(C=C1N(=O)=O)N(=O)=O)N(=O)=O
90,-2.172700209,290.15,CC(=O)C,C1OC(OC1C1OC(OC1C1COC(O1)C1=CC=CC=C1)C1=CC=CC=C1)C1=CC=CC=C1
91,-2.054111614,290.15,CC(=O)C,OOC1(C2=CC=CC=C2)C2=CC=CC=C2C(OO)(C2=CC=CC=C2)C2=C1C=CC=C2
92,-0.167110479,293.15,CC(=O)C,CO\C=C(\C(=O)OC)C1=C(COC2=NC(=CC=C2)C(F)(F)F)C=CC=C1
93,-2.028466869,298.15,CC(=O)C,CCN1C=C(C(O)=O)C(=O)C2=C1N=C(N1CCNCC1)C(F)=C2
94,-1.623085206,293.15,CC(=O)C,CC[C@H]1C2=C(CC[C@@]1(C)C(=O)O[C@@H]1C[C@H](C)CC[C@H]1C(C)C)C1=C(C=C2)C=C(OC)C=C1
95,-0.463121583,298.15,CC(=O)C,[H][C@](NC(C)=O)(C(C)C)C(O)=O
96,0.274707345,296.15,CC(=O)C,OC(=O)C1=CC=CC(O)=C1
97,0.258612562,288.15,CC(=O)C,OC(=O)C1=CC=CC=C1Cl
98,-2.914264861,298.15,CC(=O)C,CCOCN1C(=O)C2=C(C=CC=C2)C1=O
99,-0.792311105,291.15,CC(=O)C,OC1=CC(O)=C2C(=O)C(=COC2=C1)C1=CC(O)=C(O)C=C1
100,-1.660560304,293.15,CC(=O)C,C\C=C\C(=O)N(C(=O)NC1=CC=C(C=C1)N(C)C)C1=CC=C(C=C1)N(C)C
101,-0.981287159,291.45,CC(=O)C,CC1=CC=C2NC3=C(CCCC3=O)C2=C1
102,-0.228397885,290.15,CC(=O)C,CC1(C)C2CCC1(C)C(=O)C2C(=O)C1=CC=CC=C1
103,-0.616930725,293.15,CC(=O)C,O=C1O\C(=N\C2=C(C=CC=C2)N(=O)=O)C2=CC=CC=C12
104,-1.899112145,298.15,CC(=O)C,CC(=O)OC1=CC=C(C=C1)C1=CC(=O)C2=C(OC(C)=O)C=C(OC(C)=O)C=C2O1
105,-1.943231113,290.15,CC(=O)C,C1OC(OC1C1COC(O1)C1=CC=CC=C1)C1=CC=CC=C1
106,-1.613894727,293.15,CC(=O)C,CCCCCCCC\C=C\C(=O)N(C(=O)NC1=CC=C(C=C1)N(C)C)C1=CC=C(C=C1)N(C)C
107,-3.088024262,298.15,CC(=O)C,[H][C@](N)(CSCC#C)C(O)=O
108,0.839847846,287.15,CC(=O)C,OC1=C(C=CC=C1N(=O)=O)N(=O)=O
109,0.130637881,298.15,CC(=O)C,CCCCC(NC(C)=O)C(O)=O
110,-2.619789332,303.15,CC(=O)C,NC1=NC(N)=NC(N)=N1
111,-0.467725965,298.15,CC(=O)C,[H][C@](C)(CC)[C@@]([H])(NC(C)=O)C(O)=O
112,-0.486720856,295.15,CC(=O)C,OC(=O)CNC(=O)C1=C(O)C=C(C=N1)C1=CC(Cl)=CC=C1
113,-1.052568169,298.15,CC(=O)C,C1COCCOC2=C(OCCOCCOC3=C(OCCO1)C=CC=C3)C=CC=C2
114,-0.671145442,293.15,CC(=O)C,Cl[C@H]1[C@H](Cl)[C@@H](Cl)[C@H](Cl)[C@@H](Cl)[C@@H]1Cl
115,-2.387200434,298.15,CC(=O)C,NC1=NC(=O)N(C=C1)[C@@H]1CS[C@H](CO)O1
116,0.296557126,298.15,CC(=O)C,N=C(C#N)C(=N)C#N
117,-0.757114242,293.15,CC(=O)C,[H][C@@]12COC3=C(C=C(OC)C(OC)=C3)[C@]1([H])C(=O)C1=C(O2)C2=C(O[C@H](C2)C(C)=C)C=C1
118,-1.789595827,293.15,CC(=O)C,CCCCCC(=O)N(C(=O)NC1=CC=C(C=C1)N(C)C)C1=CC=C(C=C1)N(C)C
119,-1.00229436,303.15,CC(=O)C,CN1CCN(CC2=CC(C)=CC=C2)CC(C1)NC(=O)C1=NNC2=C1C=CC=C2
120,0.763514653,303.15,CC(=O)C,ClCC1=CC=C(C=C1)N(=O)=O
121,0.273335105,299.15,CC(=O)C,OC(=O)CN(CCC#N)CCC#N
122,-0.415569911,293.15,CC(=O)C,[H][C@@]12CC[C@@](C)([C@@H](O)[C@H]1NC(=O)[C@@H](O)C(C)(C)CO)C2(C)C
123,-0.635148702,293.15,CC(=O)C,C[C@H]1OC(=O)C(C1=O)C(C)(C)C1=C(CC(C)=O)[C@@H](C)OC1=O
124,-2.614625863,298.15,CC(=O)C,[H][C@](O)(C1=CC=NC2=C1C=CC=C2)[C@@]1([H])C[C@@H]2CC[N@]1C[C@@H]2C=C
125,0.424178789,293.15,CC(=O)C,O=C(N=N#N)C1=C(C=CC=C1)N(=O)=O
126,-2.277799425,288.15,CC(=O)C,NC(=O)C1=CC=CC2=NC3=CC=CC=C3N=C12
127,-0.073451345,293.15,CC(=O)C,COC(=O)CN1C(CC2=CC=CC=C2)C(=O)N(C1=O)C1=CC=CC=C1
128,-0.493387613,303.15,CC(=O)C,CN(C)C(=S)SSC(=S)N(C)C
129,-1.745606359,293.15,CC(=O)C,CCCCCCCCCCCC(=O)N(C(=O)NC1=CC=C(C=C1)N(C)C)C1=CC=C(C=C1)N(C)C
130,-0.759830847,298.15,CC(=O)C,CC(N(CCC(O)=O)C(C)=O)C(O)=O
131,-0.294172235,293.15,CC(=O)C,[H][C@@]12OC3=C4C(C[C@H]5N(C)CC[C@@]14[C@@]5([H])CC[C@@H]2OC(C)=O)=CC=C3OC
132,0.247301268,298.14,CC(=O)C,O=C1OC(=O)C2=CC=CC=C12
133,-0.731952364,298.95,CC(=O)C,[H][C@@]12C[C@@]3([H])[C@]4([H])CCC5=CC(=O)CC[C@]5(C)[C@@]4([H])CC[C@]3(C)[C@@]1(O2)C(C)=O
134,-2.265526513,288.15,CC(=O)C,CCCCCCCCCCCCCC(=O)CCCCCCCCC(O)=O
135,-0.04508515,289.15,CC(=O)C,N#CSCCSC#N
136,0.327631972,293.15,CC(=O)C,NC1=C(NC2=CC=CC=C2)C=CC(Cl)=C1
137,0.494803302,299.15,CC(=O)C,CC(N(CCC#N)CCC#N)C(O)=O
138,-0.095388362,293.15,CC(=O)C,CSC1=N[C@](C)(C(=O)N1NC1=CC=CC=C1)C1=CC=CC=C1
139,-1.232358035,295.0,CC(=O)C,[H][C@@]1(C[C@@H]2CC[N@]1C[C@@H]2C=C)[C@@H](O)C1=CC=NC2=CC=C(OC)C=C12
140,-0.022027947,298.15,CC(=O)C,CC(=O)OC[C@H]1O[C@@H](OC(C)=O)[C@H](OC(C)=O)[C@@H](OC(C)=O)[C@@H]1OC(C)=O
141,-0.136173606,293.15,CC(=O)C,NC1=C(NC2=CC(Cl)=CC=C2)C=CC(Cl)=C1
142,-0.3690667,303.15,CC(=O)C,CCCCCCCC(N)=O
143,-1.900236048,293.15,CC(=O)C,OC1=C2C=CC=CC2=C(O)C(=C1)P1(=O)OC2=CC=CC=C2C2=CC=CC=C12
144,-1.906661981,292.15,CC(=O)C,CN1C2C(N(C)C1=O)N(C)S(=O)(=O)N2C
145,0.129779372,293.15,CC(=O)C,O=C(N=N#N)C1=CC(=CC=C1)N(=O)=O
146,-0.200475114,299.15,CC(=O)C,[H][C@](C)(\C=C\[C@@]([H])(C)[C@@]1([H])CC[C@@]2([H])\C(CCC[C@]12C)=C\C=C1\C[C@@H](O)CCC1=C)C(C)C
147,0.389157907,298.15,CC(=O)C,N#C\C(=N/NC1=CC=CC=C1)C#N
148,0.027020488,298.15,CC(=O)C,ClC1=NC(Cl)=NC(Cl)=N1
149,-1.863279662,298.29,CC(=O)C,[H][C@@]12CC(C)(C)CC[C@@]1(CC[C@]1(C)C2=CC[C@]2([H])[C@@]3(C)CC[C@H](O)C(C)(C)[C@]3([H])CC[C@@]12C)C(O)=O
150,-0.038971514,289.15,CC(=O)C,N#CSC=CSC#N
151,-1.130189922,298.0,CC(=O)C,OC1=CC=C2C=CC=CC2=C1\N=N\C1=CC=CC=C1
152,-1.854345088,298.15,CC(=O)C,NC(=O)C1=CC=C(C=C1)S(N)(=O)=O
153,-1.337249478,293.15,CC(=O)C,C1=CC2=CC3=CC=CC=C3C=C2C=C1
154,-1.155973924,293.15,CC(=O)C,CC(OCC(N)=O)C(N)=O
155,-0.537602221,293.15,CC(=O)C,NC(=O)C1=CC(O)=CC=C1
156,-1.272611445,294.15,CC(=O)C,CC(=O)OCC(COC(=O)C1=CC=C(C=C1)N(=O)=O)OC(=O)C1=CC=C(C=C1)N(=O)=O
157,0.440247065,302.15,CC(=O)C,COC1=C(C(=CC(=C1N(=O)=O)N(=O)=O)N(=O)=O)N(=O)=O
158,-1.231019379,294.15,CC(=O)C,O=C(OCC(COC(=O)C1=CC=C(C=C1)N(=O)=O)OC(=O)C1=CC=CC=C1)C1=CC=C(C=C1)N(=O)=O
159,-0.65365556,293.15,CC(=O)C,CO\C=C(\C(C)=O)C1=C(OC2=CC(OC3=C(C=CC=C3)C#N)=NC=N2)C=CC=C1
160,-0.184546074,298.15,CC(=O)C,COCN1C(=O)C2=C(C=CC=C2)C1=O
161,-1.103498678,291.15,CC(=O)C,CC1(C)[C@H](CC[C@@]1(C)C(O)=O)C(N)=O
162,0.277740946,293.15,CC(=O)C,CCC[C@H]1CC2=C(C[C@@H](CC)CC3=C1C(=O)OC3=O)C(=O)OC2=O
163,-1.947267216,293.15,CC(=O)C,CCCC(=O)N(C(=O)NC1=CC=C(C=C1)N(C)C)C1=CC=C(C=C1)N(C)C
164,0.588545704,293.15,CC(=O)C,ClC1=CC=C(Cl)C=C1
165,-0.51935619,293.15,CC(=O)C,O=C1OC(NC2=CC(=CC=C2)N(=O)=O)(NC2=CC(=CC=C2)N(=O)=O)C2=CC=CC=C12
166,-1.358088214,298.14,CC(=O)C,CC1(C)COP(=O)(NCCNP2(=O)OCC(C)(C)CO2)OC1
167,-0.516019467,298.15,CC(=O)C,IC(I)I
168,-0.91579268,297.65,CC(=O)C,COC1=C(NC2=CC(C)=C(C=C2N(=O)=O)N(=O)=O)C=CC=C1
169,0.08790873,298.15,CC(=O)C,CO\N=C(\C(=O)OC)C1=C(CO\N=C(/C)C2=CC(=CC=C2)C(F)(F)F)C=CC=C1
170,0.246296012,293.15,CC(=O)C,C1C2CC3CC1CC(C2)C3
171,-0.369151016,293.15,CC(=O)C,[H][C@@]12OC3=C(OC)C=CC4=C3[C@@]11CCN(C)[C@H](C4)[C@]1([H])C=C[C@@H]2O
172,-1.642960017,293.15,CC(=O)C,CCCCCCC(=O)N(C(=O)NC1=CC=C(C=C1)N(C)C)C1=CC=C(C=C1)N(C)C
173,0.456469311,293.15,CC(=O)C,OC1=C(C=C(C=C1N(=O)=O)N(=O)=O)N(=O)=O
174,-0.135580637,298.15,CC(=O)C,CC1(OC(=O)N(NC2=CC=CC=C2)C1=O)C1=CC=C(OC2=CC=CC=C2)C=C1
175,-0.918843431,303.15,CC(=O)C,[H][C@@]12CCC(=O)[C@@]1(C)CCC1=C3C=CC(O)=CC3=CC=C21
176,-0.245512668,293.15,CC(=O)C,O[C@@H]1CCCC[C@H]1O
177,-0.235201593,290.15,CC(=O)C,CC1(C)[C@@H]2CC[C@@]1(C)C(=O)\C2=C(/O)C1=CC=CC=C1
178,0.85748448,293.15,CC(=O)C,O=C(N=N#N)C1=CC=CC=C1
179,-2.585282514,293.0,CC(=O)C,CCCCCCCCCCCCCCCCCCCCCCCC
180,-0.487933625,288.15,CC(=O)C,O=N(=O)C1=CC=C(C2=C1C=CC=C2N(=O)=O)N(=O)=O
181,-1.948105681,303.15,CC(=O)C,[H][C@@]12C[C@@H](O)[C@H](O)[C@@]1(C)CC[C@]1([H])C3=C(CC[C@@]21[H])C=C(O)C=C3
182,-1.658384817,293.15,CC(=O)C,CCCCC(=O)N(C(=O)NC1=CC=C(C=C1)N(C)C)C1=CC=C(C=C1)N(C)C
183,0.35852951,291.15,CC(=O)C,CNC(=O)C(=N#N)C(=O)OC
184,-1.097351032,288.15,CC(=O)C,O=C1OC(=O)C2C3=C(C=CC=C3)C1C1=C2C=CC=C1
185,-1.659681409,293.15,CC(=O)C,[H][C@@](C)(CCCC(C)C)[C@@]1([H])CC[C@@]2([H])[C@]3([H])CC=C4C[C@H](CC[C@]4(C)[C@@]3([H])CC[C@]12C)OC(=O)C(C)C
186,-1.499232252,296.15,CC(=O)C,OC(=O)C1=CC=CN=C1
187,-1.30213449,291.15,CC(=O)C,ClC1=CC=CC2=C1C=CC1=NC3=CC=CC=C3N(=O)=C21
188,-1.6005955,298.14,CC(=O)C,OC1=CC=CC2=C1C(=O)C1=C(O)C=CC=C1C2=O
189,0.534039156,298.15,CC(=O)C,OC1=CC(O)=CC(O)=C1
190,0.430177531,293.04999999999995,CC(=O)C,CCCCOC(=O)C1=CC=C(O)C=C1
191,0.175105621,299.15,CC(=O)C,[H][C@@](CC1=CC=C(O)C=C1)(N(CCC#N)CCC#N)C(O)=O
192,-1.722553688,298.15,CC(=O)C,CN(C)C1=CC=C(C=C1)N(=O)=O
193,-2.676107361,293.15,CC(=O)C,COC1=CC(\C=C\CO)=CC(OC)=C1O[C@@H]1O[C@H](CO)[C@@H](O)[C@H](O)[C@H]1O
194,-2.403715714,288.15,CC(=O)C,[H][C@]12C[C@@]3([H])C4=CCO[C@@]5([H])CC(=O)N6C7=C(C=CC=C7)[C@@]1(CCN2C4)[C@]6([H])[C@@]35[H]
195,-1.388288632,297.15,CC(=O)C,CC1=NC(NS(=O)(=O)C2=CC=C(N)C=C2)=NC=C1
196,-0.698970004,293.15,CC(=O)C,CC(=O)NC1=CC=CC=C1C(O)=O
197,-1.207123417,293.15,CC(=O)C,OC(=O)[C@H]1[C@H]([C@H]([C@@H]1C1=CC=CC=C1)C1=CC=CC=C1)C(O)=O
198,-0.906578621,293.15,CC(=O)C,NC(=O)C1=CC=C(O)C=C1
199,0.204247063,293.15,CC(=O)C,NC1=C(NC2=CC=CC=C2)C=CC=C1Cl
200,-0.66756881,298.15,CC(=O)C,CC(C)(O)[C@H]1CC[C@@](C)(O)CC1
201,-0.936435936,293.15,CC(=O)C,[H][C@@]12OC3=C4C(C[C@H]5N(C)CC[C@@]14[C@@]5([H])CC[C@@H]2O)=CC=C3OC
202,-0.878291949,293.15,CC(=O)C,OC1=CC(O)=C2C(=O)C(O)=C(OC2=C1)C1=CC=C(O)C(O)=C1
203,-1.37873342,293.15,CC(=O)C,CCCCCCC\C=C\C(=O)N(C(=O)NC1=CC=C(C=C1)N(C)C)C1=CC=C(C=C1)N(C)C
204,-1.954628378,298.15,CC(=O)C,[H][C@@](CCC(O)=O)(NC(C)=O)C(O)=O
205,-1.657577319,293.15,CC(=O)C,CC(=O)NC1=CC=CC(=C1)C(O)=O
206,-0.943035544,288.15,CC(=O)C,O=N(=O)C1=CC=C(NC2=CC=CC=C2)C(=C1)N(=O)=O
207,-2.587123653,295.65,CC(=O)C,CNC(=O)C1=CC=CC=C1SC1=CC=C2C(NN=C2\C=C\C2=NC=CC=C2)=C1
208,-1.759393273,293.15,CC(=O)C,CCCCCCCCC(O)CC(=O)N(C(=O)NC1=CC=C(C=C1)N(C)C)C1=CC=C(C=C1)N(C)C
209,0.775650381,291.15,CC(=O)C,O=N(=O)C1=CC=CC2=C1C=CC=C2
210,-0.685250406,296.15,CC(=O)C,NC(=O)NCC1=CC=CC=C1
211,-0.167429512,290.65,CC(=O)C,O[C@@H]1CCC[C@@H](O)C1
212,0.547763067,288.15,CC(=O)C,CC1=CC=C(C=C1N(=O)=O)N(=O)=O
213,-2.004035333,295.65,CC(=O)C,ClC1=C(Cl)C2=C(Cl)C(Cl)=C(Cl)C(Cl)=C2C(Cl)=C1Cl
214,-1.558874652,293.15,CC(=O)C,[H][C@@](C)(CCCC(C)C)[C@@]1([H])CC[C@@]2([H])[C@]3([H])CC=C4C[C@H](CC[C@]4(C)[C@@]3([H])CC[C@]12C)OC(=O)CCCC
215,-2.163690796,290.15,CC(=O)C,O[C@@]1(C2=CC=CC=C2)C2=C(C=CC=C2)[C@@](O)(C2=CC=CC=C2)C2=C1C=CC=C2
216,0.23155772,298.15,CC(=O)C,CC1=CC=C(C=C1)C1=CC(=NN1C1=CC=C(C=C1)S(N)(=O)=O)C(F)(F)F
217,-0.285320521,298.15,CC(=O)C,CC(=O)NC1=CC=C(O)C=C1
218,-0.154774845,298.15,CC(=O)C,CC1(C)CC(\C=C\C2=CC=C(O)C=C2)=C/C(C1)=C(/C#N)C#N
219,-2.770184797,293.15,CC(=O)C,OCCOC1=C2C=CC=CC2=C(OCCO)C(=C1)P1(=O)OC2=C(C=CC=C2)C2=C1C=CC=C2
220,0.29173523,296.15,CC(=O)C,CN(C(N)=O)C1=CC=CC=C1
221,-2.956637714,293.15,CC(=O)C,CCCCCCCCCCCCCCCCCC(=O)OCCCCOP(O)(=O)OCCN
222,0.242728476,298.15,CC(=O)C,NC(=O)C1=CC=CC=C1O
223,-0.250914279,293.15,CC(=O)C,Cl[C@H]1[C@H](Cl)[C@@H](Cl)C2=CC=CC=C2[C@@H]1Cl
224,0.058657723,293.15,CC(=O)C,CSCC12CSCC(C1)C(C)=CC2=O
225,-1.32820329,293.15,CC(=O)C,CCCCCCC(O)CC(=O)N(C(=O)NC1=CC=C(C=C1)N(C)C)C1=CC=C(C=C1)N(C)C
226,0.433770301,293.15,CC(=O)C,CC(=O)N(C1CCCCC1)C1=CC=CC=C1
227,0.579982105,292.98999999999995,CC(=O)C,CC1=C(C=C(C=C1N(=O)=O)N(=O)=O)N(=O)=O
228,-1.274455393,293.15,CC(=O)C,CCCCCCCCC(=O)N(C(=O)NC1=CC=C(C=C1)N(C)C)C1=CC=C(C=C1)N(C)C
229,-1.915224565,303.15,CC(=O)C,OC1=CC(Br)=C(C=C1)N(=O)=O
230,-0.262381779,293.15,CC(=O)C,CCCCCCCCCCCCCC(O)=O
231,-0.30364119,293.15,CC(=O)C,OC(=O)C1=CC=C(Br)C=C1
232,-1.459936021,293.15,CC(=O)C,[H][C@](O)(C(=O)NCCC(=O)NCCSC(=O)C1=CC=CC2=C1C=CC=C2)C(C)(C)CO
233,0.304933209,298.15,CC(=O)C,NC1=CC=C(C=C1)N(=O)=O
234,0.337934939,290.15,CC(=O)C,O=N(=O)C1=CC(=CC(=C1)N(=O)=O)N(=O)=O
235,-1.684379381,293.15,CC(=O)C,CN(C)C1=CC=C(NC(=O)N(C=O)C2=CC=C(C=C2)N(C)C)C=C1
236,-0.401133386,296.15,CC(=O)C,O=N(=O)C1=CC=C(OC2=C(C=C(C=C2N(=O)=O)N(=O)=O)N(=O)=O)C(=C1)N(=O)=O
237,0.184891445,288.15,CC(=O)C,OC1=CC=C(C=C1N(=O)=O)N(=O)=O
238,-3.841548882,293.15,CC(=O)C,CCCCCCCCCC\C=C\C(=O)N(C(=O)NC1=CC=C(C=C1)N(C)C)C1=CC=C(C=C1)N(C)C
239,-1.11674556,288.15,CC(=O)C,O=N(=O)C1=CC(=C(NC2=CC=C(C=C2N(=O)=O)N(=O)=O)C=C1)N(=O)=O
240,-2.235825584,298.15,CC(=O)C,CCOC(=O)C1=C(C)NC(\C=C2/N=C(C)C(C(=O)OCC)=C/2C)=C1C
241,-0.883639862,293.15,CC(=O)C,[H][C@](O)(C(=O)NCCC(=O)NCCSC(=O)C1=CC=CC=C1)C(C)(C)CO
242,-0.341620856,303.15,CC(=O)C,N1C2=C(C=CC=C2)C2=C1C=CC=C2
243,-0.194784817,293.15,CC(=O)C,CC1=CC(=CC(C)=C1)C(O)=O
244,-1.498936526,298.15,CC(=O)C,C1COCCOC2=C(OCCOCCOCCOC3=C(OCCO1)C=CC=C3)C=CC=C2
245,-2.452585735,296.54999999999995,CC(=O)C,[H][C@](O)(CO)[C@]([H])(O)CO
246,-0.136173606,293.15,CC(=O)C,NC1=C(NC2=C(Cl)C=CC=C2)C=CC(Cl)=C1
247,-2.137703915,293.15,CC(=O)C,NC1=CC=CC2=C1C(=O)N(C1CCC(=O)NC1=O)C2=O
248,-0.274730371,293.15,CC(=O)C,[H][C@@]12CC[C@H](O)[C@@]1(C)CC[C@]1([H])C3=CC=C(OC(=O)C4=CC=CC=C4)C=C3CC[C@@]21[H]
249,-1.170790508,293.15,CC(=O)C,CCCCCCCCCC(O)CC(=O)N(C(=O)NC1=CC=C(C=C1)N(C)C)C1=CC=C(C=C1)N(C)C
250,-0.88605527,295.15,CC(=O)C,O=C1C2=CC(=CC(=C2C2=C1C=C(C=C2)N(=O)=O)N(=O)=O)N(=O)=O
251,-2.567341591,292.15,CC(=O)C,COC(=O)C1=C(O[C@@H]2O[C@H](CO[C@@H]3OC[C@@H](O)[C@H](O)[C@H]3O)[C@@H](O)[C@H](O)[C@H]2O)C=CC=C1
252,-0.784023236,289.15,CC(=O)C,O[C@H]1CC[C@H](O)CC1
253,-1.628811407,288.15,CC(=O)C,ONC(=O)CCCCCCNC(=O)C1=CN=C(N=C1)N(C1=CC=CC=C1)C1=CC=CC=C1Cl
254,0.259120927,293.15,CC(=O)C,CC(=O)CC(=O)N(C1=CC=CC=C1)C1=CC=CC=C1
255,-1.673363962,293.15,CC(=O)C,CN(C)C1=CC=C(NC(=O)N(C(C)=O)C2=CC=C(C=C2)N(C)C)C=C1
256,0.017033838,293.15,CC(=O)C,OC(=O)C1=CC=CC(Br)=C1
257,-0.680578154,303.15,CC(=O)C,[H][C@@]12CC[C@H](O)[C@@]1(C)CC[C@]1([H])C3=CC=C(O)C=C3CC[C@@]21[H]
258,0.964031913,288.45,CC(=O)C,O=C1COCCO1
259,-3.847163773,298.15,CC(=O)C,CCCS(=O)C1=CC=C2NC(NC(=O)OC)=NC2=C1
260,-2.190811492,298.15,CC(=O)C,CC#CC(=O)N1CCC[C@H]1C1=NC(=C2N1C=CN=C2N)C1=CC=C(C=C1)C(=O)NC1=NC=CC=C1
261,-1.330517261,298.15,CC(=O)C,OC1=C2N=CC=CC2=C(Cl)C=C1Cl
262,-2.987228403,291.15,CC(=O)C,OC[C@H]1O[C@@H](OC2=CC3=C(C(=O)C(=CO3)C3=CC(O)=C(O)C=C3)C(O)=C2)[C@H](O)[C@@H](O)[C@@H]1O
263,-0.558543656,298.15,CC(=O)C,ClC1=C2C(=O)C(Cl)(Cl)C(=O)C2=C(Cl)C(Cl)=C1Cl
264,-2.573802534,298.15,CC(=O)C,O=C1OC(=O)C2=C1C=CC(=C2)C1=CC2=C(C=C1)C(=O)OC2=O
265,0.996380458,293.15,CC(=O)C,OC(=O)CC1=CC=CC=C1
266,-0.642191393,298.14,CC(=O)C,OC(=O)CCCCC(O)=O
267,-1.371742918,294.15,CC(=O)C,CC(=O)OC(COC(=O)C1=CC=C(C=C1)N(=O)=O)COC(=O)C1=CC=C(C=C1)N(=O)=O
268,-0.771354104,298.15,CC(=O)C,NS(=O)(=O)C1=CC=C(C=C1)S(N)(=O)=O
269,0.513935905,298.15,CC(=O)C,OC(=O)C1=CC=CC=C1
270,-0.059761557,296.65,CC(=O)C,NC1=CC=C(C(O)=O)C(O)=C1
271,-1.661214006,293.15,CC(=O)C,CCCCCCCC(=O)N(C(=O)NC1=CC=C(C=C1)N(C)C)C1=CC=C(C=C1)N(C)C
272,0.334813507,298.15,CC(=O)C,O=C(C(=O)C1=CC=CC=C1)C1=CC=CC=C1
273,-1.000531873,298.15,CC(=O)C,[H][C@](CC(C)C)(NC(C)=O)C(O)=O
274,-0.187864636,298.15,CC(=O)C,OC(=O)C1=CC(O)=CC=C1O
275,-0.678052926,293.15,CC(=O)C,CNC(=O)C(=N\OC)\C1=C(COC2=CC(C)=CC=C2C)C=CC=C1
276,-1.08782952,298.15,CC(=O)C,CC(OC1=CC=CC2=CC=CC=C12)C(N)=O
277,-2.008829226,293.15,CC(=O)C,C\C=C\CCCCCCCC(=O)N(C(=O)NC1=CC=C(C=C1)N(C)C)C1=CC=C(C=C1)N(C)C
278,0.495843183,288.15,CC(=O)C,ClCCN(CCCl)C1=CC2=CC=CC=C2C=C1
279,-0.855331724,293.15,CC(=O)C,[H][C@@](C)(CCCC(C)C)[C@@]1([H])CC[C@@]2([H])[C@]3([H])CC=C4C[C@H](CC[C@]4(C)[C@@]3([H])CC[C@]12C)OC(=O)C(O)=O
280,-1.549759551,288.15,CC(=O)C,CCCCCCCCCCCCCCCCCCCCCCC(O)=O
281,-0.926617581,292.15,CC(=O)C,CN1C2C(N(C)C1=O)N(C)C(=O)N2C
282,-0.125835238,293.15,CC(=O)C,NC1=C(C(=C(C(=C1N(=O)=O)N(=O)=O)N(=O)=O)N(=O)=O)N(=O)=O
283,-1.361191135,293.15,CC(=O)C,CN(C)C1=CC=C(NC(=O)N(C(=O)\C=C(/C)C)C2=CC=C(C=C2)N(C)C)C=C1
284,-1.657652075,298.35,CC(=O)C,[H][C@@]12C[C@@]3([H])[C@]4([H])CCC5=CC(=O)CC[C@]5(C)[C@@]4([H])[C@H](O)C[C@]3(C)[C@@]1(O2)C(C)=O
285,0.584462402,298.15,CC(=O)C,OC(=O)CC1=CC=C(O)C=C1
286,-1.610363812,293.15,CC(=O)C,O=C(NC1=CC=CC2=CC=CC=C12)N(C1=CC=CC=C1)C1=CC=CC=C1
287,-0.800254097,293.15,CC(=O)C,OC(=O)C1=CC=C(Cl)C=C1
288,0.158363452,293.15,CC(=O)C,OC(=O)C1=CC=CC=C1Br
289,-1.234212462,293.15,CC(=O)C,[H][C@@](C)(CCCC(C)C)[C@@]1([H])CC[C@@]2([H])[C@]3([H])CC=C4C[C@H](CC[C@]4(C)[C@@]3([H])CC[C@]12C)OC(C)=O
290,0.188218301,298.15,CC(=O)C,[H][C@@](CCSC)(NC(C)=O)C(O)=O
291,-1.843158001,293.15,CC(=O)C,OCCCCOC(=O)NCCCCCCNC(=O)OCCCCO
292,-0.953518081,293.15,CC(=O)C,O=C(N=N#N)C1=C(C=C(C=C1N(=O)=O)N(=O)=O)N(=O)=O
293,-0.825313022,293.15,CC(=O)C,[H][C@@](C)(CCCC(C)C)[C@@]1([H])CC[C@@]2([H])[C@]3([H])CC=C4C[C@H](CC[C@]4(C)[C@@]3([H])CC[C@]12C)OC=O
294,0.38412846,298.15,CC(=O)C,OC(=O)C1=CC=CC=C1O
295,-1.973656539,298.15,CC(=O)C,OC1CCN2CC3=CC=CC=C3N=C12
296,-0.983384521,293.19,CC(=O)C,[H][C@]12COC(=O)[C@]1([H])[C@H](C1=CC(OC)=C(OC)C(OC)=C1)C1=C(C=C3OCOC3=C1)[C@@H]2O
297,-0.960685547,293.15,CC(=O)C,O[C@@H](CCC1=CCCC1=O)CC(O)=O
298,-3.038076782,298.23999999999995,CC(=O)C,CCCCC1=NC2(CCCC2)C(=O)N1CC1=CC=C(C=C1)C1=CC=CC=C1C1=NN=NN1
299,-1.952421268,291.15,CC(=O)C,CCCCCCCCCCCCC(=O)N(C(=O)NC1=CC=C(C=C1)N(C)C)C1=CC=C(C=C1)N(C)C
300,-0.10937206,293.15,CC(=O)C,NC1=C(NC2=CC=CC=C2)C=C(Cl)C=C1
301,-1.710176886,290.15,CC(=O)C,OCC1OC(OC2COC(OC12)C1=CC=CC=C1)C1=CC=CC=C1
302,-1.503768559,288.15,CC(=O)C,CC1=C(C(C)=C(C(C)=C1N(=O)=O)N(=O)=O)N(=O)=O
303,-0.718857066,300.04,CC(=O)C,ClC1=NC=C(CN2CCN=C2NN(=O)=O)C=C1
304,-2.872381259,288.15,CC(=O)C,[H][C@@](C)(O)[C@@]1([H])CC[C@@]2([H])[C@]3([H])CC[C@]4([H])C[C@H](O)CC[C@]4(C)[C@@]3([H])CC[C@]12C
305,0.485879894,290.15,CC(=O)C,CC1=C(C(O)=C(C=C1N(=O)=O)N(=O)=O)N(=O)=O
306,-1.977723605,290.15,CC(=O)C,[H][C@@]1(COC(O1)C1=CC=CC=C1)[C@]1([H])O[C@@H](O[C@]2([H])CO[C@@H](O[C@]12[H])C1=CC=CC=C1)C1=CC=CC=C1
307,-1.047799986,293.15,CC(=O)C,OC1=C2C=CC=CC2=C(O)C(=C1)P1(=O)OC2=C(C=CC=C2CC2=CC=CC=C2)C2=C1C=CC=C2
308,-3.642366818,298.15,CC(=O)C,OC1=C2N=CC=CC2=C(C=C1I)S(O)(=O)=O
309,0.18450416,288.15,CC(=O)C,CC1=CC=C(C)C(=C1N(=O)=O)N(=O)=O
310,0.105205217,297.98999999999995,CC(=O)C,OC(=O)C=CC1=CC=CO1
311,-1.193822267,293.15,CC(=O)C,C1=CC=C2C(C=CC=C2C2=CC=CC3=CC=CC=C23)=C1
312,-1.578606935,303.14,CC(=O)C,C1C2CC3C4CC5CC(C14)C(C2)C3C5
313,-0.864231194,298.15,CC(=O)C,COC1=CC(\C=C\C(=O)C=C(O)\C=C\C2=CC=C(O)C(OC)=C2)=CC=C1O
314,-0.683335271,288.15,CC(=O)C,CC1=CC(=C(C)C(=C1N(=O)=O)N(=O)=O)N(=O)=O
315,-0.159574123,293.15,CC(=O)C,CO\N=C(\C(=O)OC)C1=CC=CC=C1COC1=C(C)C=CC=C1
316,0.984337524,288.15,CC(=O)C,CC1=CC=C(C=C1)N(=O)=O
317,-2.029805828,293.15,CC(=O)C,CCOC1=C(C=C(C=C1)N(=O)=O)\C=N\NC(N)=O
318,0.144793846,298.14,CC(=O)C,OC1=CC=C(C=C1)C(=O)C1=C(O)C(O)=C(O)C=C1
319,0.684477909,298.15,CC(=O)C,C1=CC=C(C=C1)C1=CC=CC=C1
320,-1.776470431,289.15,CC(=O)C,O=N(=O)C1=CC=CC2=C(C=CC=C12)N(=O)=O
321,-1.402735403,302.25,CC(=O)C,OCP1(=O)OC2=C(C=CC=C2)C2=CC=CC=C12
322,-2.896797821,298.15,CC(=O)C,COC1=CC=C(C=C1OC)C(=O)N1CCN(CC1)C1=CC2=C(NC(=O)CC2)C=C1
323,0.600506438,288.15,CC(=O)C,CC1=C(O)C(=CC(=C1)N(=O)=O)N(=O)=O
0,-3.332075128,293.15,C1=CC=CC=C1,Cc1cc(O)c2C(=O)c3c(O)cc(O)c4C(=O)C(C)(C)c5cc(O)c1c2c5c34
1,0.171100776,295.15,C1=CC=CC=C1,O=C1CCCCCCCCCCCCCCCCCN1
2,-0.885219291,293.15,C1=CC=CC=C1,Oc1c(Cl)cc(Cl)c(Cl)c1Cc2c(O)c(Cl)cc(Cl)c2Cl
3,-1.342690328,293.15,C1=CC=CC=C1,CCCCCCC(N)=O
4,-0.969402295,298.15,C1=CC=CC=C1,OC(=O)c1cccc(c1)[N+]([O-])=O
5,-0.810589193,291.15,C1=CC=CC=C1,CN(c1c(cc(cc1[N+]([O-])=O)[N+]([O-])=O)[N+]([O-])=O)[N+]([O-])=O
6,-1.058156274,293.15,C1=CC=CC=C1,CCCCCC(N)=O
7,-2.34814254,298.15,C1=CC=CC=C1,Nc1ccc(cc1)C(O)=O
8,0.436610032,290.15,C1=CC=CC=C1,Cc1ccc(cc1)N(c2cccc(C)c2)c3cccc(C)c3
9,0.224355743,288.15,C1=CC=CC=C1,CCOc1c(cc(cc1[N+]([O-])=O)[N+]([O-])=O)[N+]([O-])=O
10,-2.988178757,293.15,C1=CC=CC=C1,COc1cccc(C=NNc2ccc(cc2[N+]([O-])=O)[N+]([O-])=O)c1
11,0.117757985,293.15,C1=CC=CC=C1,CC12SC3(C)SC(C)(S1)SC(C)(S2)S3
12,-0.39912237,293.15,C1=CC=CC=C1,[C@@H]45C3=NC1=C([C@H]2CC[C@@H]1C2(C)C)N=C3[C@@H](CC4)C5(C)C
13,-0.405925001,299.15,C1=CC=CC=C1,C[C@@H]3CCCC(NC(=O)c1cccc2ccccc12)C3
14,-0.044894198,303.15,C1=CC=CC=C1,Cc1ccccc1N=Nc2ccc(O)cc2
15,-0.91164702,298.15,C1=CC=CC=C1,Clc1c(Cl)c(Cl)c2C(=O)OC(=O)c2c1Cl
16,-0.270795364,299.15,C1=CC=CC=C1,N#C/C(c1ccccc1)=N(=O)/c2ccc(Cl)cc2
17,-0.25369029,303.15,C1=CC=CC=C1,Cc1cc(O)ccc1N=Nc2ccccc2
18,-0.259626574,293.15,C1=CC=CC=C1,c1cc2ccc3cccc4ccc(c1)c2c34
19,-3.397897726,298.15,C1=CC=CC=C1,OC(=O)CCC(=O)NNC(=O)c1ccccc1
20,-0.842909873,293.15,C1=CC=CC=C1,Cl[S](=O)(=O)c1cccc2c1cccc2[S](Cl)(=O)=O
21,-0.034809562,297.15,C1=CC=CC=C1,O=C(OCOC(=O)c1ccccc1)c2ccccc2
22,-3.368383065,298.15,C1=CC=CC=C1,OC(=O)CCCCCCCC(O)=O
23,-1.868131264,288.15,C1=CC=CC=C1,[O-][N+](=O)c1cc2cccc(c2c(c1)[N+]([O-])=O)[N+]([O-])=O
24,-1.139808281,303.15,C1=CC=CC=C1,c1ccc(cc1)/N=N/c2ccc(cc2)O
25,-2.795880925,298.15,C1=CC=CC=C1,CCc1c(c2/cc/3\nc(/cc\4/c(c(/c(/[nH]4)c/c5n/c(c\c1[nH]2)/C(=C5C)CC)C)CC)C(=C3C)CC)C
26,-1.4242941,293.15,C1=CC=CC=C1,CCOC(=O)c1cnn(C)c1[S](=O)(=O)NC(=O)Nc2nc(OC)cc(OC)n2
27,-1.881211544,295.15,C1=CC=CC=C1,NC(=O)C(O)c1ccccc1Cl
28,-2.756356503,293.15,C1=CC=CC=C1,N#Cc1c2ccccc2c(C#N)c3ccccc13
29,-0.625153426,293.15,C1=CC=CC=C1,Cc1ccc(c(C)c1)C(O)=O
30,-1.431597495,292.15,C1=CC=CC=C1,C(=CC=Cc1ccccc1)C=Cc2ccccc2
31,-1.507550426,303.15,C1=CC=CC=C1,Oc1ccc(N=Nc2ccccc2)c(O)c1
32,-2.713522567,293.15,C1=CC=CC=C1,CN1CC[C@]23[C@H]4Oc5c(O)ccc(C[C@@H]1[C@@H]2C=C[C@@H]4O)c35
33,-1.019509832,298.15,C1=CC=CC=C1,Oc1ccc(cc1)[N+]([O-])=O
34,-0.431798276,299.15,C1=CC=CC=C1,CC(C)CC(CC(C)C)(CC(C)C)C(=O)NO
35,-1.598802144,295.15,C1=CC=CC=C1,OC(C(O)=O)c1ccc(Cl)cc1
36,0.648860333,293.15,C1=CC=CC=C1,CCC\C=C/C(N)=O
37,-1.554882494,293.15,C1=CC=CC=C1,CCC\C=C\C(N)=O
38,-0.376755606,299.15,C1=CC=CC=C1,ON=C1C(=O)C=Cc2ccccc12
39,-2.188086645,296.15,C1=CC=CC=C1,O=C1c2ccccc2c3c4c1cccc4c5cccc6C(=O)c7ccccc7c3c56
40,-1.40926556,293.15,C1=CC=CC=C1,CCCCCCC(C)=NNC(N)=O
41,-3.81024671,297.15,C1=CC=CC=C1,OC(C#CC(O)(c1ccccc1)c2ccccc2)(c3ccccc3)c4ccccc4
42,-0.942313597,298.15,C1=CC=CC=C1,C[C@H]1OC=C2C(=C(C(O)=O)C(=O)C(=C2[C@@H]1C)C)O
43,-2.971795408,294.15,C1=CC=CC=C1,O=C(C(C(=O)c1ccccc1)C(=O)c2ccccc2)c3ccccc3
44,0.969157398,303.15,C1=CC=CC=C1,CCC1=CC(N=Nc2ccccc2O)(C(O)C=C1)c3ccccc3
45,-2.042149762,298.15,C1=CC=CC=C1,CCCCCCCCC(O)C(O)CCCCCCCC
46,0.260115988,297.98999999999995,C1=CC=CC=C1,C1Cc2cccc3cccc1c23
47,-3.225777791,293.15,C1=CC=CC=C1,O=C1NC(=O)C(N1)(c2ccccc2)c3ccccc3
48,0.667218289,290.15,C1=CC=CC=C1,[O-][N+](=O)c1ccc(Cl)cc1
49,0.060099036,295.15,C1=CC=CC=C1,CCOC(=O)C(=O)C(=O)OCC
50,-2.380508679,293.15,C1=CC=CC=C1,CCC1(C(=O)NC(=O)NC1=O)c2ccccc2
51,-0.389334259,293.15,C1=CC=CC=C1,CN(C(=O)C(=O)N(C)[N+]([O-])=O)[N+]([O-])=O
52,-0.757635078,298.04999999999995,C1=CC=CC=C1,CCCc1ccc(O)cc1O
53,-1.560280876,288.15,C1=CC=CC=C1,Cc5ccc(/N=C(Nc1ccc(C)cc1)/N(c2ccc(C)cc2)c4nc3cc(C)ccc3[nH]4)cc5
54,0.225964192,298.15,C1=CC=CC=C1,c1ccc(cc1)/N=N/c2ccccc2
55,-1.599681728,293.15,C1=CC=CC=C1,CCCC(N)=O
56,-1.62903887,289.15,C1=CC=CC=C1,CC(C)[C@@H](C)/C=C/[C@@H](C)[C@H]1CC[C@H]2C3=CC=C4C[C@@H](O)CC[C@]4(C)[C@H]3CC[C@]12C
57,-2.325706484,292.15,C1=CC=CC=C1,O=C1c2cccc3cccc(c23)C1=C4C(=O)c5cccc6cccc4c56
58,0.012926413,298.15,C1=CC=CC=C1,Nc1ccccc1[N+]([O-])=O
59,0.093925079,293.15,C1=CC=CC=C1,CCCCC(CCC)=NNC(N)=O
60,-0.798836918,298.15,C1=CC=CC=C1,COc1cc2OC[C@H]3Oc4c5C[C@@H](Oc5ccc4C(=O)[C@H]3c2cc1OC)C(C)C
61,-1.721252106,293.15,C1=CC=CC=C1,c1ccc2cc3c(ccc4ccccc34)cc2c1
62,-3.859925539,294.15,C1=CC=CC=C1,CC(=O)NC(Cc1c[nH]c2ccccc12)C(O)=O
63,-0.292462151,303.15,C1=CC=CC=C1,c1ccc(cc1)/N=N/c2cc(cc(c2O)Cl)Cl
64,-1.221602711,293.15,C1=CC=CC=C1,COc1cc(ccc1c2ccccc2)c3ccc(c(OC)c3)c4ccccc4
65,-1.757193026,293.15,C1=CC=CC=C1,CCCCCCCCCCC(N)=O
66,0.534292363,288.15,C1=CC=CC=C1,COc1c(cc(cc1[N+]([O-])=O)[N+]([O-])=O)[N+]([O-])=O
67,-0.921639663,294.15,C1=CC=CC=C1,BrC1C(OC(=O)C1=O)c2ccc(Br)cc2
68,-1.281816615,298.04999999999995,C1=CC=CC=C1,Cc1ccc(O)cc1O
69,-1.071971787,298.15,C1=CC=CC=C1,CCCC(=O)O[C@@]1(CC[C@H]2[C@@H]3CCC4=CC(=O)CC[C@]4(C)[C@H]3[C@@H](O)C[C@]12C)C(=O)COC(=O)CC
70,-1.214763328,298.04999999999995,C1=CC=CC=C1,CCc1c(O)cc(C)cc1O
71,-2.555160472,293.15,C1=CC=CC=C1,CCC1(CC)C(=O)NC(=O)NC1=O
72,-1.303584743,293.15,C1=CC=CC=C1,c1ccc2c(c1)C(c3ccccc23)C4(C5c6ccccc6c7ccccc57)c8ccccc8c9ccccc49
73,-2.917370255,298.15,C1=CC=CC=C1,CCCCCCCCCC(C(O)=O)C(O)=O
74,-1.57469315,289.15,C1=CC=CC=C1,OC(=O)[C@@H](Br)[C@@H](Br)c1ccccc1
75,-1.07109206,298.15,C1=CC=CC=C1,CC(=O)Nc1ccccc1
76,-1.899207463,298.15,C1=CC=CC=C1,COc1cc2OC[C@H]3Oc4c(CC=C(C)C)c(O)ccc4C(=O)[C@H]3c2cc1OC
77,-1.697800618,293.15,C1=CC=CC=C1,CCCCCCCCC(N)=O
78,-1.68029568,297.15,C1=CC=CC=C1,Oc1cccc(O)c1
79,-1.979195892,288.15,C1=CC=CC=C1,Cc1ccc3c(c1)nc(Nc2ccccc2)n3/C(=N\c4ccccc4)Nc5ccccc5
80,-2.166856699,296.15,C1=CC=CC=C1,CC1OC(C)OC(C)OC(C)O1
81,-0.99238638,293.15,C1=CC=CC=C1,[O-][N+](=O)c1ccc(Cc2ccc(cc2)[N+]([O-])=O)cc1
82,-0.614688332,297.15,C1=CC=CC=C1,CCC1(NC(=O)N(C)C1=O)c2ccccc2
83,-0.339592419,299.15,C1=CC=CC=C1,c1(ccccc1)C(C#N)=N(=O)c2ccc(C)cc2
84,0.341264486,293.15,C1=CC=CC=C1,CCCCC\C=C/C(N)=O
85,-1.845642737,293.15,C1=CC=CC=C1,CCCCC/C=C/C(N)=O
86,-0.470606864,298.15,C1=CC=CC=C1,CN1CC[C@]23[C@H]4Oc5c(OC(C)=O)ccc(C[C@@H]1[C@@H]2C=C[C@@H]4OC(C)=O)c35
87,-1.389230833,303.15,C1=CC=CC=C1,CC(=O)c1cccc(c1)N=Nc2cc(C)c(O)cc2C
88,-0.767429023,288.15,C1=CC=CC=C1,CCOC(=O)C(=NNc1c(Br)cc(Br)cc1Br)C#N
89,-0.53745977,303.15,C1=CC=CC=C1,CCc1cc(O)c(C)cc1N=Nc2cccc(c2)C(C)=O
90,-0.1487414,299.15,C1=CC=CC=C1,CCCCCCCCC(CC)(CC)C(=O)NO
91,-1.873628627,288.15,C1=CC=CC=C1,OC(=O)C1c2ccccc2Cc3ccccc13
92,-0.287862464,293.15,C1=CC=CC=C1,Cc1cccc(C)c1C(O)=O
93,-3.625930531,298.15,C1=CC=CC=C1,CCCCCCCCCCC(C(O)=O)C(O)=O
94,-1.551642395,303.15,C1=CC=CC=C1,CCc1cc(O)ccc1N=Nc2cccc(c2)C(C)=O
95,-1.522871363,299.15,C1=CC=CC=C1,CCC(CC)(Cc1ccc(C)cc1)C(=O)NO
96,-0.836325348,298.15,C1=CC=CC=C1,S1C(SC(SC1c2ccccc2)c3ccccc3)c4ccccc4
97,0.113387133,290.15,C1=CC=CC=C1,[O-][N+](=O)c1cc(c(Cl)c(c1)[N+]([O-])=O)[N+]([O-])=O
98,-1.434809842,293.15,C1=CC=CC=C1,CCCCCCC/C=C/C(N)=O
99,0.028641502,293.15,C1=CC=CC=C1,CCCCCCCC=CC(N)=O
100,-0.779883089,293.15,C1=CC=CC=C1,OC(=O)c1c(Br)cccc1Br
101,-3.030984062,293.15,C1=CC=CC=C1,[O-][N+](=O)c1ccc(NN=Cc2cccc(Br)c2)c(c1)[N+]([O-])=O
102,-0.863545786,293.15,C1=CC=CC=C1,O=[S](Cc1ccccc1)Cc2ccccc2
103,-0.602048918,299.15,C1=CC=CC=C1,CCCC(CCC)(c1ccccc1)C(=O)NO
104,-1.213439666,293.15,C1=CC=CC=C1,O=C1c2ccccc2c3cccc4cccc1c34
105,-1.719870244,288.15,C1=CC=CC=C1,Cc1ccc(NC(=Nc2ccc(C)cc2)n3c(Nc4ccc(C)cc4)nc5cc(C)ccc35)cc1
106,-0.519907217,293.15,C1=CC=CC=C1,Cl[S](=O)(=O)c1cc2c(cccc2[S](Cl)(=O)=O)c(c1)[S](Cl)(=O)=O
107,-1.458053873,292.65,C1=CC=CC=C1,Nc1c(cc(cc1[N+]([O-])=O)[N+]([O-])=O)[N+]([O-])=O
108,-2.297149663,290.15,C1=CC=CC=C1,OOC1(c2ccccc2)c3ccccc3C(OO)(c4ccccc4)c5ccccc15
109,-1.307227288,293.15,C1=CC=CC=C1,Cc1ccc(cc1)C(=O)N(O)c2ccc(Cl)cc2
110,-0.587374305,303.15,C1=CC=CC=C1,Oc1ccc(cc1)N=Nc2ccccc2[N+]([O-])=O
111,-3.390787543,293.15,C1=CC=CC=C1,COC(=O)c1ccc(cc1)C=NNc2ccc(cc2[N+]([O-])=O)[N+]([O-])=O
112,0.646344068,303.15,C1=CC=CC=C1,CC(C)(C)c1ccc(O)c(c1)N=Nc2ccccc2
113,-1.588474696,298.15,C1=CC=CC=C1,O[C@H]([C@@H](O)c1ccccc1)c2ccccc2
114,-1.694205445,296.15,C1=CC=CC=C1,Cc1ccc2C(=O)c3ccccc3c4c2c1c5c(C)ccc6C(=O)c7ccccc7c4c56
115,-3.193440523,298.15,C1=CC=CC=C1,OC(=O)c1cccc(O)c1
116,-1.023350612,293.15,C1=CC=CC=C1,N[C@@H](CO)c1ccccc1
117,-1.240463268,288.15,C1=CC=CC=C1,OC(=O)c1ccccc1Cl
118,0.772431391,295.15,C1=CC=CC=C1,Cc1ccc(O)c(c1)C(C)(C)C
119,-1.755138507,293.15,C1=CC=CC=C1,Cl[S](=O)(=O)c1ccc2cc(cc(c2c1)[S](Cl)(=O)=O)[S](Cl)(=O)=O
120,-2.914264861,298.15,C1=CC=CC=C1,CCOCN1C(=O)c2ccccc2C1=O
121,-0.649780609,298.15,C1=CC=CC=C1,C[C@H](O)[C@H](NC(=O)c1ccccc1)C(O)=O
122,-1.354883018,293.15,C1=CC=CC=C1,CCCCC(N)=O
123,0.701736567,298.15,C1=CC=CC=C1,Oc1ccccc1[N+]([O-])=O
124,-0.23843404,290.15,C1=CC=CC=C1,CC1(C)C2CCC1(C)C(=O)C2C(=O)c3ccccc3
125,-0.94359673,293.15,C1=CC=CC=C1,OC(=O)CC1OC(OC1=O)C(Cl)(Cl)Cl
126,-2.309533129,292.15,C1=CC=CC=C1,OC(C(O)=O)c1ccccc1
127,0.56215473,295.15,C1=CC=CC=C1,O=C1CCCCCN1
128,0.720043321,295.25,C1=CC=CC=C1,CCc1c(Cl)c(Cl)c(Cl)c(Cl)c1Cl
129,0.430728222,298.15,C1=CC=CC=C1,ClC(c1ccccc1)(c2ccccc2)c3ccccc3
130,0.205061347,287.15,C1=CC=CC=C1,Oc1c(cccc1[N+]([O-])=O)[N+]([O-])=O
131,-2.432800953,288.15,C1=CC=CC=C1,Cc1ccc(Nc2[nH]c3ccc(C)cc3n2)cc1
132,-0.733732477,291.15,C1=CC=CC=C1,Nc1ccc2c(Cc3cc(Cl)ccc23)c1
133,-0.493942012,292.15,C1=CC=CC=C1,c1ccc(cc1)\C=C\C=C\c2ccccc2
134,-0.79967407,293.15,C1=CC=CC=C1,[O-][N+](=O)c1cc(c(\C=C\c2ccccc2)c(c1)[N+]([O-])=O)[N+]([O-])=O
135,-0.916775407,295.15,C1=CC=CC=C1,O=C1CCCCCCCCCCCN1
136,-1.242384483,293.15,C1=CC=CC=C1,Cl[C@@H]1[C@@H](Cl)[C@H](Cl)[C@@H](Cl)[C@H](Cl)[C@H]1Cl
137,-0.840478568,293.15,C1=CC=CC=C1,c1ccc(cc1)C(c2ccccc2)=C(c3ccccc3)c4ccccc4
138,-3.39725362,293.15,C1=CC=CC=C1,O=N(=O)/C(N(=O)=O)=S/1CCCC1
139,-0.852073862,293.15,C1=CC=CC=C1,Cc1c2ccccc2c(C)c3ccccc13
140,-2.552019331,298.15,C1=CC=CC=C1,c1ccc2C3C4c5ccccc5C(C(c2c1)c6ccccc36)c7ccccc47
141,-0.666544407,293.15,C1=CC=CC=C1,COc1cc2OC[C@H]3Oc4c5C[C@@H](Oc5ccc4C(=O)[C@H]3c2cc1OC)C(C)=C
142,0.426625697,295.15,C1=CC=CC=C1,CCCC(=CC(O)=O)c1ccccc1
143,-0.647291755,303.15,C1=CC=CC=C1,CCc1cc(O)ccc1N=Nc2ccc(cc2)C(C)=O
144,-3.445323923,298.15,C1=CC=CC=C1,C[C@]12CCC(=O)C=C1CC[C@H]3[C@@H]4CC[C@](O)(C(=O)CO)[C@@]4(C)C[C@H](O)[C@H]23
145,-3.840084003,293.15,C1=CC=CC=C1,O=c5c1ccccc1c6c2ccccc2c7c(=O)c3ccccc3c8c4ccccc4c5c6c78
146,-0.892961108,288.15,C1=CC=CC=C1,COc1ccc2[C@H](OC(=O)c2c1OC)[C@@H]3N(C)CCc4cc5OCOc5cc34
147,-0.94009421,291.15,C1=CC=CC=C1,CCOC(=O)C(=NNc1ccccc1OC)C#N
148,-0.465092002,295.15,C1=CC=CC=C1,O=C1CCCCCCCCN1
149,-1.522233474,293.15,C1=CC=CC=C1,C\C=C(\C)C(N)=O
150,-0.907584355,293.15,C1=CC=CC=C1,C\C=C(/C)C(N)=O
151,-0.421566245,303.15,C1=CC=CC=C1,[O-][N+](=O)c1ccc(CCl)cc1
152,-2.423217846,298.15,C1=CC=CC=C1,O[C@@H]([C@@H]1C[C@@H]2CCN1C[C@@H]2C=C)c3ccnc4ccccc34
153,-1.085573957,289.15,C1=CC=CC=C1,BrC(SC#N)C(Br)SC#N
154,-0.261918872,293.15,C1=CC=CC=C1,[O-][N+](=O)c1ccccc1C(=O)N=[N+]=[N-]
155,-0.835359734,293.15,C1=CC=CC=C1,[O-][N+](=O)c1ccccc1\C=C\C(=O)c2ccccc2
156,-0.701577016,303.15,C1=CC=CC=C1,CN(C)C(=S)SSC(=S)N(C)C
157,-0.232009418,289.15,C1=CC=CC=C1,Cc1ccc(cc1)N(c2ccc(C)cc2)c3cccc(C)c3
158,-2.167031491,293.15,C1=CC=CC=C1,O=C1CCC(=O)N1
159,-1.41487513,298.15,C1=CC=CC=C1,CCCCCC(C(O)=O)C(O)=O
160,-2.625148694,295.15,C1=CC=CC=C1,NC(=O)C(O)c1ccc(Cl)cc1
161,-1.149599259,299.15,C1=CC=CC=C1,ClC(Cl)(Cl)SN1C(=O)[C@H]2CC=CC[C@H]2C1=O
162,-0.634717957,293.15,C1=CC=CC=C1,COc1ccc2C[C@@H]3[C@@H]4CC[C@H](OC(C)=O)[C@@H]5Oc1c2[C@]45CCN3C
163,-0.840965168,290.15,C1=CC=CC=C1,N#CSCCSC#N
164,-0.638280143,299.15,C1=CC=CC=C1,CCCC(CCC)(C(=O)NO)C1CCCCC1
165,-1.435382236,298.15,C1=CC=CC=C1,COc1ccc2nccc([C@H](O)[C@H]3C[C@@H]4CCN3C[C@@H]4C=C)c2c1
166,-0.497994303,298.15,C1=CC=CC=C1,CC(=O)OC[C@H]1O[C@@H](OC(C)=O)[C@H](OC(C)=O)[C@@H](OC(C)=O)[C@@H]1OC(C)=O
167,-0.892983945,303.15,C1=CC=CC=C1,Cc1cccc(c1)N=Nc2ccc(O)cc2
168,-3.183542592,293.15,C1=CC=CC=C1,CC1(C(=O)NC(=O)NC1=O)c2ccccc2
169,-1.523330774,293.15,C1=CC=CC=C1,CCCCCCCC(N)=O
170,-1.095765126,293.15,C1=CC=CC=C1,Cc1cccc(n1)C(O)=O
171,-1.375161842,288.15,C1=CC=CC=C1,OC(=O)c1cccc(Cl)c1
172,-1.404797714,298.15,C1=CC=CC=C1,Oc1ccc(Cc2ccccc2O)cc1
173,-1.522914612,298.15,C1=CC=CC=C1,OC(=O)CCCC(=O)NNC(=O)c1ccccc1
174,-3.824304507,298.15,C1=CC=CC=C1,OC(=O)CCCCCCCCCC(O)=O
175,-0.255544509,298.15,C1=CC=CC=C1,OC(c1ccccc1)(c2ccccc2)c3ccccc3
176,0.313612393,293.15,C1=CC=CC=C1,CCOC(=O)c1ccc(C)cc1NC(C)=O
177,-0.569895461,293.15,C1=CC=CC=C1,ClCc1c(Br)cc(Br)cc1Br
178,-0.136980136,293.15,C1=CC=CC=C1,[O-][N+](=O)c1cccc(c1)C(=O)N=[N+]=[N-]
179,0.185868316,292.15,C1=CC=CC=C1,Oc1cccc2cccnc12
180,-2.618624393,298.15,C1=CC=CC=C1,CCCCC(C(O)=O)C(O)=O
181,-0.310699476,298.15,C1=CC=CC=C1,N#CC(=NNc1ccccc1)C#N
182,-0.044531471,298.15,C1=CC=CC=C1,Clc1nc(Cl)nc(Cl)n1
183,-3.486233478,292.15,C1=CC=CC=C1,Oc1ccc(cc1)C=C2CCCC(=Cc3ccc(O)cc3)C2=O
184,-1.99832038,298.15,C1=CC=CC=C1,COc1cc2OC[C@H]3Oc4c(CCC(C)C)c(O)ccc4C(=O)[C@H]3c2cc1OC
185,-0.698070007,290.15,C1=CC=CC=C1,N#CSC=CSC#N
186,-0.876459712,303.15,C1=CC=CC=C1,Oc1ccc(cc1)N=Nc2ccc(Cl)cc2
187,-0.840526284,298.15,C1=CC=CC=C1,Oc1ccccc1Cc2ccccc2O
188,-0.781209421,298.0,C1=CC=CC=C1,O=C\1C=Cc2ccccc2C1=N/Nc3ccccc3
189,-1.615741442,289.15,C1=CC=CC=C1,OC(=O)c1ccc(Cl)cc1Nc2ccccc2
190,-1.656785224,293.15,C1=CC=CC=C1,CCCC/C=C/C(N)=O
191,-0.066068749,293.15,C1=CC=CC=C1,CCCC\C=C/C(N)=O
192,-1.038971067,298.15,C1=CC=CC=C1,c1ccc2cc3ccccc3cc2c1
193,-1.589187993,303.15,C1=CC=CC=C1,Clc1ccc(cc1)C(=O)OC(=O)c2ccc(Cl)cc2
194,-0.484338481,293.15,C1=CC=CC=C1,CC\C=C/C(N)=O
195,-1.907584355,293.15,C1=CC=CC=C1,CC\C=C\C(N)=O
196,-0.718962843,299.15,C1=CC=CC=C1,O=C(C=[P](c1ccccc1)(c2ccccc2)c3ccccc3)c4ccccc4
197,-0.41352337,303.15,C1=CC=CC=C1,Cc1cc(C)c(O)c(c1)N=Nc2ccc(cc2)C(C)=O
198,-1.326752675,302.15,C1=CC=CC=C1,COc1c(c(cc(c1[N+]([O-])=O)[N+]([O-])=O)[N+]([O-])=O)[N+]([O-])=O
199,0.143056052,295.15,C1=CC=CC=C1,O=C1CCCCCCCCCCCCCCN1
200,-0.076849601,303.15,C1=CC=CC=C1,Cc1ccc(O)c(c1)N=Nc2ccccc2
201,-1.685001954,293.15,C1=CC=CC=C1,COC1=CC(=O)C(=C2OC(=CC=C12)c3ccccc3)C
202,-3.357021106,292.15,C1=CC=CC=C1,C(=CC=CC=Cc1ccccc1)C=CC=Cc2ccccc2
203,-0.36063907,298.15,C1=CC=CC=C1,COCN1C(=O)c2ccccc2C1=O
204,-0.64653834,293.15,C1=CC=CC=C1,CCC[C@H]1CC2=C(C[C@@H](CC)CC3=C1C(=O)OC3=O)C(=O)OC2=O
205,-1.924984809,303.15,C1=CC=CC=C1,Oc1ccc(cc1)N=Nc2ccc(cc2)[N+]([O-])=O
206,-0.771634878,303.15,C1=CC=CC=C1,CC(=O)c1cccc(c1)N=Nc2cc(ccc2O)c3ccccc3
207,-0.476427265,303.15,C1=CC=CC=C1,CCC(C)(C)c1ccc(O)c(c1)N=Nc2ccc(cc2)C(C)=O
208,0.029586852,298.15,C1=CC=CC=C1,BrC(c1ccccc1)(c2ccccc2)c3ccccc3
209,-0.917901574,291.15,C1=CC=CC=C1,COc1cc(c(c(c1OC)[N+]([O-])=O)[N+]([O-])=O)[N+]([O-])=O
210,-0.618733559,303.15,C1=CC=CC=C1,Oc1ccc(cc1)N=Nc2cccc(Cl)c2
211,-1.624649091,292.15,C1=CC=CC=C1,OC1(N(CCBr)C(=O)c2ccccc12)c3ccccc3
212,-2.946382076,295.15,C1=CC=CC=C1,NC(=O)C(O)c1cccc(Cl)c1
213,-1.329362948,295.15,C1=CC=CC=C1,O=C1CCCCCCCCCCCCN1
214,-3.928660027,298.15,C1=CC=CC=C1,OC(=O)CC(O)=O
215,-3.150861982,298.14,C1=CC=CC=C1,CC2(C)COP(=O)(NCCNP1(=O)OCC(C)(C)CO1)OC2
216,-0.194327676,306.65,C1=CC=CC=C1,O/N=C(/c1ccccc1)C(=O)c2ccccc2
217,-1.999982157,299.15,C1=CC=CC=C1,CCCCCCCCCCC(C)(C)C(=O)NO
218,-1.616797483,293.15,C1=CC=CC=C1,c1ccc2C#CC#Cc3ccccc3C#CC#Cc2c1
219,-0.24585023,293.15,C1=CC=CC=C1,O=C(OCC(C)C)[C@@H](O)[C@H](O)C(=O)OCC(C)C
220,-1.429002933,298.15,C1=CC=CC=C1,O=C(c1ccccc1)c2cccc3c(cccc23)C(=O)c4ccccc4
221,0.0,299.15,C1=CC=CC=C1,CCCCC(CC)CC(CC)(CC)C(=O)NO
222,-1.607385594,288.15,C1=CC=CC=C1,CCOC(=O)C(=NNc1cccc(Br)c1)C#N
223,-0.83006313,293.15,C1=CC=CC=C1,C1C2CC3CC1CC(C2)C3
224,-0.476208277,298.15,C1=CC=CC=C1,COc1ccc2C[C@@H]3[C@@H]4C=C[C@H](O)[C@@H]5Oc1c2[C@]45CCN3C
225,-0.469843114,293.15,C1=CC=CC=C1,CCCCCC(CC)=NNC(N)=O
226,-0.482089511,295.54999999999995,C1=CC=CC=C1,Oc1c(cc(cc1[N+]([O-])=O)[N+]([O-])=O)[N+]([O-])=O
227,-0.778874472,292.15,C1=CC=CC=C1,Cl[P](Cl)(Cl)=N[S](=O)(=O)c1ccc2ccccc2c1
228,-2.368988937,303.15,C1=CC=CC=C1,C[C@]12CCc3c(ccc4cc(O)ccc34)[C@@H]1CCC2=O
229,-0.768892997,293.15,C1=CC=CC=C1,O=C1CCCc2c1[nH]c3ccccc23
230,-0.392769265,293.15,C1=CC=CC=C1,Cl[P]1(=N[P](=N[P](=N[P](=N1)(Cl)Cl)(Cl)Cl)(Cl)Cl)Cl
231,-1.602648604,293.15,C1=CC=CC=C1,c1ccc(cc1)C(c2ccccc2)(c3ccccc3)c4ccccc4
232,0.015786616,294.15,C1=CC=CC=C1,C\C(=C/C(O)=O)c1ccccc1
233,-0.372644955,294.15,C1=CC=CC=C1,C\C(=C\C(O)=O)c1ccccc1
234,0.105388087,290.15,C1=CC=CC=C1,CC1(C)C2CC[C@@]1(C)C(=O)\C2=C(/O)c3ccccc3
235,-0.246766311,292.15,C1=CC=CC=C1,c1ccc(cc1)\C=C\c2ccccc2
236,0.774785161,293.15,C1=CC=CC=C1,[N-]=[N+]=NC(=O)c1ccccc1
237,-2.30102397,298.15,C1=CC=CC=C1,CCCC(=O)NNC(=O)CCCC(=O)O
238,-0.907224384,303.15,C1=CC=CC=C1,Cc1ccc(cc1)N=Nc2ccc(O)cc2
239,-1.515356338,288.15,C1=CC=CC=C1,[O-][N+](=O)c1ccc(c2c1cccc2[N+]([O-])=O)[N+]([O-])=O
240,-2.295674141,293.15,C1=CC=CC=C1,Cc1cccc(C=NNc2ccc(cc2[N+]([O-])=O)[N+]([O-])=O)c1
241,0.512299784,293.15,C1=CC=CC=C1,CCCCCCC=CC(N)=O
242,-1.61750544,293.15,C1=CC=CC=C1,Oc1ccc(cc1)C(O)(c2ccccc2)c3ccccc3
243,-3.271932299,298.15,C1=CC=CC=C1,CCCCCCCCC(C(O)=O)C(O)=O
244,-1.360352472,293.15,C1=CC=CC=C1,Clc1ccc2c3ccccc3C(=O)c4cccc1c24
245,-1.700971947,298.15,C1=CC=CC=C1,O=C1C[C@@H]2OCC=C3CN4CC[C@@]56[C@@H]4C[C@@H]3[C@@H]2[C@@H]5N1c7ccccc67
246,-1.057741262,298.15,C1=CC=CC=C1,O=C(c1ccccc1)c2cccc3cccc(C(=O)c4ccccc4)c23
247,-1.778654954,296.15,C1=CC=CC=C1,O[C@H]1C=Cc2ccccc2[C@@H]1O
248,-0.655228685,293.15,C1=CC=CC=C1,OC1=C(CCCC2CCCCC2)C(=O)c3ccccc3C1=O
249,-2.025217553,291.15,C1=CC=CC=C1,[O-][N+](=O)c1ccc2c(Cc3cc(Br)ccc23)c1
250,-0.009360791,291.15,C1=CC=CC=C1,CC1(C)Oc2ccc3C=CC(=O)Oc3c2C=C1
251,-1.599833602,298.15,C1=CC=CC=C1,CCCCCCCCCCCCC(=O)CCCCC(O)=O
252,-0.349532325,293.15,C1=CC=CC=C1,COc1ccc2C[C@@H]3[C@@H]4CC[C@H](O)[C@@H]5Oc1c2[C@]45CCN3C
253,-1.622435042,298.04999999999995,C1=CC=CC=C1,Cc1cc(O)cc(O)c1C
254,-2.066774265,293.15,C1=CC=CC=C1,CCCC1(CCC)C(=O)NC(=O)NC1=O
255,-0.324273039,298.15,C1=CC=CC=C1,[O-][N+](=O)c1cccc2ccccc12
256,-1.016759388,291.15,C1=CC=CC=C1,Nc1ccc2c(Cc3cc(Br)ccc23)c1
257,-0.554508694,288.15,C1=CC=CC=C1,CN1[C@@H]2CC[C@H]1CC(C2)OC(=O)C(CO)c3ccccc3
258,-1.723331411,298.15,C1=CC=CC=C1,CC(=O)Oc1ccc(OC(C)=O)c2C(=O)c3ccccc3C(=O)c12
259,0.464896151,288.15,C1=CC=CC=C1,Cc1ccc(cc1[N+]([O-])=O)[N+]([O-])=O
260,-0.035717002,291.15,C1=CC=CC=C1,CCOC(=O)\C=C(/C)NC(C)=O
261,0.371768325,293.15,C1=CC=CC=C1,CCOC(=O)/C=C(/C)NC(C)=O
262,-0.773764165,290.15,C1=CC=CC=C1,CCOC(=O)C(=NNc1ccc2ccccc2c1)C#N
263,-1.374156545,298.15,C1=CC=CC=C1,COc1cc2N3[C@H]4[C@@H]5[C@H](CC3=O)OCC=C6CN7CC[C@]4([C@@H]7C[C@H]56)c2cc1OC
264,-1.768599812,291.15,C1=CC=CC=C1,CCOC(=O)C(=NNc1ccc(cc1)[N+]([O-])=O)C#N
265,-0.748909792,298.15,C1=CC=CC=C1,Oc1cccc(c1)[N+]([O-])=O
266,-2.08450955,290.15,C1=CC=CC=C1,c1ccc(cc1)[C@]2(c3c(cccc3)[C@](c4c2cccc4)(O)c5ccccc5)O
267,-1.908809846,298.15,C1=CC=CC=C1,CC(=O)Nc1ccc(O)cc1
268,-1.789426964,288.15,C1=CC=CC=C1,Cc5ccc(N(/C(=N/c1ccccc1)Nc2ccccc2)c4nc3cc(C)ccc3[nH]4)cc5
269,-1.837930711,295.15,C1=CC=CC=C1,OC(C(O)=O)c1cccc(Cl)c1
270,-0.211017704,298.15,C1=CC=CC=C1,C\C(=N/Oc1c(cc(cc1[N+]([O-])=O)[N+]([O-])=O)[N+]([O-])=O)c2ccccc2
271,-3.164522971,293.15,C1=CC=CC=C1,[O-][N+](=O)c1ccc(NN=Cc2ccc(Br)cc2)c(c1)[N+]([O-])=O
272,-1.488236868,303.15,C1=CC=CC=C1,OC(=O)c1ccccn1
273,0.685732139,293.15,C1=CC=CC=C1,CC(=O)[C@H]1C[C@@H](CC(O)=O)C1(C)C
274,-0.568645966,306.65,C1=CC=CC=C1,CC(C)(CO)CO
275,-0.282011262,293.15,C1=CC=CC=C1,Cl[C@H]1[C@H](Cl)[C@@H](Cl)c2ccccc2[C@@H]1Cl
276,0.233182798,293.15,C1=CC=CC=C1,CSCC12CSCC(C1)C(=CC2=O)C
277,-0.779675607,298.15,C1=CC=CC=C1,COc1ccc(c(O)c1)C(=O)c2ccc(OC)cc2O
278,0.34222424,294.15,C1=CC=CC=C1,Cc1ccc(cc1)C(=O)C=Cc2ccccc2
279,-0.908580662,293.15,C1=CC=CC=C1,OOC(=O)c1ccc(Cl)cc1
280,0.344821243,293.15,C1=CC=CC=C1,CC\C(=C/C(O)=O)c1ccccc1
281,0.028899692,293.15,C1=CC=CC=C1,CC\C(=C\C(O)=O)c1ccccc1
282,0.494044405,298.15,C1=CC=CC=C1,Brc1ccc(Br)cc1
283,-0.286505123,293.15,C1=CC=CC=C1,c1ccc(cc1)c2cc(cc(c2)c3ccccc3)c4ccccc4
284,-1.119177956,299.15,C1=CC=CC=C1,CCCCC(CCCC)(CCCC)C(=O)NO
285,-1.408933126,293.15,C1=CC=CC=C1,c1ccc2c(c1)c3c4cccc5cccc(c45)c6c7ccccc7c8c9cccc%10cccc(c9%10)c2c8c36
286,-0.774933372,292.15,C1=CC=CC=C1,N#C/C(c1ccccc1)=N(=O)/c2cccc(Cl)c2
287,0.049238397,293.15,C1=CC=CC=C1,CCCCCCCCCCCCCC(O)=O
288,-2.769211002,293.15,C1=CC=CC=C1,OC(=O)c1ccc(Br)cc1
289,-3.035264331,293.15,C1=CC=CC=C1,[O-][N+](=O)c1ccc(N/N=C/c2ccc(I)cc2)c(c1)[N+]([O-])=O
290,-1.415999566,298.15,C1=CC=CC=C1,Nc1ccc(cc1)[N+]([O-])=O
291,-0.595103096,290.15,C1=CC=CC=C1,[O-][N+](=O)c1cc(cc(c1)[N+]([O-])=O)[N+]([O-])=O
292,-0.175447737,293.15,C1=CC=CC=C1,CCCCCCCC\C=C/C(N)=O
293,-1.843522888,293.15,C1=CC=CC=C1,CCCCCCCC/C=C/C(N)=O
294,-1.930035861,296.15,C1=CC=CC=C1,[O-][N+](=O)c1ccc(Oc2c(cc(cc2[N+]([O-])=O)[N+]([O-])=O)[N+]([O-])=O)c(c1)[N+]([O-])=O
295,-1.881296599,291.15,C1=CC=CC=C1,COC1=C(C)C(=O)C=C2OC(=CC=C12)c3ccccc3
296,-1.770899639,291.15,C1=CC=CC=C1,OC(=O)C(O)(CCl)c1ccccc1
297,-3.009085289,297.15,C1=CC=CC=C1,CC[C@]1(NC(=O)NC1=O)c2ccccc2
298,-1.641298242,293.15,C1=CC=CC=C1,OC(=O)[C@@H]1c2ccccc2[C@@H](C(=O)c3ccccc3)c4ccccc14
299,-0.51638858,288.15,C1=CC=CC=C1,Oc1ccc(cc1[N+]([O-])=O)[N+]([O-])=O
300,-2.095440049,288.15,C1=CC=CC=C1,[O-][N+](=O)c1ccc(Nc2ccc(cc2[N+]([O-])=O)[N+]([O-])=O)c(c1)[N+]([O-])=O
301,-0.703420946,293.15,C1=CC=CC=C1,CCOC(=O)c1ccc(NC(C)=O)cc1C
302,-1.435660101,288.65,C1=CC=CC=C1,[nH]1c2ccccc2c3ccccc13
303,-0.862736204,293.15,C1=CC=CC=C1,Cc1cc(C)cc(c1)C(O)=O
304,-1.771309128,298.15,C1=CC=CC=C1,[O-][N+](=O)OCCN(c1c(cc(cc1[N+]([O-])=O)[N+]([O-])=O)[N+]([O-])=O)[N+]([O-])=O
305,-0.24525747,303.15,C1=CC=CC=C1,Oc1ccc(cc1)N=Nc2ccccc2Cl
306,-1.364140502,293.15,C1=CC=CC=C1,CN(C)c1ccc(cc1)C(=Nc2ccc(N)cc2)c3ccc(cc3)N(C)C
307,-0.156504393,290.15,C1=CC=CC=C1,CCC1CCCCC1OC(=O)c2ccccc2C(=O)O
308,-0.063451727,303.15,C1=CC=CC=C1,Oc1ccc(cc1Cl)N=Nc2ccccc2
309,-0.427467058,294.15,C1=CC=CC=C1,COc1ccccc1C(/C)=C\C(O)=O
310,-3.713825025,292.15,C1=CC=CC=C1,C(C=CC=CC=Cc1ccccc1)=CC=CC=Cc2ccccc2
311,-1.098639112,293.15,C1=CC=CC=C1,C[C@]12CC[C@H]3[C@@H](CCc4cc(OC(=O)c5ccccc5)ccc34)[C@@H]1CC[C@@H]2O
312,-0.187076494,298.15,C1=CC=CC=C1,Cc1ncc(n1CCO)[N+]([O-])=O
313,-3.334529936,296.15,C1=CC=CC=C1,Cc1cc2C(=O)c3ccccc3c4c2c(c1)c5cc(C)cc6C(=O)c7ccccc7c4c56
314,-0.52151522,293.15,C1=CC=CC=C1,CC1(C)[C@H]2CC[C@]1(C)C(=O)OC2=O
315,-1.138024757,298.04999999999995,C1=CC=CC=C1,CCc1ccc(O)cc1O
316,0.331421669,298.15,C1=CC=CC=C1,C[C@@H](C(O)=O)c1cccc2ccccc12
317,-0.537254369,292.15,C1=CC=CC=C1,N#C/C(c1ccccc1)=N(=O)/c2ccccc2Cl
318,-0.610830638,299.15,C1=CC=CC=C1,CCCCCCC(CCC)(CCC)C(=O)NO
319,-1.129002803,293.15,C1=CC=CC=C1,OC(=O)c1cccc(Br)c1
320,-2.760288511,303.15,C1=CC=CC=C1,C[C@]12CC[C@H]3[C@@H](CCc4cc(O)ccc34)[C@@H]1CC[C@@H]2O
321,-2.506270568,298.15,C1=CC=CC=C1,CCCC(C(O)=O)C(O)=O
322,-1.374513995,303.15,C1=CC=CC=C1,COc1ccccc1N=Nc2ccc(O)cc2
323,-1.088125655,303.15,C1=CC=CC=C1,CC(=O)c1ccc(cc1)N=Nc2cc(Cl)ccc2O
324,-2.369076072,298.15,C1=CC=CC=C1,OC(=O)c1cc(cc(c1)[N+]([O-])=O)[N+]([O-])=O
325,-2.742015861,298.15,C1=CC=CC=C1,OC(=O)\C=C/C(O)=O
326,-1.769556786,293.15,C1=CC=CC=C1,c1ccc2c(c1)ccc3c4ccccc4ccc23
327,-1.251793355,299.15,C1=CC=CC=C1,[O-][N+](=O)c1ccc(/C=C/C(=O)c2ccccc2)cc1
328,-1.095760394,303.15,C1=CC=CC=C1,COc1ccc(cc1)N=Nc2ccc(O)cc2
329,-0.508019325,293.15,C1=CC=CC=C1,CCCCc1ccc(cc1)\C(=N\Nc2ccc(C)cc2)C(O)=O
330,-0.812316622,293.15,C1=CC=CC=C1,N1c2ccccc2Sc3ccccc13
331,0.665550839,298.15,C1=CC=CC=C1,CN1C(=O)CC(C1=O)c2ccccc2
332,-3.326703008,298.15,C1=CC=CC=C1,CCCCCCCCCCCC(C(O)=O)C(O)=O
333,-2.126571704,293.15,C1=CC=CC=C1,C=CCC1(C(=O)NC(=O)NC1=O)c2ccccc2
334,-0.12610793,298.15,C1=CC=CC=C1,OC(=O)c1ccccc1
335,-2.237086256,298.15,C1=CC=CC=C1,Oc1cccc(O)c1O
336,-1.657591748,299.15,C1=CC=CC=C1,Cc1cc(C)c(CC(C)(C)C(=O)NO)c(C)c1
337,-0.23841898,293.15,C1=CC=CC=C1,CCCCCCCC=NNC(N)=O
338,-1.955109128,293.15,C1=CC=CC=C1,CCC1(C(=O)NC(=O)NC1=O)C2=CCCCC2
339,-1.076283953,295.15,C1=CC=CC=C1,O=C1CCCCCCCCCN1
340,0.390657296,298.15,C1=CC=CC=C1,O=C(c1ccccc1)C(=O)c2ccccc2
341,-0.498644836,294.15,C1=CC=CC=C1,[O-][N+](c1ccccc1)=C(C#N)c2ccccc2
342,0.474653884,288.15,C1=CC=CC=C1,ClCCN(CCCl)c1ccc2ccccc2c1
343,-1.603796042,289.15,C1=CC=CC=C1,CN(C)c1ccc(cc1)C(=NC(=O)c2ccccc2)c3ccc(cc3)N(C)C
344,-3.398479204,297.15,C1=CC=CC=C1,OC(C=CC(O)(c1ccccc1)c2ccccc2)(c3ccccc3)c4ccccc4
345,-1.15490196,299.15,C1=CC=CC=C1,CCCCCCCCCCCCCC(=O)NO
346,-0.807836975,298.15,C1=CC=CC=C1,Nc1cccc(c1)[N+]([O-])=O
347,-0.730469196,293.15,C1=CC=CC=C1,C[C@H]1[C@@H]2CC[C@@]3(C)C=CC(=O)C(=C3[C@H]2OC1=O)C
348,-1.244122266,293.15,C1=CC=CC=C1,c1ccc(cc1)c2ccc(cc2)c3ccccc3
349,-1.109455147,296.15,C1=CC=CC=C1,[O-][N+](=O)c1cc(c(c(c1)[N+]([O-])=O)[N+]([O-])=O)[N+]([O-])=O
350,-2.499875251,298.15,C1=CC=CC=C1,CN(C)C(=O)Nc1ccc(Cl)c(Cl)c1
351,0.477141134,303.15,C1=CC=CC=C1,CCc1c(N=Nc2ccccc2O)c(O)cc(C)c1c3ccccc3
352,-2.470429908,293.15,C1=CC=CC=C1,OC(=O)c1ccc(Cl)cc1
353,-1.265213368,293.15,C1=CC=CC=C1,OC(=O)c1ccccc1Br
354,0.90774067,295.15,C1=CC=CC=C1,O=C1CCCCN1
355,-0.498903775,291.15,C1=CC=CC=C1,CCOC(=O)C(=NNc1ccccc1[N+]([O-])=O)C#N
356,-0.231656761,293.15,C1=CC=CC=C1,c1(ccc(cc1)/C(=C\C(=O)O)/C)C
357,-0.88856542,293.15,C1=CC=CC=C1,Cc1ccc(cc1)C(/C)=C/C(O)=O
358,-1.507943623,293.15,C1=CC=CC=C1,[O-][N+](=O)c1cc(c(C(=O)N=[N+]=[N-])c(c1)[N+]([O-])=O)[N+]([O-])=O
359,0.365336625,295.15,C1=CC=CC=C1,O=C1CCCCCCCN1
360,-2.978281988,293.15,C1=CC=CC=C1,C1c2ccccc2c3c1c4c(Cc5ccccc45)c6c3Cc7ccccc67
361,-1.307759578,298.15,C1=CC=CC=C1,OC(=O)c1ccccc1O
362,-3.301444352,294.15,C1=CC=CC=C1,OC(=O)c1ccccc1C(=O)c2ccc(O)cc2
363,-0.497967732,303.15,C1=CC=CC=C1,Cc1cc(ccc1O)N=Nc2ccccc2
364,-1.70288556,293.15,C1=CC=CC=C1,CCOc1ccc2nc3cc(ccc3c(Cl)c2c1)[N+]([O-])=O
365,-1.115140672,298.15,C1=CC=CC=C1,OCCSCCO
366,-1.079810517,291.15,C1=CC=CC=C1,CN(C)c1ccc(cc1)c2ccc(cc2)N(C)C
367,-3.465879329,293.15,C1=CC=CC=C1,Oc1ccc(cc1)C=C2CCC(=Cc3ccc(O)cc3)C2=O
368,-2.401017236,298.15,C1=CC=CC=C1,CCCCCCCC(C(O)=O)C(O)=O
369,-3.030918291,294.15,C1=CC=CC=C1,OC(=O)c1cc(nc2ccccc12)c3ccccc3
370,-0.387229525,293.15,C1=CC=CC=C1,Cc1c(C)c(C)c(C)c(C)c1C
371,0.322319043,303.15,C1=CC=CC=C1,Clc1ccc(cc1)C(c2ccc(Cl)cc2)C(Cl)(Cl)Cl
372,-2.141130509,298.15,C1=CC=CC=C1,Fc1ccc(cc1)C(CCCN2CCC(CC2)N3C(=O)Nc4ccccc34)c5ccc(F)cc5
373,-0.313006034,290.15,C1=CC=CC=C1,Cc1c(cc(c(O)c1[N+]([O-])=O)[N+]([O-])=O)[N+]([O-])=O
374,-3.523396116,293.15,C1=CC=CC=C1,OC(=O)c1c2ccccc2c(c3ccccc3)c4c(c5ccccc5)c6ccccc6c(c7ccccc7)c14
375,-0.654767962,293.15,C1=CC=CC=C1,Cl[S](=O)(=O)c1ccc2c(c1)cc(cc2[S](Cl)(=O)=O)[S](Cl)(=O)=O
376,-0.116525836,288.15,C1=CC=CC=C1,Cc1ccc(C)c(c1[N+]([O-])=O)[N+]([O-])=O
377,-1.083361151,292.15,C1=CC=CC=C1,OC(=O)/C=C/c1occc1
378,-1.005719859,297.98999999999995,C1=CC=CC=C1,OC(=O)C=Cc1occc1
379,-0.568637943,293.15,C1=CC=CC=C1,c1ccc2c(c1)cccc2c3cccc4ccccc34
380,-2.333049073,292.15,C1=CC=CC=C1,C(C=CC=Cc1ccccc1)=CC=Cc2ccccc2
381,-3.652584084,298.15,C1=CC=CC=C1,CC(C(O)=O)C(O)=O
382,-0.984365267,288.15,C1=CC=CC=C1,Cc1cc(c(C)c(c1[N+]([O-])=O)[N+]([O-])=O)[N+]([O-])=O
383,-0.407255773,298.15,C1=CC=CC=C1,C1=C(C(=CC2=C1OCCC2(C(=O)C3=CC=C4C(=C3O[H])C[C@@H](O4)C(C)C)[H])OC)OC
384,0.91133309,288.15,C1=CC=CC=C1,Cc1ccc(cc1)[N+]([O-])=O
385,-1.026130102,298.04999999999995,C1=CC=CC=C1,CCCCc1c(O)cc(C)cc1O
386,-2.162492797,293.15,C1=CC=CC=C1,CCC(C)C1(CC)C(=O)NC(=O)NC1=O
387,-0.445796448,298.15,C1=CC=CC=C1,COC(C)C(NC(=O)c1ccccc1)C(O)=O
388,-1.144457574,298.04999999999995,C1=CC=CC=C1,Cc1c(O)cccc1O
389,0.732112358,298.15,C1=CC=CC=C1,c1ccc(cc1)c2ccccc2
390,-1.815363959,289.15,C1=CC=CC=C1,[O-][N+](=O)c1cccc2c1cccc2[N+]([O-])=O
391,-2.164161321,300.67999999999995,C1=CC=CC=C1,OC[P]1(=O)Oc2ccccc2c3ccccc13
392,-3.789551538,298.15,C1=CC=CC=C1,COc1ccc(cc1OC)C(=O)N2CCN(CC2)c3ccc4NC(=O)CCc4c3
393,-2.327158636,288.15,C1=CC=CC=C1,Cc1ccc2[nH]c(Nc3ccccc3)nc2c1
394,-0.138627526,294.25,C1=CC=CC=C1,Cc1ccccc1C(O)=O
395,0.215501725,288.15,C1=CC=CC=C1,Cc1cc(cc(c1O)[N+]([O-])=O)[N+]([O-])=O
396,-1.139498852,290.15,C1=CC=CC=C1,CN(C)c1ccc(cc1)C(=Nc2ccccc2N)c3ccc(cc3)N(C)C
0,-2.122892155,289.65,OCC,c1ccc2c(c1)c1CCN3C[C@@H]4CC[C@@H]([C@@H]([C@H]4C[C@H]3c1[nH]2)C(=O)O)O
1,-1.772342835,294.15,OCC,CN(C)c1ccc(cc1)N=C=Nc1ccc(cc1)N(C)C
2,0.089474843,293.15,OCC,C(c1c(c(cc(c1O)Cl)Cl)Cl)c1c(c(cc(c1O)Cl)Cl)Cl
3,-2.823897322,293.15,OCC,c1ccc2c(c1)cc(C(=O)O)c(=O)o2
4,-2.110796646,293.15,OCC,c1ccc(cc1)C(c1ccccc1)(c1ccccc1)SCCC(=O)O
5,-1.445595972,291.15,OCC,c1cc2C(c3cc(cc(c3C(=O)c2c(c1)O)O)CO)C1[C@@H]([C@H]([C@@H]([C@@H](CO)O1)O)O)O
6,0.408412743,298.15,OCC,c1cc(cc(c1)[N+](=O)[O-])C(=O)O
7,-2.493568977,298.15,OCC,CCC(C)C(C(=O)O)N
8,-1.83088487,291.15,OCC,CN(c1c(cc(cc1[N+](=O)[O-])[N+](=O)[O-])[N+](=O)[O-])[N+](=O)[O-]
9,-1.416756969,293.15,OCC,C[n+]1ccc2cc(c(cc2c1Cc1ccc(c(c1)OC)OC)OC)[O-]
10,-0.164919184,298.15,OCC,CCCC(=O)NCCNC(=O)CCC
11,-0.277683685,291.15,OCC,C=C(C)C1CC(=O)C(C)C(=O)C1
12,-1.482794438,293.15,OCC,c1cc(ccc1N)S(=O)(=O)NC(CO)(CO)CO
13,-2.06048026,295.15,OCC,COc1ccc(c(c1)OC)N=Cc1ccc(cc1)c1ccccc1
14,-1.290243154,288.15,OCC,CCOc1c(cc(cc1[N+](=O)[O-])[N+](=O)[O-])[N+](=O)[O-]
15,-0.711484813,293.15,OCC,CC12SC3(C)SC(C)(S1)SC(C)(S2)S3
16,-0.634478221,298.15,OCC,c1c(cc(c(c1Cl)OP(=O)(O)Oc1c(cc(cc1Cl)Cl)Cl)Cl)Cl
17,-2.230886645,298.15,OCC,C[C@H]([C@@H](C(=O)O)N)O
18,-0.528663663,291.15,OCC,C1=CC(=O)C=CC1=O
19,-3.855481051,298.15,OCC,CCCCCCCCCCCCCCCC(=O)OC(CO)CO
20,-1.969944603,298.15,OCC,c1ccc(c(c1)/C=C/C(=O)O)[N+](=O)[O-]
21,-2.673538801,293.15,OCC,C[C@H]1CC[C@@H](CC1)n1c2cnccc2c2cnc(Nc3ccc4CN(CCc4n3)C(=O)CO)nc12
22,-1.113495321,297.15,OCC,c1ccc(cc1)C(=O)OCOC(=O)c1ccccc1
23,-0.032780167,296.25,OCC,C(CCCC(=O)O)CCCC(=O)O
24,-2.851780004,298.15,OCC,COc1ccc(cc1)C(c1ccccc1)(C(c1ccccc1)(c1ccc(cc1)OC)O)O
25,-2.757471948,296.15,OCC,c1cc2cc(cc(c2c(c1)[N+](=O)[O-])[N+](=O)[O-])[N+](=O)[O-]
26,-1.325291914,291.15,OCC,CCC(C)(CC)OC(=O)NC(=O)N
27,-3.14716535,293.15,OCC,CCC(=O)N(c1ccc(cc1)N(C)C)C(=O)Nc1ccc(cc1)N(C)C
28,-2.279553947,298.15,OCC,Cc1cc(C)c(c(C)c1)C(=O)C(C(c1ccccc1)c1ccccc1)Br
29,-2.940199207,298.15,OCC,C(C(=O)NCC(=O)O)NC(=O)N
30,-0.36417146,293.15,OCC,CO[C@@H]1[C@@H]([C@H]([C@H]([C@@H](C(=O)O)O1)O)O)O
31,-2.071174513,295.15,OCC,CC(=Cc1ccco1)C=NNC(=O)N
32,-1.674740629,293.15,OCC,c1ccc(cc1)OC(=O)NC(=O)N
33,-0.715024726,298.15,OCC,Cc1ccc(cc1)OP(=O)(Oc1ccc(C)cc1)Oc1ccc(C)cc1
34,-1.927672678,298.14,OCC,COc1ccc(cc1)c1cc(c2ccc(c(c2)OC)O)c(C#N)c(=O)[nH]1
35,-2.121462376,298.15,OCC,C(CCC(=O)O)CCNC(=O)N
36,-2.334903897,293.15,OCC,c1ccc(cc1)COc1ccc(cc1)c1cc(COC(=O)N)on1
37,-1.84106883,291.15,OCC,Cc1ccc(cc1)OC(=O)NC(=O)N
38,-1.752447265,298.15,OCC,CC(=O)Nc1nnc(s1)S(=O)(=O)N
39,-2.026450829,290.15,OCC,CC(C)C1CCC(C)C(C1)OC(=O)NC(=O)N
40,-2.044075036,293.15,OCC,CCC(=O)O[C@H]1CC[C@@]2(C)C(=CC[C@H]3[C@@H]4CC[C@H]([C@H](C)CCCC(C)C)[C@@]4(C)CC[C@H]23)C1
41,-2.287266367,293.15,OCC,CC(=O)O[C@H]1CC[C@@]2(C)C(=CC[C@H]3[C@@H]4CCC(=NNC(=O)N)[C@@]4(C)CC[C@H]23)C1
42,-2.500740305,292.15,OCC,c1ccc(cc1)C(=O)C(c1ccccc1)(c1ccccc1)c1ccccc1
43,-3.823909179,293.15,OCC,CCOC(=O)c1c(C)oc2cc3c(cc12)oc(C)c3C(=O)OCC
44,-1.884503851,298.14,OCC,COc1cc(ccc1O)c1cc(c2ccc(cc2)F)[nH]c(=O)c1C#N
45,-0.338961823,291.15,OCC,CCCCCCCC[C@H]([C@@H](CCCCCCCCCCCC(=O)O)[N+](=O)[O-])O
46,-1.28972567,290.15,OCC,CCCOC(=O)NC(=O)N
47,-3.627094614,298.15,OCC,c1(c(c(c(c(c1Cl)Cl)Cl)Cl)Cl)Cl
48,-2.057621417,293.15,OCC,CCCC(=O)O[C@H]1CC[C@@]2(C)C(=CC[C@H]3[C@@H]4CC[C@H]([C@H](C)CCCC(C)C)[C@@]4(C)CC[C@H]23)C1
49,-1.124014873,289.15,OCC,CCCCCCCCCCCCCCCC(=O)OCc1ccccc1
50,-0.270813985,298.15,OCC,C[C@@H](c1ccc2cc(ccc2c1)OC)C(=O)O
51,-0.298151846,294.15,OCC,CCCCS(=O)(=O)NNC(=O)C(c1ccccc1)(c1ccccc1)O
52,-2.579499754,298.15,OCC,c1ccc(cc1)CC(C(=O)O)N
53,-2.557397822,289.65,OCC,c1cc2c(cc1COC(=O)NC(=O)N)OCO2
54,-0.456474038,293.15,OCC,C(C1C(C2C(O1)OC(C(Cl)(Cl)Cl)O2)O)O
55,-3.042182953,298.14,OCC,Cc1c(c(C(=O)C)c2c(c1O)[C@@]1(C)C(=CC(=O)C(C(=O)C)C1=O)O2)O
56,-1.064624923,295.65,OCC,c1ccc2c(c1)C(=O)NS2(=O)=O
57,0.134109574,288.15,OCC,CC1=C(CCC1(C)C)C(=O)O
58,-1.971432302,298.15,OCC,c1cc2cccc3CCc(c1)c23
59,-1.403012021,293.15,OCC,C=C[C@@H]1[C@@H]2CCNC(=O)C2=CO[C@H]1O[C@H]1[C@@H]([C@H]([C@@H]([C@@H](CO)O1)O)O)O
60,-0.360673591,290.15,OCC,c1cc(ccc1Cl)[N+](=O)[O-]
61,-1.823075118,294.65,OCC,c1cc2c(c3CN[C@H]4c5cc6c(cc5C[C@H]([C@H]4c13)O)OCO6)OCO2
62,-2.678033738,298.15,OCC,c1ccc2c(c1)cccc2OP(=O)(Oc1cccc2ccccc12)Oc1cccc2ccccc12
63,-0.123006146,298.2,OCC,CCCCCCCCCCCCCCCC
64,-1.483907359,295.15,OCC,C(=C\c1ccco1)/C=N/NC(=O)N
65,0.15053329,293.15,OCC,CCC(=O)NNC(=O)CC
66,-1.917214297,295.15,OCC,c1ccc(cc1)c1cccc(c1)N=Cc1ccc(cc1)[N+](=O)[O-]
67,-1.854937284,298.15,OCC,c1cc(ccc1Cl)OP(=O)(Oc1ccc(cc1)Cl)Oc1ccc(cc1)Cl
68,-1.547635776,293.15,OCC,CN(C(=O)C(=O)N(C)[N+](=O)[O-])[N+](=O)[O-]
69,-2.710068449,296.15,OCC,C=CC(C)(C)c1c(C[C@H]2C(=O)N[C@@H](C)C(=O)N2)c2cc(CC=C(C)C)cc(CC=C(C)C)c2[nH]1
70,-1.756386539,293.15,OCC,CCOC(=O)C(C)SC1=N/C(=C\c2ccccc2)/C(=O)N1c1ccccc1
71,-0.814263086,293.15,OCC,c1ccc(cc1)N(c1ccccc1)C(=O)N1CCCCC1
72,0.557583436,298.15,OCC,CC(c1cccc(c1)C(=O)c1ccccc1)C(=O)O
73,-1.857437968,297.15,OCC,c1(c(c(Cl)nc(c1Cl)Cl)Cl)Cl
74,0.202103636,298.15,OCC,c1ccc(c(c1)N)[N+](=O)[O-]
75,-2.129113171,290.15,OCC,CC1CCC(CC1)C(C)(C)OC(=O)NC(=O)N
76,-0.477535246,298.15,OCC,C(#N)/C(=C(\C#N)/N)/N
77,-1.850860257,298.15,OCC,C(C1C(=O)NC(=O)N1)C(=O)O
78,-2.542885865,293.85,OCC,CCCCCCCCCCOC(=O)NC(=O)N
79,-0.156767152,298.15,OCC,c1ccc(cc1)c1cccc(c1[N+](=O)[O-])O
80,0.972403313,298.15,OCC,CC1(C)[C@@H]2CC[C@@]1(C)C(=O)C2
81,-3.31785744,288.15,OCC,CCN(CC)CCOC(=O)c1ccc(cc1)NC(=O)/C=C\C(=O)O
82,-1.301321832,293.15,OCC,Cc1cc(C)c(c(c1[N+](=O)[O-])[N+](=O)[O-])[N+](=O)[O-]
83,-1.510299339,291.15,OCC,C=C(C)C1C/C(=N/Nc2ccccc2)/C(=C(C1)/N=N/c1ccccc1)C
84,-1.066742368,293.15,OCC,C([C@H]([C@H]([C@@H]([C@H](CS)O)O)O)O)O
85,-0.522888515,293.15,OCC,CCCCCCCCCCP(=O)(O)O
86,-0.433878987,297.95,OCC,c1c(c(Cl)nc(c1Cl)Cl)Cl
87,-2.31657923,298.15,OCC,c1ccc(cc1)/N=N/c1ccc(cc1)Oc1nc(Cl)nc(Cl)n1
88,-2.886123037,298.15,OCC,C([C@H]([C@H]([C@@H]([C@@H](CO)O)O)O)O)O
89,-1.753001822,293.15,OCC,c1ccc(cc1)COC(=O)NCCCCCC(=O)NCCCCCC(=O)NCCCCCC(=O)O
90,-1.399099211,298.15,OCC,Cc1cc(ccc1OCC(=O)Nc1ccccc1)Cl
91,0.161805214,298.15,OCC,[C@@H]([C@H](C(=O)O)O)(C(=O)O)O
92,0.090993157,298.15,OCC,CN(C)CC(=O)O
93,-1.101572489,298.15,OCC,c1ccc2c(c1)C=Cc1ccccc1N2C(=O)N
94,-1.248609112,293.15,OCC,C1=C(C(=O)C(=CC1=O)Br)Br
95,-0.241601153,298.15,OCC,c1ccc(cc1)c1c[nH]c(c2ccccc2)n1
96,-1.11385346,288.15,OCC,COc1c(cc(cc1[N+](=O)[O-])[N+](=O)[O-])[N+](=O)[O-]
97,0.072203685,298.15,OCC,CCCC(=O)O[C@@]1(CC[C@H]2[C@@H]3CCC4=CC(=O)CC[C@]4(C)[C@H]3[C@H](C[C@]12C)O)C(=O)COC(=O)CC
98,-2.208446731,293.15,OCC,CCCCCC(=O)O[C@H]1CC[C@@]2(C)C(=CC[C@H]3[C@@H]4CC[C@H]([C@H](C)CCCC(C)C)[C@@]4(C)CC[C@H]23)C1
99,-0.250254149,298.15,OCC,c1ccc(cc1)c1ccc(cc1)Cl
100,-1.663336191,293.15,OCC,CCCCC(=O)O[C@H]1CC[C@H]2[C@@H]3CCc4cc(ccc4[C@H]3CC[C@]12C)OC(=O)c1ccccc1
101,-2.505874587,298.04999999999995,OCC,C1CCC2C(C1)C1CC2NC2CCCC(NC3CC(C4CCCCC34)NC3CCCC(N1)N3)N2
102,-1.541361267,288.15,OCC,c1cc(cc(c1)N=NC(=O)N)C(=O)N
103,-0.730356187,298.15,OCC,C1CCC(C(C1)Cl)SC1CCCCC1Cl
104,0.225767129,293.15,OCC,CC(=O)Nc1ccccc1
105,-1.199537073,298.15,OCC,CC(C(C(=O)O)O)(C(=O)O)O
106,-2.020133127,294.15,OCC,c1ccnc(c1)NS(=O)(=O)c1ccc(cc1)N
107,-2.791240668,293.15,OCC,Cc1c(cc(c(C)c1[N+](=O)[O-])[N+](=O)[O-])[N+](=O)[O-]
108,-2.196053303,296.15,OCC,CN1Cc2c(ccc3c2OCO3)[C@H]2[C@H](Cc3cc4c(cc3[C@@H]12)OCO4)O
109,-2.76918539,288.15,OCC,Cc1ccc2c(c1)nc(Nc1ccccc1)n2/C(=N\c1ccccc1)/Nc1ccccc1
110,-3.698977699,298.15,OCC,c1ccc(cc1)N(c1ccccc1)c1ccc(cc1)/N=N/c1nc2ccc(cc2s1)N(=O)=O
111,-2.150930393,289.65,OCC,c1ccc(cc1)CCCOC(=O)NC(=O)N
112,-1.13076721,298.14,OCC,COc1ccccc1OCC(COC(=O)N)O
113,-1.894535791,298.14,OCC,COc1cc(ccc1O)c1cc(c2ccc(cc2)O)[nH]c(=O)c1C#N
114,-3.214442783,293.15,OCC,CCCCCCCCCC(=O)N(c1ccc(cc1)N(C)C)C(=O)Nc1ccc(cc1)N(C)C
115,-1.175426029,293.15,OCC,C(CCCCCCC(=O)O)CCCCCC1CCCC1
116,-1.176880379,298.15,OCC,COc1ccccc1NC(C(Cl)(Cl)Cl)Nc1ccccc1OC
117,-1.030859923,298.15,OCC,c1ccc2c(c1)c1cccc3cccc2c13
118,-1.861185401,299.15,OCC,c1ccc(cc1)[C@@H]1OC[C@@H](CO1)OC(=O)c1ccc(cc1)Br
119,-1.500602863,298.15,OCC,CCCCCCCCCCCCCCC1CCC(=O)O1
120,-2.614399475,298.15,OCC,c1ccc(cc1)Nc1ccc(cc1)/N=N/c1ccc(c2ccccc12)N(=O)=O
121,-0.790293243,293.15,OCC,CC(=O)Nc1ccc(cc1Cl)Cl
122,-0.78418759,298.15,OCC,CC[C@H](/C=C/[C@@H](C)[C@H]1CC[C@H]2[C@@H]3CC=C4C[C@H](CC[C@]4(C)[C@H]3CC[C@]12C)O)C(C)C
123,-1.630430753,298.15,OCC,c1ccc(cc1)P(=S)(NN)NN
124,-1.382822954,298.27,OCC,C([C@@H]([C@H]([C@@H](CO)O)O)O)O
125,0.408240294,298.14,OCC,CC(C)Cc1ccc(cc1)C(C)C(=O)O
126,-1.960801637,290.15,OCC,C=C(C)C1CCC(C)CC1OC(=O)NC(=O)N
127,7.38e-06,299.15,OCC,CCC(CC)(Cc1ccc(C)cc1)C(=O)NO
128,-3.064857195,298.15,OCC,c1ccc(cc1)C1SC(c2ccccc2)SC(c2ccccc2)S1
129,-0.876166503,293.15,OCC,COc1cc(C=CC(=O)CC(=O)C=Cc2ccc(cc2)O)ccc1O
130,-0.637898744,298.2,OCC,c1cc(ccc1c1coc2c(ccc(c2[C@H]2[C@@H]([C@H]([C@@H]([C@@H](CO)O2)O)O)O)O)c1=O)O
131,-3.186447201,298.04999999999995,OCC,C(c1c[nH]cn1)[C@@H](C(=O)O)N
132,-0.782730544,293.15,OCC,c1ccc2c(c1)c(c1cc(ccc1n2)F)N
133,-0.692884357,293.15,OCC,c1cc(cc(c1)[N+](=O)[O-])NC(=S)N
134,-1.189895628,288.65,OCC,CCC(C)(C)OC(=O)NC(=O)N
135,-2.037161485,288.15,OCC,CCN(CC)CCNC(=O)c1ccc(cc1)NC(=O)CCC(=O)O
136,-0.030876929,293.15,OCC,C=CCNC(=O)N(c1ccccc1)c1ccccc1
137,-2.283125892,290.15,OCC,CCCCCCCCCOC(=O)NC(=O)N
138,7.38e-06,299.15,OCC,CCCC(CCC)(c1ccccc1)C(=O)NO
139,-1.29423285,298.15,OCC,c1cc(cc(c1)S(=O)(=O)N)S(=O)(=O)N
140,-1.242931359,291.15,OCC,CC(C)CCCC(C)[C@H]1CC[C@H]2[C@@H]3CC=C4C[C@H](CC[C@]4(C)[C@H]3CC[C@]12C)O
141,-2.070758013,293.15,OCC,CC(C)CCC[C@@H](C)[C@H]1CC[C@H]2[C@@H]3CC=C4C[C@H](CC[C@]4(C)[C@H]3CC[C@]12C)OC(=O)CC(C)C
142,-1.342109292,287.15,OCC,CC(C)CC(C)(C)OC(=O)NC(=O)N
143,-2.879728133,298.15,OCC,CCCSc1ccc2c(c1)nc([nH]2)NC(=O)OC
144,-2.356521808,298.15,OCC,c1cc2c(ccc(c2nc1)C(=O)O)[N+](=O)[O-]
145,-2.986980997,289.15,OCC,Cc1ccc(cc1)N/C(=N/c1ccc(C)cc1)/n1c2ccc(C)cc2nc1Nc1ccc(C)cc1
146,-1.218915059,298.15,OCC,c1ccc(cc1)c1ccc(c(c1)O)[N+](=O)[O-]
147,-2.891425943,292.15,OCC,c1ccc(cc1)C(c1ccccc1)C(c1ccccc1)(c1ccccc1)O
148,-2.530177734,293.29,OCC,Cc1coc2c3ccc4c(CCCC4(C)C)c3C(=O)C(=O)c12
149,-2.440378684,293.15,OCC,CCCCCCCCC/C=C/C(=O)N(c1ccc(cc1)N(C)C)C(=O)Nc1ccc(cc1)N(C)C
150,-2.532166538,293.15,OCC,C(CCCCCNCCCCN)CCCCC(=O)O
151,-2.357119443,292.65,OCC,c1c(cc(c(c1[N+](=O)[O-])N)[N+](=O)[O-])[N+](=O)[O-]
152,-1.903076474,298.14,OCC,COc1cc(ccc1O)c1cc(c2ccc(cc2)Cl)[nH]c(=O)c1C#N
153,-1.926092442,290.15,OCC,COC(=O)NC(=O)N
154,-0.764203979,298.15,OCC,CCOc1ccc(c(c1)n1nc2ccccc2n1)NC(=O)C
155,-0.402622421,291.15,OCC,CC(=C1CC(=O)C(C)C(=O)C1)C
156,-2.833490265,298.15,OCC,CCn1cc(c(=O)c2cc(c(nc12)N1CCNCC1)F)C(=O)O
157,-2.17416425,293.15,OCC,C(CCCCCNCCCCCCCCN)CCCCC(=O)O
158,0.052120124,298.15,OCC,c1ccc(c(c1)C(=O)O)Cl
159,-3.692187894,298.15,OCC,CC(=NNc1ccc(cc1[N+](=O)[O-])[N+](=O)[O-])c1ccccc1
160,0.113018158,298.15,OCC,CC(C)(C)c1ccc(cc1)C(=O)NN(C)C
161,-1.374682678,293.15,OCC,c1ccc(cc1)/C=C(\c1ccccc1)/C(=O)c1ccccc1
162,0.357035676,298.15,OCC,c1ccc(c(c1)Cl)OP(=O)(O)Oc1ccccc1Cl
163,-0.901912418,291.15,OCC,c1cc(c(cc1c1coc2cc(cc(c2c1=O)O)O)O)O
164,-2.512234384,293.15,OCC,c1cc(ccc1Cl)N1CC(=NC1=O)N1CCOCC1
165,-0.234013975,299.15,OCC,c1cc(ccc1C(=O)OCC(CO)O)Br
166,0.416638462,298.15,OCC,c1ccc(c(c1)[N+](=O)[O-])O
167,-2.301506589,293.15,OCC,CCOc1c2c(c(c(c1OCC)OCC)N)C(=O)OC2C1c2c(CCN1C)cc1c(c2OC)OCO1
168,-2.763698043,293.15,OCC,C/C=C/C(=O)N(c1ccc(cc1)N(C)C)C(=O)Nc1ccc(cc1)N(C)C
169,-2.075890678,293.15,OCC,CCOC(=O)CSC1=N/C(=C\c2ccccc2)/C(=O)N1c1ccccc1
170,-2.331620312,298.15,OCC,c1ccc(cc1)/N=N/c1ccc(c2ccccc12)N(c1ccccc1)c1ccccc1
171,-1.249528783,293.15,OCC,c1ccc2c(c1)C(=Nc1ccccc1[N+](=O)[O-])OC2=O
172,-1.954676329,295.15,OCC,c1ccc(cc1)N=Cc1ccc(cc1[N+](=O)[O-])[N+](=O)[O-]
173,-2.070987471,288.15,OCC,CC(=O)CC(c1ccccc1)C(CC(=O)C)c1ccccc1
174,-2.30514198,290.15,OCC,CCCCCCCCCCCCCCCCCNC(=O)CCCCC(=O)O
175,-2.74846971,298.15,OCC,c1ccc(c(c1)[N+](=O)[O-])[N+](=O)[O-]
176,-2.769884773,293.15,OCC,CCCCCCCC/C=C/C(=O)N(c1ccc(cc1)N(C)C)C(=O)Nc1ccc(cc1)N(C)C
177,-1.708604119,293.15,OCC,CCOC1(C(c2ccccc2)Br)C(=O)N(C)C(=O)N1
178,-2.840239779,298.15,OCC,C#CCSC[C@@H](C(=O)O)N
179,-0.766267394,298.15,OCC,C1CCC(CC1)C(=O)N(C1CCCCC1)O
180,-1.353697444,293.15,OCC,CC(C(=NNC(=O)N)C)c1ccccc1
181,0.707192548,293.15,OCC,CC1(C)C2CCC1(C)C(=NO)C2=NO
182,-0.627467868,287.15,OCC,c1cc(c(c(c1)[N+](=O)[O-])O)[N+](=O)[O-]
183,-0.946584039,288.15,OCC,Cc1ccc(cc1)Nc1[nH]c2ccc(C)cc2n1
184,0.713730033,293.15,OCC,CC[C@H](C)[C@@H](C(=O)O)NC(=O)C
185,-1.21472305,291.15,OCC,c1cc2c(Cc3cc(ccc23)N)cc1Cl
186,-1.734569649,293.15,OCC,Cc1c(C)noc1N(C(=O)C)S(=O)(=O)c1ccc(cc1)N
187,-2.19382051,298.19,OCC,c1ccc2c(c1)nc1cccc(c1n2)C(=O)O
188,-1.139914495,297.15,OCC,c1ccc(cc1)C=NNc1ccccc1
189,-0.955241939,295.15,OCC,c1cc(cc(c1)Cl)c1cc(c(C(=O)NCC(=O)O)nc1)O
190,-0.952082606,287.15,OCC,Cc1cccc2cc(C(=O)O)c(=O)oc12
191,-1.242788812,291.15,OCC,CCC(CC)OC(=O)NC(=O)N
192,-3.22184875,295.15,OCC,COc1ccc(c(c1)OC)/N=C/c1ccc(cc1N(=O)=O)N(=O)=O
193,-2.118229479,298.15,OCC,C(CCNC(=O)N)CC(=O)O
194,-1.481419875,298.15,OCC,CC(C(=O)O)NC(=O)Nc1cccc2ccccc12
195,-0.760220113,293.15,OCC,[C@@H]1([C@@H]([C@H]([C@H]([C@@H]([C@H]1Cl)Cl)Cl)Cl)Cl)Cl
196,-2.618629819,293.15,OCC,c1ccc(cc1)C(=C(c1ccccc1)c1ccccc1)c1ccccc1
197,-1.10546509,290.15,OCC,C1CCN2C[C@H]3C[C@H](CN4CCC[C@@H]([C@H]34)O)[C@@H]2C1
198,-0.582021133,293.15,OCC,CN(C)c1ccc(cc1)C(=N)c1ccc(cc1)N(C)C
199,0.041390235,298.15,OCC,CCCC(Cc1ccccc1)/N(N(\O)/C(CCC)Cc1ccccc1)/O
200,-0.207507264,298.15,OCC,c1cc(c(c(c1)[N+](=O)[O-])Cl)C(=O)O
201,-3.689890553,298.15,OCC,c1ccc(cc1)C(=NNc1ccc(cc1[N+](=O)[O-])[N+](=O)[O-])c1ccccc1
202,-1.303423437,298.15,OCC,c1cn([C@@H]2CS[C@H](CO)O2)c(=O)nc1N
203,-2.235290614,293.15,OCC,Cc1c2ccccc2c(C)c2ccccc12
204,-2.172582627,290.15,OCC,Cn1cc(c(=O)[nH]c1=O)[N+](=O)[O-]
205,-0.597324383,298.15,OCC,CCCCCC(=O)NCCNC(=O)CCCCC
206,-2.294933337,293.15,OCC,C=C(C)[C@H]1Cc2c(ccc3C(=O)[C@H]4c5cc(c(cc5OC[C@H]4Oc23)OC)OC)O1
207,0.380203964,298.15,OCC,C[C@@H](Cc1ccccc1)N(O)N(O)[C@H](C)Cc2ccccc2
208,-1.391988349,298.19,OCC,C[C@]12CCC(=O)C=C1CC[C@H]1[C@@H]3CC[C@](C(=O)CO)([C@@]3(C)C[C@@H]([C@H]21)O)O
209,-2.910861465,293.15,OCC,C[C@]12CCC=CC1=CC[C@@H]1[C@@H]2CC[C@]2(C)[C@H](CC[C@]12O)c1ccc(=O)oc1
210,-2.701037233,293.15,OCC,CCCCCC(=O)N(c1ccc(cc1)N(C)C)C(=O)Nc1ccc(cc1)N(C)C
211,-2.041611296,291.15,OCC,c1ccc(c(c1)Cl)OC(=O)NC(=O)N
212,-0.420217749,298.15,OCC,c1ccc2c(c1)c1NC3=CC=CC(=Nc4c5ccccc5c([nH]4)N=c4c5ccccc5c(=Nc2[nH]1)[nH]4)C3
213,-2.05739504,298.15,OCC,CC(=O)Oc1ccc(cc1C(=O)O)n1nc2ccccc2n1
214,-0.275046998,298.15,OCC,c1c(cc(c(c1O)O)O)[C@@H]1[C@H](C(=O)c2c(cc(cc2O1)O)O)O
215,-0.362324399,293.15,OCC,CC(CO)[C@H](C(=O)N[C@@H]1C2CC[C@@](C)([C@@H]1O)C2(C)C)O
216,-0.693137174,293.15,OCC,CC(=O)CC1=C(C(=O)O[C@@H]1C)C(C)(C)[C@@H]1C(=O)C(C)OC1=O
217,-0.78430213,293.15,OCC,c1ccc(c(c1)C(=O)N=[N+]=[N-])[N+](=O)[O-]
218,-1.383693868,293.15,OCC,C(CCCCCNCCCCCCCN)CCCCC(=O)O
219,-1.407459278,292.15,OCC,CCCCCCCCCCCCCC(C(C(=O)O)O)O
220,-2.316835803,298.15,OCC,COC(=O)C(C(C(=O)OC)OC(=O)c1ccccc1)OC(=O)c1ccccc1
221,-1.681923089,298.04999999999995,OCC,c1ccc2c(c1)c1=Nc3cccc(=Nc4c5ccccc5c(N=c5cccc([nH]5)N=c2[nH]1)[nH]4)[nH]3
222,0.240146748,293.15,OCC,C[C@@H](c1cc2ccc(cc2nc1c1ccccn1)F)Nc1c2c([nH]cn2)ncn1
223,0.138857616,298.15,OCC,c1ccc(cc1)C(=O)N
224,-1.850758304,298.15,OCC,CCn1cc(c(=O)c2cc3c(cc12)OCO3)C(=O)O
225,-0.068248233,298.15,OCC,CC(C(=O)O)N(CCC(=O)O)C(=O)C
226,-2.015580865,299.15,OCC,C1=CC[C@@H]2[C@H](C1)C(=O)N(C2=O)SC(Cl)(Cl)Cl
227,-3.388272563,288.15,OCC,CCN(CC)CCOC(=O)c1ccc(cc1)NC(=O)CCC(=O)O
228,-0.784715311,293.15,OCC,CC(=O)O[C@H]1CC[C@H]2[C@H]3Cc4ccc(c5c4[C@@]2(CCN3C)[C@H]1O5)OC
229,0.054531415,298.15,OCC,c1ccc(cc1)c1cc(ccc1[N+](=O)[O-])O
230,-1.442176367,297.7,OCC,CC(=O)[C@@]12[C@@H](C[C@H]3[C@@H]4CCC5=CC(=O)CC[C@]5(C)[C@H]4CC[C@]13C)O2
231,-1.54690736,298.15,OCC,CCOc1cc(c(cc1[N+](=O)[O-])[N+](=O)[O-])Cl
232,-3.793469596,298.37,OCC,c1cc(ccc1[C@H](C(=O)O)N)O
233,-0.436730994,293.15,OCC,c1ccc(cc1)Nc1ccc(cc1N)Cl
234,-1.500312969,295.15,OCC,COc1ccc(cc1)N=Cc1ccccc1
235,-1.725700348,298.15,OCC,Cc1cc(ccc1Nc1c(cc(C)s1)C#N)N(=O)=O
236,-0.057056573,298.19,OCC,c1c(cc(c(c1O)O)O)C(=O)O
237,-7.2e-06,299.15,OCC,CCCC(CCC)(C1CCCCC1)C(=O)NO
238,0.607805464,298.15,OCC,C=C[C@H]1CN2CC[C@H]1C[C@H]2[C@@H](c1ccnc2ccc(cc12)OC)O
239,-0.098819806,288.15,OCC,c1ccc(c(c1)C(=O)O)Nc1cccc(c1)C(F)(F)F
240,-1.443202012,298.15,OCC,CC(C)c1cc(c(C)c(c1)N)N
241,-2.984312165,298.15,OCC,CCCCC(C(=O)[O-])[NH3+]
242,0.074274412,295.79999999999995,OCC,Cc1ccc2ccc(C)cc2c1
243,-1.558247295,293.15,OCC,c1cc(cc(c1)Nc1ccc(cc1N)Cl)Cl
244,-1.586482533,295.15,OCC,CCC(=Cc1ccco1)C=NNC(=O)N
245,0.597868172,298.15,OCC,CC1(C)[C@H](CC[C@@]1(C)C(=O)O)C(=O)O
246,-1.015884705,291.15,OCC,C=CC(CC)OC(=O)NC(=O)N
247,-0.429952338,293.15,OCC,C(CS(=O)(=O)CCCl)Cl
248,-1.289524726,293.15,OCC,CC(=C(c1ccccc1)O)C(=O)c1ccccc1
249,-2.479320814,293.15,OCC,Cc1c(C#N)c(c2ccccc2)n(c2ccccc2)n1
250,-0.702872483,291.15,OCC,COc1cc(ccc1O)CC1COC(=O)C1Cc1ccc(c(c1)OC)O
251,-1.432119612,293.15,OCC,c1cc(cc(c1)[N+](=O)[O-])C(=O)N=[N+]=[N-]
252,-2.222083205,298.15,OCC,c1c(c(cc(c1[N+](=O)[O-])O)O)[N+](=O)[O-]
253,-0.780751347,298.15,OCC,Cc1ccc(C)c(c1)OP(=O)(Oc1cc(C)ccc1C)Oc1cc(C)ccc1C
254,-0.151257092,299.15,OCC,CC(C)[C@@H](C)/C=C/[C@@H](C)[C@H]1CC[C@H]2/C(=C/C=C\3/C[C@H](CCC3=C)O)/CCC[C@]12C
255,-0.492149724,298.15,OCC,c1ccc(cc1)NN=C(C#N)C#N
256,-0.725034713,298.19,OCC,CC(C)NCC(COc1ccc(cc1)CC(=O)N)O
257,-2.484844146,298.15,OCC,c1ccc(cc1)C(c1ccccc1)(C(c1ccccc1)(c1ccccc1)O)O
258,-2.450014266,298.15,OCC,CCn1cc(c(=O)c2ccc(C)nc12)C(=O)O
259,-1.869666337,298.29,OCC,CC1(C)CC[C@@]2(CC[C@]3(C)C(=CC[C@@H]4[C@@]5(C)CC[C@@H](C(C)(C)[C@@H]5CC[C@@]34C)O)[C@@H]2C1)C(=O)O
260,-0.68916985,298.15,OCC,CC(C)COC(=O)c1ccc(cc1)N=Nc1ccc(cc1N)N
261,-3.398339376,295.65,OCC,C(COCn1cnc2c1[nH]c(N)nc2=O)O
262,-2.408677432,293.15,OCC,c1cc(C=C2COCC(=Cc3ccco3)C2=O)oc1
263,-2.007808719,290.15,OCC,CC(CCC1CCCCC1)OC(=O)NC(=O)N
264,-1.65680494,287.15,OCC,Cc1ccc2cc(C(=O)O)c(=O)oc2c1
265,-2.57399547,294.15,OCC,COc1ccc(cc1)S(=O)(=O)NNC(=O)C(c1ccccc1)(c1ccccc1)O
266,-2.24801056,293.15,OCC,CCOC(=O)C(c1ccccc1)SC1=NC(=Cc2ccccc2)C(=O)N1c1ccccc1
267,-2.2839971,295.15,OCC,COc1ccc(cc1)N=Cc1ccc(cc1[N+](=O)[O-])[N+](=O)[O-]
268,-2.103700991,298.15,OCC,c1ccc2cc3ccccc3cc2c1
269,-0.649968662,298.15,OCC,CCC(CC)CC1(CCO)C(=O)NC(=S)NC1=O
270,-0.563834417,299.15,OCC,c1ccc(cc1)C(=O)C=P(c1ccccc1)(c1ccccc1)c1ccccc1
271,-1.7493147,289.15,OCC,CN(C)c1ccc(cc1)C(=NC(=S)Nc1ccccc1)c1ccc(cc1)N(C)C
272,-0.297178144,298.15,OCC,C[C@H]1C[C@](C)(C[C@@H]([C@@H](CC2CC(=O)NC(=O)C2)O)C1=O)O
273,-0.387215989,293.15,OCC,c1cc(cc(c1)O)C(=O)N
274,-1.266915455,293.15,OCC,CCS(=O)(=O)C(C)(C(Cl)(Cl)Cl)S(=O)(=O)CC
275,-1.508551265,291.15,OCC,c1ccc(cc1)SCCS(=O)CCSc1ccccc1
276,-1.48557607,298.15,OCC,COCN1C(=O)c2ccccc2C1=O
277,-2.854806862,288.15,OCC,c1ccc(cc1)C(=O)c1ccc(cc1)C(=O)c1ccccc1
278,-2.044478349,293.15,OCC,CCC[C@H]1CC2=C(C[C@@H](CC)CC3=C1C(=O)OC3=O)C(=O)OC2=O
279,0.192684881,293.15,OCC,CCCCCCCCOC(=O)c1cc(c(c(c1)O)O)O
280,-2.080894376,295.15,OCC,Cc1ccc2c(c1)C(=O)c1cc(ccc1C2=O)C(=O)O
281,-1.834355523,292.15,OCC,COc1cc(c(c(c1OC)[N+](=O)[O-])[N+](=O)[O-])[N+](=O)[O-]
282,0.167716211,298.15,OCC,c1ccc(cc1)COP(=O)(OCc1ccccc1)OCc1ccccc1
283,-0.841870015,298.15,OCC,CCCC(C)CC1(CCO)C(=O)NC(=S)NC1=O
284,-2.589989393,293.15,OCC,CCCC(=O)N(c1ccc(cc1)N(C)C)C(=O)Nc1ccc(cc1)N(C)C
285,-0.20828776,298.15,OCC,c1cc(ccc1Cl)Cl
286,-0.277383831,298.15,OCC,CC(C)CCC1(CCO)C(=O)NC(=S)NC1=O
287,-2.977160211,298.14,OCC,CN(C)CCn1c(nnn1)S
288,-1.863368836,293.15,OCC,c1cc(ccc1C(=O)Nc1ccc(cc1N)N)N
289,-1.418572841,293.15,OCC,c1ccc2c(c1)C(=O)OC2(Nc1cccc(c1)[N+](=O)[O-])Nc1cccc(c1)[N+](=O)[O-]
290,-2.926857727,294.15,OCC,C[C@H]1C(=O)CC[C@@H]2[C@]1(C)CC[C@H]1[C@@]2(C)CC[C@@]2(C)[C@@H]3CC(C)(C)CC[C@]3(C)CC[C@]12C
291,-2.132990367,298.14,OCC,CC1(C)COP(=O)(NCCNP2(=O)OCC(C)(C)CO2)OC1
292,-1.171224459,298.19,OCC,C[C@]12C=CC(=O)C=C1CC[C@H]1[C@@H]3CC[C@](C(=O)CO)([C@@]3(C)C[C@@H]([C@H]21)O)O
293,-1.086940079,297.14,OCC,CC(=O)NCC(=O)O
294,-0.766231448,298.15,OCC,CC(=O)Nc1cccc2ccccc12
295,0.0,299.15,OCC,CCCCCCCCCCC(C)(C)C(=O)NO
296,-0.772286248,293.15,OCC,CC(C(=O)c1ccccc1)C(=O)c1ccccc1
297,-0.987862687,292.15,OCC,C1C[C@@H](C(=O)O)NC1
298,0.244851692,298.15,OCC,CC(C)COC(=O)[C@H]([C@@H](C(=O)OCC(C)C)O)O
299,-1.23520234,289.15,OCC,CCC(CC)(CC(C)C)OC(=O)NC(=O)N
300,-1.945804181,290.15,OCC,c1ccc(cc1)COC(=O)NC(=O)N
301,0.0,299.15,OCC,CCCCC(CC)CC(CC)(CC)C(=O)NO
302,-2.130189117,298.15,OCC,c1ccc(cc1)N(c1ccccc1)c1ccc(cc1)/N=N/c1ccc(cc1)S(=O)(=O)C(F)(F)F
303,-1.43525916,291.15,OCC,CC1CCCCC1OC(=O)NC(=O)N
304,0.222761727,298.15,OCC,CN1CC[C@]23[C@H]4C=C[C@@H]([C@@H]3Oc3c(ccc(C[C@@H]14)c23)OC)O
305,-0.564126195,298.15,OCC,CCC1(CCO)C(=O)NC(=S)NC1=O
306,-2.508637242,297.65,OCC,CN(C)c1ccc(cc1)C(C#N)(c1ccccc1)c1ccc(cc1)N(C)C
307,-2.612749267,295.65,OCC,c1ccc2c(c1)c(=O)nc(c1ccccc1S(=O)(=O)N)[nH]2
308,-0.71333159,294.15,OCC,c1ccc(cc1)C(c1ccccc1)(C(=O)NNS(=O)(=O)c1ccccc1)O
309,-2.761892022,293.15,OCC,CCCCCCC(=O)N(c1ccc(cc1)N(C)C)C(=O)Nc1ccc(cc1)N(C)C
310,-0.860124642,298.15,OCC,c1cc(ccc1C(=O)O)[N+](=O)[O-]
311,-2.921360783,298.15,OCC,c1cc(ccc1C(=O)N[C@@H](CCC(=O)O)C(=O)O)NCc1cnc2c(c(=O)nc(N)[nH]2)n1
312,0.626228979,293.15,OCC,CCOC(=O)NC(C)(C(=O)O)NC(=O)OCC
313,-3.670157508,293.15,OCC,Cc1c(c(c(c(c1Br)Br)Br)Br)Br
314,-1.155845958,298.15,OCC,c1ccc(cc1)Nc1ccc(cc1)n1nc2ccccc2n1
315,-1.962574264,295.15,OCC,COc1ccc(cc1)N=Cc1ccc(cc1)[N+](=O)[O-]
316,-0.687277577,298.14,OCC,COc1cc(C=CC(=O)O)cc(c1O)OC
317,-1.18089396,293.15,OCC,CCOC(=O)Nc1ccc(cc1N)NCc1ccc(cc1)F
318,-1.90910954,295.15,OCC,Cc1ccc(cc1)C(CCC(c1ccccc1)(c1ccc(C)cc1)O)(c1ccccc1)O
319,-2.678033738,298.15,OCC,c1ccc2cc(ccc2c1)OP(=O)(Oc1ccc2ccccc2c1)Oc1ccc2ccccc2c1
320,-0.990246259,293.15,OCC,c1ccc2c(c1)c1CCCC(=O)c1[nH]2
321,-0.983952847,290.15,OCC,CC1(C)C2CC[C@@]1(C)C(=O)/C/2=C(/c1ccccc1)\O
322,-2.52923583,294.15,OCC,CCCCCCCCCCCCCCCCCNC(=O)CCCCCCCCC(=O)O
323,-1.093780574,290.15,OCC,CN1[C@H]2CC[C@@H]1[C@H]([C@H](C2)O)C(=O)O
324,0.160128574,298.15,OCC,c1ccc2c(c1)c1=NC3=CC=CC(=Nc4c5ccccc5c(N=C5C=CC=C(C5)N=c2[nH]1)[nH]4)C3
325,-1.25995379,298.15,OCC,c1ccc(cc1)/C=C/c1ccccc1
326,-1.296748044,293.15,OCC,CCCn1c2c(c(=O)n(CCC)c1=O)[nH]c(C13CC4CC(CC3C4)C1)n2
327,0.008276759,293.15,OCC,c1ccc(cc1)C(=O)N=[N+]=[N-]
328,-2.45058394,293.0,OCC,CCCCCCCCCCCCCCCCCCCCCCCC
329,-3.236573593,298.15,OCC,c1ccc(cc1)N(c1ccccc1)c1ccc(cc1)/N=N/c1ccc(cc1C(F)(F)F)N(=O)=O
330,-0.764745547,293.15,OCC,c1cc(ccc1C=CC(=O)CC(=O)C=Cc1ccc(cc1)O)O
331,-2.685396149,293.15,OCC,CCCCC(=O)N(c1ccc(cc1)N(C)C)C(=O)Nc1ccc(cc1)N(C)C
332,-0.566285938,293.15,OCC,CC(C)c1ccc(cc1)NC(=O)N(C)C
333,-0.314498856,294.15,OCC,Cc1ccccc1S(=O)(=O)NNC(=O)C(c1ccccc1)(c1ccccc1)O
334,-1.924085877,291.15,OCC,c1cc2c3ccc(cc3C(c2cc1Br)O)N
335,-2.057621417,293.15,OCC,CC(C)CCC[C@@H](C)[C@H]1CC[C@H]2[C@@H]3CC=C4C[C@H](CC[C@]4(C)[C@H]3CC[C@]12C)OC(=O)C(C)C
336,-3.090170447,295.15,OCC,CCCCCCCCCCCCCCCCOC(=O)CCCCCCCCCCCCCCC
337,-3.767782892,298.15,OCC,Cc1cc(cc(C)c1Oc1c(c(N)nc(Nc2ccc(cc2)C#N)n1)Br)C#N
338,-1.486007272,292.15,OCC,CC(c1ccccc1)OC(=O)NC(=O)N
339,-1.848997955,298.19,OCC,c1cc(c(c(c1)Cl)Cl)c1c(N)nc(N)nn1
340,-1.962800068,294.15,OCC,c1ccc(cc1)C(c1ccccc1)(C(=O)NNS(=O)(=O)c1ccc(cc1)N)O
341,-0.449776358,298.15,OCC,CCC(C(=O)O)NC=O
342,0.53062241,298.15,OCC,c1c(cc(cc1O)O)O
343,-0.204123,298.15,OCC,CCCC1(CCO)C(=O)NC(=S)NC1=O
344,-1.703837128,292.85,OCC,CCCCCCCOC(=O)NC(=O)N
345,-2.065501258,295.15,OCC,c1ccc(cc1)c1cccc(c1)/N=C/c1ccc(cc1N(=O)=O)N(=O)=O
346,-0.014917656,293.15,OCC,CCC1(CC)C(=O)NC(=S)NC1=O
347,-0.907458668,298.15,OCC,CCCCCCCCCCCCCCCC(=O)OCC(CO)O
348,0.533701714,297.65,OCC,c1cc(ccc1O)O
349,-3.320665467,298.15,OCC,c1ccc2c(c1)c(CC(C(=O)O)N)c[nH]2
350,-2.071674923,293.15,OCC,COc1cc(/C=C/CO)cc(c1O[C@H]1[C@@H]([C@H]([C@@H]([C@@H](CO)O1)O)O)O)OC
351,-1.320844297,298.15,OCC,CCCCCCCCCCCCCCCCCC(=O)OCCCl
352,-2.025641699,298.15,OCC,CN(c1ccccc1)c1c(cc(cc1[N+](=O)[O-])[N+](=O)[O-])[N+](=O)[O-]
353,-0.749541691,293.15,OCC,CC(C)[C@@](CC[C@](C)(C(=O)O)O)(C(=O)O)O
354,-0.869196505,293.15,OCC,c1cc(I)oc1C=O
355,-2.101837285,297.15,OCC,Cc1ccnc(n1)NS(=O)(=O)c1ccc(cc1)N
356,-2.210200097,290.15,OCC,c1ccc(cc1)C1C(=O)C(=O)OC1c1ccc2c(c1)OCO2
357,-0.714448841,298.15,OCC,c1ccc(cc1)N=Nc1ccc(cc1)N(c1ccccc1)c1ccccc1
358,-0.568635787,293.15,OCC,CC(=O)Nc1ccccc1C(=O)O
359,0.598792806,297.35,OCC,CCOC(=O)C(C(C(=O)OCC)OC(=O)C)OC(=O)C
360,-2.027519105,298.15,OCC,CCCCCCCCCCCCC1C(=O)N=C(N)S1
361,-2.439194048,293.15,OCC,CCCCCCCCCCCCCCCC(=O)OC(=O)CCCCCCCCCCCCCCC
362,-1.693113263,289.65,OCC,CCCC(CCC)OC(=O)NC(=O)N
363,-2.13076902,295.15,OCC,c1ccc(cc1)c1ccc(cc1)/C=N/c1cccc(c1)c1ccccc1
364,0.170261202,293.15,OCC,c1cc(ccc1C(=O)N)O
365,-2.438899077,298.14,OCC,CN1C(=C(c2ccccc2S1(=O)=O)O)C(=O)Nc1ccccn1
366,-0.440491896,298.15,OCC,Cc1cccc(c1OCC(=O)Nc1ccccc1)Cl
367,-0.394128008,298.15,OCC,c1ccc(cc1)c1c(ccc(c1[N+](=O)[O-])O)[N+](=O)[O-]
368,-1.072362614,295.15,OCC,CCOC(=O)[C@H]([C@H](C(=O)N)O)O
369,-0.686608467,293.15,OCC,c1ccc(cc1)Nc1cccc(c1N)Cl
370,-0.456942235,293.15,OCC,CN1CC[C@]23[C@H]4CC[C@@H]([C@@H]3Oc3c(ccc(C[C@@H]14)c23)OC)O
371,-1.581767392,298.59,OCC,c1cc(c(cc1c1c(c(=O)c2c(cc(cc2o1)O)O)O)O)O
372,-1.815289433,289.65,OCC,CC(C)CC(C)OC(=O)NC(=O)N
373,-2.477818615,293.15,OCC,CCCCCCC/C=C/C(=O)N(c1ccc(cc1)N(C)C)C(=O)Nc1ccc(cc1)N(C)C
374,-0.999204807,298.15,OCC,CCCCCCCCCCCCCCCCCC(=O)OCCO
375,-1.214669172,293.15,OCC,CC(=O)Nc1cccc(c1)C(=O)O
376,0.539322329,297.37,OCC,c1cc(ccc1C=O)O
377,-2.402484727,288.15,OCC,c1ccc(cc1)Nc1ccc(cc1[N+](=O)[O-])[N+](=O)[O-]
378,-2.001074769,293.15,OCC,CCCCCCCCC(CC(=O)N(c1ccc(cc1)N(C)C)C(=O)Nc1ccc(cc1)N(C)C)O
379,-0.323508953,298.15,OCC,c1ccc2c(c1)cccc2[N+](=O)[O-]
380,-0.049896619,291.15,OCC,CCCCCCCC[C@@H]([C@H](CCCCCCCCCCCC(=O)O)O)N(=O)=O
381,-1.517953347,291.15,OCC,c1cc2c(Cc3cc(ccc23)N)cc1Br
382,-2.531144873,288.15,OCC,c1cc(c(c2c1cc(cc2[N+](=O)[O-])[N+](=O)[O-])[N+](=O)[O-])Cl
383,-0.965213683,288.15,OCC,Cc1ccc(cc1[N+](=O)[O-])[N+](=O)[O-]
384,-1.253629325,289.15,OCC,CC(C)OC(=O)NC(=O)N
385,-1.114684198,291.15,OCC,CCCCOC(=O)NC(=O)N
386,-2.977971986,298.15,OCC,CC(C)CC(C(=O)O)N
387,0.169483185,293.15,OCC,CCCCCCCCCCCCOC(=O)c1cc(c(c(c1)O)O)O
388,0.227894327,298.15,OCC,COc1cc2c(cc1OC)N1C(=O)C[C@H]3[C@@H]4[C@H]5C[C@H]6[C@]2(CCN6CC5=CCO3)[C@@H]14
389,-2.617593681,291.15,OCC,C=CCc1ccc(c(c1)OC)OCCSCCOc1ccc(CC=C)cc1OC
390,-0.886966081,298.15,OCC,C=CCNC(=S)NNc1ccc(cc1)[N+](=O)[O-]
391,-1.114267759,291.15,OCC,c1cc(c(cc1[N+](=O)[O-])C(=O)O)N
392,-2.720888368,293.15,OCC,c1ccc(cc1)C(c1ccccc1)C(c1ccccc1)c1ccccc1
393,-1.887724776,288.15,OCC,Cc1cc2C(c3ccc(c(c3C(=O)c2c(c1)O)OC)O)C1[C@@H]([C@H]([C@@H]([C@@H](CO)O1)O)O)O
394,-2.070758013,293.15,OCC,CCCCC(=O)O[C@H]1CC[C@@]2(C)C(=CC[C@H]3[C@@H]4CC[C@H]([C@H](C)CCCC(C)C)[C@@]4(C)CC[C@H]23)C1
395,-1.70251239,293.15,OCC,CC(C)C1=CC[C@H]2C(=C1)CC[C@@H]1[C@]2(C)CCC[C@@]1(C)C(=O)O
396,-1.753799911,298.15,OCC,CCCCCCCCCCC1C(=O)N=C(N)S1
397,-2.123908523,298.15,OCC,c1ccc2c(c1)cccc2NC(=O)NCCC(=O)O
398,0.061201085,293.15,OCC,c1ccc(cc1)COC(=O)NCCCCCC(=O)O
399,-1.456273421,291.15,OCC,CC1(C)[C@@]2(C)CC[C@@]1(C(=O)OC2=O)Cl
400,-0.802671124,293.15,OCC,C1[C@@H]([C@H]([C@@H]([C@@H](O1)ON(=O)=O)ON(=O)=O)ON(=O)=O)ON(=O)=O
401,-0.052566894,298.15,OCC,CC(=O)Nc1ccc(cc1)O
402,-1.77781932,298.15,OCC,c1ccc2c(c1)C(=O)c1ccccc1C2=O
403,-2.737778954,288.15,OCC,Cc1ccc(cc1)N(/C(=N/c1ccccc1)/Nc1ccccc1)c1[nH]c2ccc(C)cc2n1
404,0.823520944,293.15,OCC,c1cc2c(cc1C=O)OCO2
405,-2.196486306,298.15,OCC,CC1(C)CC(=CC(=C(C#N)C#N)C1)/C=C/c1ccc(cc1)O
406,-2.376164922,298.15,OCC,COc1ccc2c(c1)c(ccn2)[C@H]([C@@H]1C[C@H]2CCN1C[C@@H]2C(=O)O)O
407,-2.221129619,298.15,OCC,c1ccc(cc1)N(c1ccccc1)c1ccc(cc1)/N=N/c1ccc(cc1)N(=O)=O
408,-0.357903099,298.15,OCC,c1ccnc(c1)C(=O)O
409,-2.152037413,298.15,OCC,c1ccc2c(c1)c(cc(c2Cl)[N+](=O)[O-])[N+](=O)[O-]
410,-0.2924297,293.15,OCC,c1ccc(c(c1)C(=O)N)O
411,-2.721651726,298.15,OCC,C(CCC(=O)[O-])CC[NH3+]
412,-3.336913804,293.15,OCC,c1ccc(cc1)/C=C/C=N/NC(=O)C(=O)N
413,-0.300009502,299.15,OCC,C[C@@H]1CCC[C@H](C1)NC(=O)c1ccc2ccccc2c1
414,0.213147688,293.15,OCC,C(C(CO[N+](=O)[O-])O[N+](=O)[O-])O[N+](=O)[O-]
415,-1.782676142,293.15,OCC,CCCCCCC(CC(=O)N(c1ccc(cc1)N(C)C)C(=O)Nc1ccc(cc1)N(C)C)O
416,-1.345451013,288.15,OCC,CC(C)(C)OC(=O)NC(=O)N
417,-0.044315724,293.15,OCC,CC(C)(C)S(=O)(=O)C(C)(C)C
418,-1.141621798,295.15,OCC,Cc1c(cc(cc1[N+](=O)[O-])[N+](=O)[O-])[N+](=O)[O-]
419,-1.245804519,298.15,OCC,C1[C@H]([C@@H]([C@H](C(O)O1)O)O)O
420,-2.475452859,292.15,OCC,CCCCCCCCCCCCCCCC(=O)NN
421,-2.21336048,293.15,OCC,CCCCCCCCC(=O)N(c1ccc(cc1)N(C)C)C(=O)Nc1ccc(cc1)N(C)C
422,-3.48023793,293.15,OCC,CC(=O)OC1C(C(C(C(C1OC(=O)C)OC(=O)C)OC(=O)C)OC(=O)C)Br
423,-0.867589008,298.15,OCC,c1cc(ccc1Br)Br
424,-1.140823795,293.15,OCC,CCC(C(C)C)OC(=O)NC(=O)N
425,0.154186179,298.14,OCC,c1ccc(cc1)Cn1cc(CO)nn1
426,-0.184944653,293.15,OCC,CCCCCCCCCCCCCC(=O)O
427,-0.880152424,293.15,OCC,CC(C)(CO)[C@@H](C(=O)NCCC(=O)NCCSC(=O)c1cccc2ccccc12)O
428,-1.102460505,293.15,OCC,C([C@@H]1[C@H]([C@@H]([C@H]([C@@H](O1)O[N+](=O)[O-])O[N+](=O)[O-])O[N+](=O)[O-])O[N+](=O)[O-])O[N+](=O)[O-]
429,-2.000113088,298.15,OCC,C(=C\C(=O)O)/C=C/C(=O)O
430,-0.169738033,293.15,OCC,CC1(C)C2CCC1(C)C(=O)C2Cl
431,-0.47235575,298.15,OCC,c1cc(ccc1N)[N+](=O)[O-]
432,-1.158333962,291.15,OCC,c1c(cc(cc1[N+](=O)[O-])[N+](=O)[O-])[N+](=O)[O-]
433,-2.274082705,293.15,OCC,CN(C)c1ccc(cc1)NC(=O)N(C=O)c1ccc(cc1)N(C)C
434,-1.928721723,296.15,OCC,c1cc(c(cc1[N+](=O)[O-])[N+](=O)[O-])Oc1c(cc(cc1[N+](=O)[O-])[N+](=O)[O-])[N+](=O)[O-]
435,-3.68711345,298.15,OCC,CCCCCCCCCCCCCCCCC1C(=O)N=C(N)S1
436,-0.522870319,298.15,OCC,C(C(=O)O)NC=O
437,-0.77226716,298.15,OCC,CCCCCCCCCCCC(=O)OCC(=O)c1ccccc1
438,-2.477822797,293.15,OCC,C(CCCCCNCCCCCCN)CCCCC(=O)O
439,-2.938281855,288.15,OCC,c1cc(c(cc1[N+](=O)[O-])[N+](=O)[O-])Nc1ccc(cc1[N+](=O)[O-])[N+](=O)[O-]
440,-1.702185548,288.15,OCC,Cc1c(cc2c(c1[N+](=O)[O-])C(C)(C)CC2(C)C)[N+](=O)[O-]
441,-1.537367482,293.15,OCC,c1ccc(c(c1)C(=O)NO)/N=C/c1ccccn1
442,-0.493410444,293.15,OCC,CCOC(=O)c1ccc(cc1C)NC(=O)C
443,-0.468666514,293.15,OCC,CC(C)(CO)[C@H](C(=O)NCCC(=O)NCCSC(=O)c1ccccc1)O
444,-0.549591303,293.15,OCC,CCCCC(=O)NNC(=O)CCCC
445,-1.601661013,287.15,OCC,CC(C)CCCOC(=O)NC(=O)N
446,-2.620276486,298.15,OCC,C(CO[N+](=O)[O-])N(c1c(cc(cc1[N+](=O)[O-])[N+](=O)[O-])[N+](=O)[O-])[N+](=O)[O-]
447,-0.886878183,298.15,OCC,CCCCN(CCCC)CCOC(=O)c1ccc(cc1)/N=N/c1ccc(cc1N)N
448,-0.09622215,298.15,OCC,CCC(=O)NCCNC(=O)CC
449,-1.921003744,293.15,OCC,CN(C)c1ccc(cc1)C(=Nc1ccc(cc1)N)c1ccc(cc1)N(C)C
450,-1.801285343,293.15,OCC,c1ccc(c(c1)Cl)Nc1ccc(cc1N)Cl
451,-2.436556992,297.15,OCC,c1cc2c(c(c1)N)C(=O)N(C1CCC(=O)NC1=O)C2=O
452,-3.023835587,298.15,OCC,Cc1ccc(cc1)C(c1ccc(C)cc1)(C(c1ccc(C)cc1)(c1ccc(C)cc1)O)O
453,-1.56390915,293.15,OCC,CCOC(=O)C1C(=O)CC(C)(C(C1c1ccccc1)C(=O)OCC)O
454,0.361215791,298.14,OCC,CC1(C)CC(CC(C)(C)N1)O
455,0.492373776,295.15,OCC,Cc1cc(=O)n(c2ccccc2)n1C
456,-0.241710093,298.15,OCC,c1cnccc1C(=O)N
457,-0.406026263,298.15,OCC,CCOC(=O)/C=C/C=C/C(=O)OCC
458,-2.157324451,292.15,OCC,COC(=O)c1ccccc1O[C@H]1[C@@H]([C@H]([C@@H]([C@@H](CO[C@H]2[C@@H]([C@H]([C@@H](CO2)O)O)O)O1)O)O)O
459,-2.332946187,293.15,OCC,c1ccc(cc1)C(C(c1ccccc1)C(=O)c1ccccc1)C1C(=O)c2ccccc2C1=O
460,-2.593386658,293.15,OCC,CC(=O)N(c1ccc(cc1)N(C)C)C(=O)Nc1ccc(cc1)N(C)C
461,-2.415426198,290.15,OCC,c1ccc(cc1)CCOC(=O)NC(=O)N
462,0.39824594,293.15,OCC,CC(=CC(C(Cl)(Cl)Cl)O)C
463,-2.025386193,287.15,OCC,CCCCCCC(C)OC(=O)NC(=O)N
464,0.0,299.15,OCC,CCCCCCC(CCC)(CCC)C(=O)NO
465,-0.438898118,298.15,OCC,c1cc(cc(c1)Br)C(=O)O
466,0.845689016,288.35,OCC,C1COC(=O)CO1
467,-0.799447239,296.15,OCC,CC(C)(C)NCC(COc1cccc2C[C@H]([C@H](Cc12)O)O)O
468,-2.23825764,291.15,OCC,CC(C)C1CCC(C)CC1OC(=O)NC(=O)N
469,0.0681909,298.15,OCC,c1ccc(cc1)Nc1ccc(cc1)N=Nc1ccccc1
470,-1.940469891,298.15,OCC,COC(=O)c1ccc(cc1)N=Nc1ccc(cc1N)N
471,-1.955388283,298.15,OCC,C1(C(Cl)(Cl)Cl)OC(C(Cl)(Cl)Cl)OC(C(Cl)(Cl)Cl)O1
472,-2.091437846,291.15,OCC,C[C@@H]1CC[C@@]2(CC[C@]3(C)C(=CC[C@@H]4[C@@]5(C)CC[C@@H](C(C)(C)[C@@H]5CC[C@@]34C)O)[C@@H]2[C@H]1C)C(=O)O
473,-1.467648316,291.15,OCC,c1cc2c3ccc(cc3C(c2cc1Cl)O)N
474,-2.190811492,298.15,OCC,CC#CC(=O)N1CCC[C@H]1c1nc(c2ccc(cc2)C(=O)Nc2ccccn2)c2c(N)nccn12
475,-2.312598381,299.15,OCC,c1ccc(cc1)C(=O)/C=C/c1ccc(cc1)[N+](=O)[O-]
476,-0.121328008,298.15,OCC,C1CCC(CC1)N(C(=O)C1CCC1)O
477,-1.050605969,293.15,OCC,CCCCc1ccc(cc1)/C(=N\Nc1ccc(C)cc1)/C(=O)O
478,-2.164398831,298.15,OCC,c1ccc2c(c1)[nH]c(c1cscn1)n2
479,-1.039383609,293.15,OCC,c1ccc2c(c1)Nc1ccccc1S2
480,-3.07662633,291.15,OCC,c1cc(c(cc1c1coc2cc(cc(c2c1=O)O)O[C@H]1[C@@H]([C@H]([C@@H]([C@@H](CO)O1)O)O)O)O)O
481,-0.544023372,293.15,OCC,c1cc(Br)oc1C=O
482,-0.215388012,298.15,OCC,C(CCC(=O)O)CC(=O)O
483,-0.04161264,298.15,OCC,CC(=O)NCCNC(=O)C
484,-1.771354104,298.15,OCC,c1cc(ccc1S(=O)(=O)N)S(=O)(=O)N
485,-1.481282533,298.15,OCC,CCCOC(=O)c1ccc(cc1)N=Nc1ccc(cc1N)N
486,0.4390219,298.04999999999995,OCC,c1ccc(cc1)C(=O)O
487,-1.224872541,298.15,OCC,C([C@@H]1[C@H]([C@@H]([C@@H](C(O)O1)O)O)O)O
488,-2.346744758,293.15,OCC,c1ccc(cc1)C(CC(=O)c1ccccc1)C(C#N)c1ccc(cc1)[N+](=O)[O-]
489,-1.378778812,299.15,OCC,CCCCCCCCCCCCCCCC(=O)O[C@H]1CO[C@@H](c2ccccc2)OC1
490,-2.554632308,293.15,OCC,CCCCCCCC(=O)N(c1ccc(cc1)N(C)C)C(=O)Nc1ccc(cc1)N(C)C
491,-0.73614786,298.15,OCC,c1ccc(cc1)C(=O)C(=O)c1ccccc1
492,-2.756964929,293.15,OCC,C1CCC2C(C1)C1CC2NC2CCCC(NC3CC(C4CCCCC34)NC3CCCC(C3)N1)N2
493,-0.709240079,296.15,OCC,C[C@H](CCC(=O)O)[C@H]1CC[C@H]2[C@H]3[C@H](CC(=O)[C@]12C)[C@@](C)(CCC(=O)O)[C@H](CC3=O)C(=O)O
494,-2.491131172,293.15,OCC,C/C=C/CCCCCCCC(=O)N(c1ccc(cc1)N(C)C)C(=O)Nc1ccc(cc1)N(C)C
495,-2.638838549,298.15,OCC,c1ccc(cc1)C(c1ccc(cc1)Cl)(C(c1ccccc1)(c1ccc(cc1)Cl)O)O
496,-0.923286124,288.15,OCC,c1ccc2cc(ccc2c1)N(CCCl)CCCl
497,-2.365817792,289.15,OCC,CN(C)c1ccc(cc1)C(=NC(=O)c1ccccc1)c1ccc(cc1)N(C)C
498,-1.714775632,297.15,OCC,c1ccc(cc1)C(C=CC(c1ccccc1)(c1ccccc1)O)(c1ccccc1)O
499,0.885787518,298.14,OCC,c1cc(c(cc1Cl)Cl)Oc1ccc(cc1O)Cl
500,-2.98802994,293.85,OCC,CCCCCCCCCCCCOC(=O)NC(=O)N
501,-0.613450986,298.15,OCC,CC(C)C1CCC(C)CC1OC(=O)C(c1ccccc1)O
502,-0.828414631,295.15,OCC,O=[S]1CC[S](=O)CC1
503,-0.128941292,298.15,OCC,CCCCCC1(CCO)C(=O)NC(=S)NC1=O
504,-2.826812954,298.15,OCC,Cc1cc(ccc1/N=N/c1ccc(cc1)N(c1ccccc1)c1ccccc1)N(=O)=O
505,-1.0,299.15,OCC,CCCCCCCCCCCCCC(=O)NO
506,-2.569157792,293.15,OCC,CC(=CC(=O)N(c1ccc(cc1)N(C)C)C(=O)Nc1ccc(cc1)N(C)C)C
507,-2.505568561,290.15,OCC,COc1ccc(cc1)COC(=O)NC(=O)N
508,-2.299143214,298.15,OCC,c1cc(ccc1C=CC(=O)O)[N+](=O)[O-]
509,-0.973099852,298.15,OCC,Cc1cc(cc(c1OCC(=O)Nc1ccccc1)Cl)Cl
510,-1.866310262,298.2,OCC,CC(=O)[C@@]12[C@@H](C[C@H]3[C@@H]4CCC5=CC(=O)CC[C@]5(C)[C@H]4[C@@H](C[C@]13C)O)O2
511,-1.457699002,294.15,OCC,Cc1ccc(cc1)S(=O)(=O)NNC(=O)C(c1ccccc1)(c1ccccc1)O
512,-0.538348802,298.15,OCC,c1cc(ccc1C(=O)O)Cl
513,-1.933182466,293.15,OCC,CC(C)CCC[C@@H](C)[C@H]1CC[C@H]2[C@@H]3CC=C4C[C@H](CC[C@]4(C)[C@H]3CC[C@]12C)OC(=O)C
514,-0.809734245,293.15,OCC,C(CCCNC(=O)OCCCCO)CCNC(=O)OCCCCO
515,-1.910350113,293.15,OCC,Cc1ccc2c(ccc(c2n1)O)[N+](=O)[O-]
516,0.137054209,298.15,OCC,CC(C)(C)c1ccc(cc1)C(=O)NN
517,-2.242824864,293.15,OCC,CN1CC[C@]23[C@H]4C=CC(=O)[C@@H]3Oc3c(ccc(C[C@@H]14)c23)OC
518,-0.894470679,289.15,OCC,CCCC(C)(C)OC(=O)NC(=O)N
519,-3.258627307,298.15,OCC,c1ccc(cc1)C(c1ccccc1Cl)(C(c1ccccc1)(c1ccccc1Cl)O)O
520,0.333971557,298.15,OCC,c1ccc(cc1)OP(=O)(Oc1ccccc1)Oc1ccccc1
521,-0.946268355,295.15,OCC,CCCC(=Cc1ccco1)C=NNC(=O)N
522,-0.951626569,288.15,OCC,CC1CCC2(CCC3(C)C(=CCC4C5(C)CCC(C(C)(C)C5CCC34C)O)C2C1C)C(=O)OC
523,-2.854235622,293.15,OCC,c1c(cc(c(c1[N+](=O)[O-])C(=O)N=[N+]=[N-])[N+](=O)[O-])[N+](=O)[O-]
524,-1.839553461,293.15,OCC,CC(C)CCC[C@@H](C)[C@H]1CC[C@H]2[C@@H]3CC=C4C[C@H](CC[C@]4(C)[C@H]3CC[C@]12C)OC=O
525,-1.355566778,298.15,OCC,c1ccc(cc1)Nc1ccc(cc1)/N=N/c1ccc(cc1)N(=O)=O
526,0.363600914,298.15,OCC,c1ccc(c(c1)C(=O)O)O
527,0.172072779,294.15,OCC,c1ccc(c(c1)C(=O)c1ccc(cc1)O)C(=O)O
528,-1.234045276,298.15,OCC,c1ccc2c(c1)c1CCCCc1n2C(=O)N
529,-2.638272361,295.15,OCC,COc1ccc(cc1)N=Cc1ccc(cc1)c1ccccc1
530,-1.042435463,293.15,OCC,CCOC1(C(c2ccccc2)Br)C(=O)NC(=O)N1
531,-2.581063963,298.15,OCC,CCCCCCCCCCCCCCC1C(=O)N=C(N)S1
532,0.187974848,293.15,OCC,c1ccc(cc1)CC1C(=O)N(c2ccccc2)C(=O)N1CC(=O)O
533,-0.394055294,293.15,OCC,C1C=C(CC[C@@H](CC(=O)O)O)C(=O)C1
534,-1.9531226,298.15,OCC,c1ccc2c(c1)ccc1ccccc21
535,-2.897091314,298.15,OCC,Cc1ccc(cc1)C(c1ccccc1)(C(c1ccccc1)(c1ccc(C)cc1)O)O
536,-1.741562862,297.79,OCC,CCCCC1=NC2(CCCC2)C(=O)N1Cc1ccc(cc1)c1ccccc1c1[nH]nnn1
537,-0.528767431,298.09,OCC,CN[C@]1(CCCCC1=O)c1ccccc1Cl
538,-3.279386998,291.15,OCC,CCCCCCCCCCCCC(=O)N(c1ccc(cc1)N(C)C)C(=O)Nc1ccc(cc1)N(C)C
539,-2.837505883,290.15,OCC,CCOc1ccc(cc1OC)COC(=O)NC(=O)N
540,-3.22184875,298.15,OCC,c1ccc(cc1)N(c1ccccc1)c1ccc(cc1)/N=N/c1ccc(cc1N(=O)=O)N(=O)=O
541,-1.225877629,293.15,OCC,c1ccc(cc1)Nc1cc(ccc1N)Cl
542,-2.272754731,293.15,OCC,c1cc(ccc1C=C1CCC(=Cc2ccc(cc2)O)C1=O)O
543,-3.105828551,288.15,OCC,Cc1c(c(C)c(c(C)c1[N+](=O)[O-])[N+](=O)[O-])[N+](=O)[O-]
544,-1.687277577,298.15,OCC,c1ccc2c(c1)[nH]c(=O)n2C1CCN(CCCC(c2ccc(cc2)F)c2ccc(cc2)F)CC1
545,-1.004364225,298.14,OCC,c1cc(c(cc1O)O)c1c(c(=O)c2c(cc(cc2o1)O)O)O
546,-1.524765299,288.15,OCC,COc1c(cc(cc1Br)Br)Br
547,-3.132343579,298.15,OCC,C1[C@H]([C@@H]2[C@@H]([C@@H]3[C@H](O2)O[C@@H](C(Cl)(Cl)Cl)O3)O)O[C@@H](C(Cl)(Cl)Cl)O1
548,-2.065867745,298.15,OCC,C1C/C(=N\O)/C(=N/NC(=S)N)/C(=N/O)/C1
549,-2.062583221,298.15,OCC,c1cc2c(cc(c(c2nc1)O)I)S(=O)(=O)O
550,-2.0552195,294.15,OCC,c1cnccc1C(=O)N/N=C/[C@H]([C@@H]1[C@@H]([C@@H](C(=O)O1)O)O)O
551,-0.950194414,288.15,OCC,Cc1ccc(C)c(c1[N+](=O)[O-])[N+](=O)[O-]
552,-3.171335925,288.15,OCC,CCN(CC)CCNC(=O)c1ccc(cc1)NC(=O)/C=C\C(=O)O
553,-2.213600031,295.65,OCC,c1(=O)[nH]c(=O)[nH]c(=O)[nH]1
554,-2.166852656,298.15,OCC,COc1cc(/C=C/C(=O)CC(=O)/C=C/c2ccc(c(c2)OC)O)ccc1O
555,-0.873675102,293.15,OCC,CCOC(=O)c1ccc(cc1)NC(=S)N
556,-2.08127528,288.15,OCC,Cc1cc(c(C)c(c1[N+](=O)[O-])[N+](=O)[O-])[N+](=O)[O-]
557,0.115505606,293.15,OCC,CC(=O)NNC(=O)C
558,-1.177553773,294.15,OCC,c1ccc(cc1)C(c1ccccc1)(C(=O)NNS(=O)(=O)c1ccc(cc1)[N+](=O)[O-])O
559,-2.003367172,298.15,OCC,c1ccc(cc1)Nc1ccc(cc1)n1nc2ccccc2[n+]1[O-]
560,-2.379723593,293.15,OCC,CCCCCCCCCCCCCCCCCC(=O)Nc1ccccc1
561,-0.140235068,288.15,OCC,Cc1ccc(cc1)[N+](=O)[O-]
562,-2.504554637,293.15,OCC,CCOc1ccc(cc1/C=N/NC(=O)N)[N+](=O)[O-]
563,-3.012875764,298.14,OCC,Cc1cnc(NC(=O)C2=C(c3ccccc3S(=O)(=O)N2C)O)s1
564,-1.287910186,290.15,OCC,CCCCC(C)OC(=O)NC(=O)N
565,0.583329855,298.15,OCC,CCCOC(=O)c1cc(c(c(c1)O)O)O
566,-0.227885089,298.15,OCC,c1ccc(cc1)c1ccccc1
567,-3.02657759,289.15,OCC,c1cc2c(cccc2[N+](=O)[O-])c(c1)[N+](=O)[O-]
568,-3.097255742,298.15,OCC,COc1ccc(cc1OC)C(=O)N1CCN(CC1)c1ccc2c(CCC(=O)N2)c1
569,-0.438764661,288.15,OCC,Cc1ccc2c(c1)nc(Nc1ccccc1)[nH]2
570,0.365480473,296.04999999999995,OCC,Cc1ccccc1C(=O)O
571,-0.766250641,288.15,OCC,Cc1cc(cc(c1O)[N+](=O)[O-])[N+](=O)[O-]
572,-2.350352217,290.15,OCC,CN(C)c1ccc(cc1)C(=Nc1ccccc1N)c1ccc(cc1)N(C)C
