,logS,temperature,solvent_smiles,solute_smiles
0,-0.400578187,294.15,CC(=O)C,CN(C)C1=CC=C(C=C1)N=C=NC1=CC=C(C=C1)N(C)C
1,0.394826213,293.15,CC(=O)C,OC1=C(CC2=C(O)C(Cl)=CC(Cl)=C2Cl)C(Cl)=C(Cl)C=C1Cl
2,-1.221572041,291.15,CC(=O)C,[H]C1(O[C@H](CO)[C@@H](O)[C@H](O)[C@H]1O)C1([H])C2=C(C(O)=CC=C2)C(=O)C2=C1C=C(CO)C=C2O
3,0.444041636,293.15,CC(=O)C,OC(=O)C1=CC=CC(=C1)N(=O)=O
4,0.243700949,291.15,CC(=O)C,CN(C1=C(C=C(C=C1N(=O)=O)N(=O)=O)N(=O)=O)N(=O)=O
5,-0.468519224,298.19,CC(=O)C,COC1=CC=C(C=C1O)[C@@H]1CC(=O)C2=C(O1)C=C(O)C=C2O
6,-2.827756863,293.15,CC(=O)C,[H][C@@](C)(CCCC(C)C)[C@@]1([H])CC[C@@]2([H])[C@]3([H])CC=C4C[C@H](CC[C@]4(C)[C@@]3([H])CC[C@]12C)OP([H])(O)=O
7,-0.921291877,298.15,CC(=O)C,NC(=O)C1=CC(=CC=C1)S(N)(=O)=O
8,0.337495442,297.15,CC(=O)C,NC1=CC=C(C=C1)C(O)=O
9,-2.016550754,293.15,CC(=O)C,CC1=NC2=CC=CC(N3CCN(CCC4=CC(=CC=C4)N4CCNC4=O)CC3)=C2C=C1
10,-1.436150825,288.15,CC(=O)C,CCOC1=C(C=C(C=C1N(=O)=O)N(=O)=O)N(=O)=O
11,-0.459237338,293.15,CC(=O)C,CC12SC3(C)SC(C)(S1)SC(C)(S2)S3
12,-1.963880817,298.15,CC(=O)C,OC(=O)C1=CC=C2C(=O)C3=C(C=CC=C3)C(=O)C2=C1
13,-1.069979767,298.15,CC(=O)C,ClC1=C(Cl)C(Cl)=C(Cl)C2=C1C(=O)OC2=O
14,-0.826522497,300.69,CC(=O)C,[H][C@@](C)(CC\C=C(/C)C)[C@@]1([H])CC[C@@]2([H])[C@]3([H])CC=C4C[C@@H](O)CC[C@]4(C)[C@@]3([H])CC[C@]12C
15,-0.420205667,293.15,CC(=O)C,C1=CC2=C3C(C=CC4=C3C(C=C2)=CC=C4)=C1
16,-2.673538801,293.15,CC(=O)C,C[C@H]1CC[C@@H](CC1)N1C2=NC(NC3=NC4=C(CN(CC4)C(=O)CO)C=C3)=NC=C2C2=C1C=NC=C2
17,-0.25853527,297.15,CC(=O)C,O=C(OCOC(=O)C1=CC=CC=C1)C1=CC=CC=C1
18,-1.021978059,288.15,CC(=O)C,O=N(=O)C1=CC2=C(C(=CC=C2)N(=O)=O)C(=C1)N(=O)=O
19,-1.116359437,293.15,CC(=O)C,CCOC(=O)C1=C(N(C)N=C1)S(=O)(=O)NC(=O)NC1=NC(OC)=CC(OC)=N1
20,-2.292959938,293.15,CC(=O)C,CCC(=O)N(C(=O)NC1=CC=C(C=C1)N(C)C)C1=CC=C(C=C1)N(C)C
21,-0.085996242,293.15,CC(=O)C,CC1=CC=C(C(O)=O)C(C)=C1
22,-1.55336281,296.15,CC(=O)C,CC1=CC=CC=C1NC(N)=O
23,-0.902822505,291.15,CC(=O)C,C[C@H]1CC[C@H](CC1)C(N)=O
24,-1.143884926,298.14,CC(=O)C,ClC1=CC=CC2=C1C(=O)C1=CC=CC=C1C2=O
25,-1.540262719,293.15,CC(=O)C,CO[C@H]1O[C@@H]([C@H](O)[C@H](O)[C@H]1O)C(O)=O
26,-1.886057124,298.19,CC(=O)C,[H][C@]12CCC(=C)[C@@H](C\C=C3/C(O)COC3=O)[C@]1(C)CC[C@@H](O)[C@@]2(C)CO
27,-2.348157253,288.15,CC(=O)C,[H][C@@]12OC3=C(O)C=CC4=C3[C@@]11CCN(C)[C@H](C4)[C@]1([H])C=C[C@@H]2O
28,-1.116543475,293.15,CC(=O)C,NC(=O)OCC1=CC(=NO1)C1=CC=C(OCC2=CC=CC=C2)C=C1
29,0.075176197,297.89,CC(=O)C,CC(=O)OC1=CC=CC=C1C(O)=O
30,-2.64193097,293.15,CC(=O)C,CC(=O)NC[C@H]1CN(C(=O)O1)C1=CC=C(C(F)=C1)C1=CC=C(CNCC2=CN=NN2)C=C1
31,-2.045757491,293.15,CC(=O)C,CCCCCCCCOC(=O)C1=C(C)OC2=CC3=C(OC(C)=C3C(=O)OCCCCCCCC)C=C12
32,-0.244127212,299.15,CC(=O)C,ON=C1C(=O)C=CC2=C1C=CC=C2
33,-0.949847239,293.15,CC(=O)C,[H][C@@]12COC(=O)[C@@]1([H])CC1=CC(OC)=C(O)C=C1[C@H]2C1=CC=C(O)C(OC)=C1
34,-0.69945019,298.15,CC(=O)C,[H][C@@](CC1=CC=CC=C1)(NC(C)=O)C(O)=O
35,-1.284407192,293.15,CC(=O)C,[H][C@@](C)(CCCC(C)C)[C@@]1([H])CC[C@@]2([H])[C@]3([H])CC=C4C[C@H](CC[C@]4(C)[C@@]3([H])CC[C@]12C)OC(=O)CC
36,-2.267606191,293.15,CC(=O)C,CCOC(=O)C1=C(C)OC2=CC3=C(OC(C)=C3C(=O)OCC)C=C12
37,-1.297953573,293.15,CC(=O)C,[H][C@@](C)(CCCC(C)C)[C@@]1([H])CC[C@@]2([H])[C@]3([H])CC=C4C[C@H](CC[C@]4(C)[C@@]3([H])CC[C@]12C)OC(=O)CCC
38,0.006849752,295.15,CC(=O)C,[H][C@](OC(=O)C1=CC=C(C)C=C1)(C(O)=O)[C@@]([H])(OC(=O)C1=CC=C(C)C=C1)C(O)=O
39,-1.42044563,298.44,CC(=O)C,COC1=CC2=C(C=C1)C=C(C=C2)[C@H](C)C(O)=O
40,-2.733689172,298.15,CC(=O)C,NC(CC1=CC=CC=C1)C(O)=O
41,-0.704648873,298.15,CC(=O)C,C[C@H]1OC=C2C(O)=C(C(O)=O)C(=O)C(C)=C2[C@@H]1C
42,-1.316098643,298.15,CC(=O)C,NC1=CC=C(CC(O)=O)C=C1
43,-1.995985874,298.14,CC(=O)C,CC(=O)C1C(=O)C=C2OC3=C(C(C)=O)C(O)=C(C)C(O)=C3[C@]2(C)C1=O
44,-0.188065238,298.15,CC(=O)C,O=C1NS(=O)(=O)C2=C1C=CC=C2
45,-0.029200381,297.98999999999995,CC(=O)C,C1CC2=C3C1=CC=CC3=CC=C2
46,0.802944895,290.15,CC(=O)C,ClC1=CC=C(C=C1)N(=O)=O
47,0.072121752,293.15,CC(=O)C,CN(C(=O)C(=O)N(C)N(=O)=O)N(=O)=O
48,0.2903599,298.15,CC(=O)C,C1=CC=C(C=C1)\N=N\C1=CC=CC=C1
49,-0.751730463,296.15,CC(=O)C,CC1=CC=C(NC(N)=O)C=C1
50,-2.004575462,295.15,CC(=O)C,[H][C@](C)(\C=C\[C@@]([H])(C)[C@@]1([H])CC[C@@]2([H])C3=CC=C4C[C@@H](O)CC[C@]4(C)[C@@]3([H])CC[C@]12C)C(C)C
51,0.142253513,298.15,CC(=O)C,N\C(C#N)=C(/N)C#N
52,-3.297191289,293.15,CC(=O)C,[H][C@@](O)(CO)[C@@]([H])(O)[C@]([H])(O)[C@@]([H])(O)CS
53,-1.016460387,298.15,CC(=O)C,ClC1=NC(OC2=CC=C(C=C2)N=NC2=CC=CC=C2)=NC(Cl)=N1
54,-2.843870159,298.15,CC(=O)C,OC1=CC=CC=C1C(=O)NC1=NC=C(S1)N(=O)=O
55,-1.170336471,298.15,CC(=O)C,NC(=O)N1C2=C(C=CC=C2)C=CC2=C1C=CC=C2
56,-0.413887927,293.15,CC(=O)C,C(N(C1=CC=CC=C1)C1=CC=CC=C1)C1=CC=CC=C1
57,0.796849864,288.15,CC(=O)C,COC1=C(C=C(C=C1N(=O)=O)N(=O)=O)N(=O)=O
58,-1.907416736,293.15,CC(=O)C,[H][C@@](C)(CCCC(C)C)[C@@]1([H])CC[C@@]2([H])[C@]3([H])CC=C4C[C@H](CC[C@]4(C)[C@@]3([H])CC[C@]12C)OC(=O)CCCCC
59,-0.439803394,298.15,CC(=O)C,[H][C@@](CC(C)=O)(C1C(=O)OC2=CC=CC=C2C1=O)C1=CC=CC=C1
60,0.035633813,293.15,CC(=O)C,[H][C@@]12CC[C@H](OC(=O)CCCC)[C@@]1(C)CC[C@]1([H])C3=C(CC[C@@]21[H])C=C(OC(=O)C1=CC=CC=C1)C=C3
61,-1.097448168,293.15,CC(=O)C,CC(N(CCC(O)=O)C(=O)C1=CC=CC=C1)C(O)=O
62,-1.485741766,288.15,CC(=O)C,NC(=O)\N=N\C1=CC=CC(=C1)C(N)=O
63,0.359498417,298.15,CC(=O)C,CC(=O)NC1=CC=CC=C1
64,-1.863660145,293.15,CC(=O)C,CCN(C(=O)C1=C(O)C2=C(Cl)C=CC=C2N(C)C1=O)C1=CC=CC=C1
65,-1.371410923,297.98999999999995,CC(=O)C,NC(=O)CN1CCCC1=O
66,-2.283762019,293.15,CC(=O)C,CCCCCCCCCC(=O)N(C(=O)NC1=CC=C(C=C1)N(C)C)C1=CC=C(C=C1)N(C)C
67,-1.10551814,303.15,CC(=O)C,OC(=O)C1=CC=C(C=O)C=C1
68,-0.485005165,293.15,CC(=O)C,ClC1=CC=C(C=C1)S(=O)(=O)C1=CC=C(Cl)C=C1
69,0.056047153,293.15,CC(=O)C,NC1=C(NC2=CC=C(Cl)C=C2)C=C(Cl)C=C1
70,-0.501438686,293.15,CC(=O)C,CC1(C)[C@@H](CC[C@@]1(C)C(N)=O)C(O)=O
71,-1.84227779,298.15,CC(=O)C,OC1=CC=C(O)C2=C1C(=O)C1=CC=CC=C1C2=O
72,-0.958964009,291.15,CC(=O)C,COC(=O)C1=NNN(C)C1=O
73,0.412228301,293.15,CC(=O)C,CC1=CC=CC(C)=C1C(O)=O
74,-2.641848751,293.15,CC(=O)C,CN(C)C1=CC2=C(NC3=C(C(=C(N(C)N(=O)=O)C(=C3)N(=O)=O)N(=O)=O)S2(=O)=O)C=C1
75,0.116482659,293.15,CC(=O)C,NC1=C(NC2=CC=C(Cl)C=C2)C=CC(Cl)=C1
76,-2.489457297,298.14,CC(=O)C,[H][C@](O)(CO)[C@@]([H])(O)[C@]([H])(O)CO
77,-2.052242072,297.85999999999996,CC(=O)C,CC(C)CC1=CC=C(C=C1)C(C)C(O)=O
78,-1.627896947,298.15,CC(=O)C,S1C(SC(SC1C1=CC=CC=C1)C1=CC=CC=C1)C1=CC=CC=C1
79,-1.552847631,298.2,CC(=O)C,OC[C@H]1O[C@H]([C@H](O)[C@@H](O)[C@@H]1O)C1=C(O)C=CC2=C1OC=C(C2=O)C1=CC=C(O)C=C1
80,-1.735336862,291.15,CC(=O)C,[H][C@@]12[C@@H](C)CC(=O)[C@]1([H])C(=CO[C@H]2O[C@@H]1O[C@H](CO)[C@@H](O)[C@H](O)[C@H]1O)C(=O)OC
81,0.643456062,293.15,CC(=O)C,OC(=O)C1=C(Br)C=CC=C1Br
82,-0.81694987,294.15,CC(=O)C,O=C(OCC(COC(=O)C1=CC=C(C=C1)N(=O)=O)OC(=O)C1=CC=C(C=C1)N(=O)=O)C1=CC=CC=C1
83,-0.760630239,298.15,CC(=O)C,NS(=O)(=O)C1=CC(=CC=C1)S(N)(=O)=O
84,-1.672818005,293.15,CC(=O)C,[H][C@@](C)(CCCC(C)C)[C@@]1([H])CC[C@@]2([H])[C@]3([H])CC=C4C[C@H](CC[C@]4(C)[C@@]3([H])CC[C@]12C)OC(=O)CC(C)C
85,-2.504718085,298.15,CC(=O)C,CCCSC1=CC=C2NC(NC(=O)OC)=NC2=C1
86,-1.163185841,293.15,CC(=O)C,CCCCCCCC(O)CC(=O)N(C(=O)NC1=CC=C(C=C1)N(C)C)C1=CC=C(C=C1)N(C)C
87,-1.916855674,293.28999999999996,CC(=O)C,CC1=COC2=C1C(=O)C(=O)C1=C3CCCC(C)(C)C3=CC=C21
88,-0.929049367,293.15,CC(=O)C,CCCCCCCCC\C=C\C(=O)N(C(=O)NC1=CC=C(C=C1)N(C)C)C1=CC=C(C=C1)N(C)C
89,-0.782235366,292.65,CC(=O)C,NC1=C(C=C(C=C1N(=O)=O)N(=O)=O)N(=O)=O
90,-2.172700209,290.15,CC(=O)C,C1OC(OC1C1OC(OC1C1COC(O1)C1=CC=CC=C1)C1=CC=CC=C1)C1=CC=CC=C1
91,-2.054111614,290.15,CC(=O)C,OOC1(C2=CC=CC=C2)C2=CC=CC=C2C(OO)(C2=CC=CC=C2)C2=C1C=CC=C2
92,-0.167110479,293.15,CC(=O)C,CO\C=C(\C(=O)OC)C1=C(COC2=NC(=CC=C2)C(F)(F)F)C=CC=C1
93,-2.028466869,298.15,CC(=O)C,CCN1C=C(C(O)=O)C(=O)C2=C1N=C(N1CCNCC1)C(F)=C2
94,-1.623085206,293.15,CC(=O)C,CC[C@H]1C2=C(CC[C@@]1(C)C(=O)O[C@@H]1C[C@H](C)CC[C@H]1C(C)C)C1=C(C=C2)C=C(OC)C=C1
95,-0.463121583,298.15,CC(=O)C,[H][C@](NC(C)=O)(C(C)C)C(O)=O
96,0.274707345,296.15,CC(=O)C,OC(=O)C1=CC=CC(O)=C1
97,0.258612562,288.15,CC(=O)C,OC(=O)C1=CC=CC=C1Cl
98,-2.914264861,298.15,CC(=O)C,CCOCN1C(=O)C2=C(C=CC=C2)C1=O
99,-0.792311105,291.15,CC(=O)C,OC1=CC(O)=C2C(=O)C(=COC2=C1)C1=CC(O)=C(O)C=C1
100,-1.660560304,293.15,CC(=O)C,C\C=C\C(=O)N(C(=O)NC1=CC=C(C=C1)N(C)C)C1=CC=C(C=C1)N(C)C
101,-0.981287159,291.45,CC(=O)C,CC1=CC=C2NC3=C(CCCC3=O)C2=C1
102,-0.228397885,290.15,CC(=O)C,CC1(C)C2CCC1(C)C(=O)C2C(=O)C1=CC=CC=C1
103,-0.616930725,293.15,CC(=O)C,O=C1O\C(=N\C2=C(C=CC=C2)N(=O)=O)C2=CC=CC=C12
104,-1.899112145,298.15,CC(=O)C,CC(=O)OC1=CC=C(C=C1)C1=CC(=O)C2=C(OC(C)=O)C=C(OC(C)=O)C=C2O1
105,-1.943231113,290.15,CC(=O)C,C1OC(OC1C1COC(O1)C1=CC=CC=C1)C1=CC=CC=C1
106,-1.613894727,293.15,CC(=O)C,CCCCCCCC\C=C\C(=O)N(C(=O)NC1=CC=C(C=C1)N(C)C)C1=CC=C(C=C1)N(C)C
107,-3.088024262,298.15,CC(=O)C,[H][C@](N)(CSCC#C)C(O)=O
108,0.839847846,287.15,CC(=O)C,OC1=C(C=CC=C1N(=O)=O)N(=O)=O
109,0.130637881,298.15,CC(=O)C,CCCCC(NC(C)=O)C(O)=O
110,-2.619789332,303.15,CC(=O)C,NC1=NC(N)=NC(N)=N1
111,-0.467725965,298.15,CC(=O)C,[H][C@](C)(CC)[C@@]([H])(NC(C)=O)C(O)=O
112,-0.486720856,295.15,CC(=O)C,OC(=O)CNC(=O)C1=C(O)C=C(C=N1)C1=CC(Cl)=CC=C1
113,-1.052568169,298.15,CC(=O)C,C1COCCOC2=C(OCCOCCOC3=C(OCCO1)C=CC=C3)C=CC=C2
114,-0.671145442,293.15,CC(=O)C,Cl[C@H]1[C@H](Cl)[C@@H](Cl)[C@H](Cl)[C@@H](Cl)[C@@H]1Cl
115,-2.387200434,298.15,CC(=O)C,NC1=NC(=O)N(C=C1)[C@@H]1CS[C@H](CO)O1
116,0.296557126,298.15,CC(=O)C,N=C(C#N)C(=N)C#N
117,-0.757114242,293.15,CC(=O)C,[H][C@@]12COC3=C(C=C(OC)C(OC)=C3)[C@]1([H])C(=O)C1=C(O2)C2=C(O[C@H](C2)C(C)=C)C=C1
118,-1.789595827,293.15,CC(=O)C,CCCCCC(=O)N(C(=O)NC1=CC=C(C=C1)N(C)C)C1=CC=C(C=C1)N(C)C
119,-1.00229436,303.15,CC(=O)C,CN1CCN(CC2=CC(C)=CC=C2)CC(C1)NC(=O)C1=NNC2=C1C=CC=C2
120,0.763514653,303.15,CC(=O)C,ClCC1=CC=C(C=C1)N(=O)=O
121,0.273335105,299.15,CC(=O)C,OC(=O)CN(CCC#N)CCC#N
122,-0.415569911,293.15,CC(=O)C,[H][C@@]12CC[C@@](C)([C@@H](O)[C@H]1NC(=O)[C@@H](O)C(C)(C)CO)C2(C)C
123,-0.635148702,293.15,CC(=O)C,C[C@H]1OC(=O)C(C1=O)C(C)(C)C1=C(CC(C)=O)[C@@H](C)OC1=O
124,-2.614625863,298.15,CC(=O)C,[H][C@](O)(C1=CC=NC2=C1C=CC=C2)[C@@]1([H])C[C@@H]2CC[N@]1C[C@@H]2C=C
125,0.424178789,293.15,CC(=O)C,O=C(N=N#N)C1=C(C=CC=C1)N(=O)=O
126,-2.277799425,288.15,CC(=O)C,NC(=O)C1=CC=CC2=NC3=CC=CC=C3N=C12
127,-0.073451345,293.15,CC(=O)C,COC(=O)CN1C(CC2=CC=CC=C2)C(=O)N(C1=O)C1=CC=CC=C1
128,-0.493387613,303.15,CC(=O)C,CN(C)C(=S)SSC(=S)N(C)C
129,-1.745606359,293.15,CC(=O)C,CCCCCCCCCCCC(=O)N(C(=O)NC1=CC=C(C=C1)N(C)C)C1=CC=C(C=C1)N(C)C
130,-0.759830847,298.15,CC(=O)C,CC(N(CCC(O)=O)C(C)=O)C(O)=O
131,-0.294172235,293.15,CC(=O)C,[H][C@@]12OC3=C4C(C[C@H]5N(C)CC[C@@]14[C@@]5([H])CC[C@@H]2OC(C)=O)=CC=C3OC
132,0.247301268,298.14,CC(=O)C,O=C1OC(=O)C2=CC=CC=C12
133,-0.731952364,298.95,CC(=O)C,[H][C@@]12C[C@@]3([H])[C@]4([H])CCC5=CC(=O)CC[C@]5(C)[C@@]4([H])CC[C@]3(C)[C@@]1(O2)C(C)=O
134,-2.265526513,288.15,CC(=O)C,CCCCCCCCCCCCCC(=O)CCCCCCCCC(O)=O
135,-0.04508515,289.15,CC(=O)C,N#CSCCSC#N
136,0.327631972,293.15,CC(=O)C,NC1=C(NC2=CC=CC=C2)C=CC(Cl)=C1
137,0.494803302,299.15,CC(=O)C,CC(N(CCC#N)CCC#N)C(O)=O
138,-0.095388362,293.15,CC(=O)C,CSC1=N[C@](C)(C(=O)N1NC1=CC=CC=C1)C1=CC=CC=C1
139,-1.232358035,295.0,CC(=O)C,[H][C@@]1(C[C@@H]2CC[N@]1C[C@@H]2C=C)[C@@H](O)C1=CC=NC2=CC=C(OC)C=C12
140,-0.022027947,298.15,CC(=O)C,CC(=O)OC[C@H]1O[C@@H](OC(C)=O)[C@H](OC(C)=O)[C@@H](OC(C)=O)[C@@H]1OC(C)=O
141,-0.136173606,293.15,CC(=O)C,NC1=C(NC2=CC(Cl)=CC=C2)C=CC(Cl)=C1
142,-0.3690667,303.15,CC(=O)C,CCCCCCCC(N)=O
143,-1.900236048,293.15,CC(=O)C,OC1=C2C=CC=CC2=C(O)C(=C1)P1(=O)OC2=CC=CC=C2C2=CC=CC=C12
144,-1.906661981,292.15,CC(=O)C,CN1C2C(N(C)C1=O)N(C)S(=O)(=O)N2C
145,0.129779372,293.15,CC(=O)C,O=C(N=N#N)C1=CC(=CC=C1)N(=O)=O
146,-0.200475114,299.15,CC(=O)C,[H][C@](C)(\C=C\[C@@]([H])(C)[C@@]1([H])CC[C@@]2([H])\C(CCC[C@]12C)=C\C=C1\C[C@@H](O)CCC1=C)C(C)C
147,0.389157907,298.15,CC(=O)C,N#C\C(=N/NC1=CC=CC=C1)C#N
148,0.027020488,298.15,CC(=O)C,ClC1=NC(Cl)=NC(Cl)=N1
149,-1.863279662,298.28999999999996,CC(=O)C,[H][C@@]12CC(C)(C)CC[C@@]1(CC[C@]1(C)C2=CC[C@]2([H])[C@@]3(C)CC[C@H](O)C(C)(C)[C@]3([H])CC[C@@]12C)C(O)=O
150,-0.038971514,289.15,CC(=O)C,N#CSC=CSC#N
151,-1.130189922,298.0,CC(=O)C,OC1=CC=C2C=CC=CC2=C1\N=N\C1=CC=CC=C1
152,-1.854345088,298.15,CC(=O)C,NC(=O)C1=CC=C(C=C1)S(N)(=O)=O
153,-1.337249478,293.15,CC(=O)C,C1=CC2=CC3=CC=CC=C3C=C2C=C1
154,-1.155973924,293.15,CC(=O)C,CC(OCC(N)=O)C(N)=O
155,-0.537602221,293.15,CC(=O)C,NC(=O)C1=CC(O)=CC=C1
156,-1.272611445,294.15,CC(=O)C,CC(=O)OCC(COC(=O)C1=CC=C(C=C1)N(=O)=O)OC(=O)C1=CC=C(C=C1)N(=O)=O
157,0.440247065,302.15,CC(=O)C,COC1=C(C(=CC(=C1N(=O)=O)N(=O)=O)N(=O)=O)N(=O)=O
158,-1.231019379,294.15,CC(=O)C,O=C(OCC(COC(=O)C1=CC=C(C=C1)N(=O)=O)OC(=O)C1=CC=CC=C1)C1=CC=C(C=C1)N(=O)=O
159,-0.65365556,293.15,CC(=O)C,CO\C=C(\C(C)=O)C1=C(OC2=CC(OC3=C(C=CC=C3)C#N)=NC=N2)C=CC=C1
160,-0.184546074,298.15,CC(=O)C,COCN1C(=O)C2=C(C=CC=C2)C1=O
161,-1.103498678,291.15,CC(=O)C,CC1(C)[C@H](CC[C@@]1(C)C(O)=O)C(N)=O
162,0.277740946,293.15,CC(=O)C,CCC[C@H]1CC2=C(C[C@@H](CC)CC3=C1C(=O)OC3=O)C(=O)OC2=O
163,-1.947267216,293.15,CC(=O)C,CCCC(=O)N(C(=O)NC1=CC=C(C=C1)N(C)C)C1=CC=C(C=C1)N(C)C
164,0.588545704,293.15,CC(=O)C,ClC1=CC=C(Cl)C=C1
165,-0.51935619,293.15,CC(=O)C,O=C1OC(NC2=CC(=CC=C2)N(=O)=O)(NC2=CC(=CC=C2)N(=O)=O)C2=CC=CC=C12
166,-1.358088214,298.14,CC(=O)C,CC1(C)COP(=O)(NCCNP2(=O)OCC(C)(C)CO2)OC1
167,-0.516019467,298.15,CC(=O)C,IC(I)I
168,-0.91579268,297.65,CC(=O)C,COC1=C(NC2=CC(C)=C(C=C2N(=O)=O)N(=O)=O)C=CC=C1
169,0.08790873,298.15,CC(=O)C,CO\N=C(\C(=O)OC)C1=C(CO\N=C(/C)C2=CC(=CC=C2)C(F)(F)F)C=CC=C1
170,0.246296012,293.15,CC(=O)C,C1C2CC3CC1CC(C2)C3
171,-0.369151016,293.15,CC(=O)C,[H][C@@]12OC3=C(OC)C=CC4=C3[C@@]11CCN(C)[C@H](C4)[C@]1([H])C=C[C@@H]2O
172,-1.642960017,293.15,CC(=O)C,CCCCCCC(=O)N(C(=O)NC1=CC=C(C=C1)N(C)C)C1=CC=C(C=C1)N(C)C
173,0.456469311,293.15,CC(=O)C,OC1=C(C=C(C=C1N(=O)=O)N(=O)=O)N(=O)=O
174,-0.135580637,298.15,CC(=O)C,CC1(OC(=O)N(NC2=CC=CC=C2)C1=O)C1=CC=C(OC2=CC=CC=C2)C=C1
175,-0.918843431,303.15,CC(=O)C,[H][C@@]12CCC(=O)[C@@]1(C)CCC1=C3C=CC(O)=CC3=CC=C21
176,-0.245512668,293.15,CC(=O)C,O[C@@H]1CCCC[C@H]1O
177,-0.235201593,290.15,CC(=O)C,CC1(C)[C@@H]2CC[C@@]1(C)C(=O)\C2=C(/O)C1=CC=CC=C1
178,0.85748448,293.15,CC(=O)C,O=C(N=N#N)C1=CC=CC=C1
179,-2.585282514,293.0,CC(=O)C,CCCCCCCCCCCCCCCCCCCCCCCC
180,-0.487933625,288.15,CC(=O)C,O=N(=O)C1=CC=C(C2=C1C=CC=C2N(=O)=O)N(=O)=O
181,-1.948105681,303.15,CC(=O)C,[H][C@@]12C[C@@H](O)[C@H](O)[C@@]1(C)CC[C@]1([H])C3=C(CC[C@@]21[H])C=C(O)C=C3
182,-1.658384817,293.15,CC(=O)C,CCCCC(=O)N(C(=O)NC1=CC=C(C=C1)N(C)C)C1=CC=C(C=C1)N(C)C
183,0.35852951,291.15,CC(=O)C,CNC(=O)C(=N#N)C(=O)OC
184,-1.097351032,288.15,CC(=O)C,O=C1OC(=O)C2C3=C(C=CC=C3)C1C1=C2C=CC=C1
185,-1.659681409,293.15,CC(=O)C,[H][C@@](C)(CCCC(C)C)[C@@]1([H])CC[C@@]2([H])[C@]3([H])CC=C4C[C@H](CC[C@]4(C)[C@@]3([H])CC[C@]12C)OC(=O)C(C)C
186,-1.499232252,296.15,CC(=O)C,OC(=O)C1=CC=CN=C1
187,-1.30213449,291.15,CC(=O)C,ClC1=CC=CC2=C1C=CC1=NC3=CC=CC=C3N(=O)=C21
188,-1.6005955,298.14,CC(=O)C,OC1=CC=CC2=C1C(=O)C1=C(O)C=CC=C1C2=O
189,0.534039156,298.15,CC(=O)C,OC1=CC(O)=CC(O)=C1
190,0.430177531,293.04999999999995,CC(=O)C,CCCCOC(=O)C1=CC=C(O)C=C1
191,0.175105621,299.15,CC(=O)C,[H][C@@](CC1=CC=C(O)C=C1)(N(CCC#N)CCC#N)C(O)=O
192,-1.722553688,298.15,CC(=O)C,CN(C)C1=CC=C(C=C1)N(=O)=O
193,-2.676107361,293.15,CC(=O)C,COC1=CC(\C=C\CO)=CC(OC)=C1O[C@@H]1O[C@H](CO)[C@@H](O)[C@H](O)[C@H]1O
194,-2.403715714,288.15,CC(=O)C,[H][C@]12C[C@@]3([H])C4=CCO[C@@]5([H])CC(=O)N6C7=C(C=CC=C7)[C@@]1(CCN2C4)[C@]6([H])[C@@]35[H]
195,-1.388288632,297.15,CC(=O)C,CC1=NC(NS(=O)(=O)C2=CC=C(N)C=C2)=NC=C1
196,-0.698970004,293.15,CC(=O)C,CC(=O)NC1=CC=CC=C1C(O)=O
197,-1.207123417,293.15,CC(=O)C,OC(=O)[C@H]1[C@H]([C@H]([C@@H]1C1=CC=CC=C1)C1=CC=CC=C1)C(O)=O
198,-0.906578621,293.15,CC(=O)C,NC(=O)C1=CC=C(O)C=C1
199,0.204247063,293.15,CC(=O)C,NC1=C(NC2=CC=CC=C2)C=CC=C1Cl
200,-0.66756881,298.15,CC(=O)C,CC(C)(O)[C@H]1CC[C@@](C)(O)CC1
201,-0.936435936,293.15,CC(=O)C,[H][C@@]12OC3=C4C(C[C@H]5N(C)CC[C@@]14[C@@]5([H])CC[C@@H]2O)=CC=C3OC
202,-0.878291949,293.15,CC(=O)C,OC1=CC(O)=C2C(=O)C(O)=C(OC2=C1)C1=CC=C(O)C(O)=C1
203,-1.37873342,293.15,CC(=O)C,CCCCCCC\C=C\C(=O)N(C(=O)NC1=CC=C(C=C1)N(C)C)C1=CC=C(C=C1)N(C)C
204,-1.954628378,298.15,CC(=O)C,[H][C@@](CCC(O)=O)(NC(C)=O)C(O)=O
205,-1.657577319,293.15,CC(=O)C,CC(=O)NC1=CC=CC(=C1)C(O)=O
206,-0.943035544,288.15,CC(=O)C,O=N(=O)C1=CC=C(NC2=CC=CC=C2)C(=C1)N(=O)=O
207,-2.587123653,295.65,CC(=O)C,CNC(=O)C1=CC=CC=C1SC1=CC=C2C(NN=C2\C=C\C2=NC=CC=C2)=C1
208,-1.759393273,293.15,CC(=O)C,CCCCCCCCC(O)CC(=O)N(C(=O)NC1=CC=C(C=C1)N(C)C)C1=CC=C(C=C1)N(C)C
209,0.775650381,291.15,CC(=O)C,O=N(=O)C1=CC=CC2=C1C=CC=C2
210,-0.685250406,296.15,CC(=O)C,NC(=O)NCC1=CC=CC=C1
211,-0.167429512,290.65,CC(=O)C,O[C@@H]1CCC[C@@H](O)C1
212,0.547763067,288.15,CC(=O)C,CC1=CC=C(C=C1N(=O)=O)N(=O)=O
213,-2.004035333,295.65,CC(=O)C,ClC1=C(Cl)C2=C(Cl)C(Cl)=C(Cl)C(Cl)=C2C(Cl)=C1Cl
214,-1.558874652,293.15,CC(=O)C,[H][C@@](C)(CCCC(C)C)[C@@]1([H])CC[C@@]2([H])[C@]3([H])CC=C4C[C@H](CC[C@]4(C)[C@@]3([H])CC[C@]12C)OC(=O)CCCC
215,-2.163690796,290.15,CC(=O)C,O[C@@]1(C2=CC=CC=C2)C2=C(C=CC=C2)[C@@](O)(C2=CC=CC=C2)C2=C1C=CC=C2
216,0.23155772,298.15,CC(=O)C,CC1=CC=C(C=C1)C1=CC(=NN1C1=CC=C(C=C1)S(N)(=O)=O)C(F)(F)F
217,-0.285320521,298.15,CC(=O)C,CC(=O)NC1=CC=C(O)C=C1
218,-0.154774845,298.15,CC(=O)C,CC1(C)CC(\C=C\C2=CC=C(O)C=C2)=C/C(C1)=C(/C#N)C#N
219,-2.770184797,293.15,CC(=O)C,OCCOC1=C2C=CC=CC2=C(OCCO)C(=C1)P1(=O)OC2=C(C=CC=C2)C2=C1C=CC=C2
220,0.29173523,296.15,CC(=O)C,CN(C(N)=O)C1=CC=CC=C1
221,-2.956637714,293.15,CC(=O)C,CCCCCCCCCCCCCCCCCC(=O)OCCCCOP(O)(=O)OCCN
222,0.242728476,298.15,CC(=O)C,NC(=O)C1=CC=CC=C1O
223,-0.250914279,293.15,CC(=O)C,Cl[C@H]1[C@H](Cl)[C@@H](Cl)C2=CC=CC=C2[C@@H]1Cl
224,0.058657723,293.15,CC(=O)C,CSCC12CSCC(C1)C(C)=CC2=O
225,-1.32820329,293.15,CC(=O)C,CCCCCCC(O)CC(=O)N(C(=O)NC1=CC=C(C=C1)N(C)C)C1=CC=C(C=C1)N(C)C
226,0.433770301,293.15,CC(=O)C,CC(=O)N(C1CCCCC1)C1=CC=CC=C1
227,0.579982105,292.98999999999995,CC(=O)C,CC1=C(C=C(C=C1N(=O)=O)N(=O)=O)N(=O)=O
228,-1.274455393,293.15,CC(=O)C,CCCCCCCCC(=O)N(C(=O)NC1=CC=C(C=C1)N(C)C)C1=CC=C(C=C1)N(C)C
229,-1.915224565,303.15,CC(=O)C,OC1=CC(Br)=C(C=C1)N(=O)=O
230,-0.262381779,293.15,CC(=O)C,CCCCCCCCCCCCCC(O)=O
231,-0.30364119,293.15,CC(=O)C,OC(=O)C1=CC=C(Br)C=C1
232,-1.459936021,293.15,CC(=O)C,[H][C@](O)(C(=O)NCCC(=O)NCCSC(=O)C1=CC=CC2=C1C=CC=C2)C(C)(C)CO
233,0.304933209,298.15,CC(=O)C,NC1=CC=C(C=C1)N(=O)=O
234,0.337934939,290.15,CC(=O)C,O=N(=O)C1=CC(=CC(=C1)N(=O)=O)N(=O)=O
235,-1.684379381,293.15,CC(=O)C,CN(C)C1=CC=C(NC(=O)N(C=O)C2=CC=C(C=C2)N(C)C)C=C1
236,-0.401133386,296.15,CC(=O)C,O=N(=O)C1=CC=C(OC2=C(C=C(C=C2N(=O)=O)N(=O)=O)N(=O)=O)C(=C1)N(=O)=O
237,0.184891445,288.15,CC(=O)C,OC1=CC=C(C=C1N(=O)=O)N(=O)=O
238,-3.841548882,293.15,CC(=O)C,CCCCCCCCCC\C=C\C(=O)N(C(=O)NC1=CC=C(C=C1)N(C)C)C1=CC=C(C=C1)N(C)C
239,-1.11674556,288.15,CC(=O)C,O=N(=O)C1=CC(=C(NC2=CC=C(C=C2N(=O)=O)N(=O)=O)C=C1)N(=O)=O
240,-2.235825584,298.15,CC(=O)C,CCOC(=O)C1=C(C)NC(\C=C2/N=C(C)C(C(=O)OCC)=C/2C)=C1C
241,-0.883639862,293.15,CC(=O)C,[H][C@](O)(C(=O)NCCC(=O)NCCSC(=O)C1=CC=CC=C1)C(C)(C)CO
242,-0.341620856,303.15,CC(=O)C,N1C2=C(C=CC=C2)C2=C1C=CC=C2
243,-0.194784817,293.15,CC(=O)C,CC1=CC(=CC(C)=C1)C(O)=O
244,-1.498936526,298.15,CC(=O)C,C1COCCOC2=C(OCCOCCOCCOC3=C(OCCO1)C=CC=C3)C=CC=C2
245,-2.452585735,296.54999999999995,CC(=O)C,[H][C@](O)(CO)[C@]([H])(O)CO
246,-0.136173606,293.15,CC(=O)C,NC1=C(NC2=C(Cl)C=CC=C2)C=CC(Cl)=C1
247,-2.137703915,293.15,CC(=O)C,NC1=CC=CC2=C1C(=O)N(C1CCC(=O)NC1=O)C2=O
248,-0.274730371,293.15,CC(=O)C,[H][C@@]12CC[C@H](O)[C@@]1(C)CC[C@]1([H])C3=CC=C(OC(=O)C4=CC=CC=C4)C=C3CC[C@@]21[H]
249,-1.170790508,293.15,CC(=O)C,CCCCCCCCCC(O)CC(=O)N(C(=O)NC1=CC=C(C=C1)N(C)C)C1=CC=C(C=C1)N(C)C
250,-0.88605527,295.15,CC(=O)C,O=C1C2=CC(=CC(=C2C2=C1C=C(C=C2)N(=O)=O)N(=O)=O)N(=O)=O
251,-2.567341591,292.15,CC(=O)C,COC(=O)C1=C(O[C@@H]2O[C@H](CO[C@@H]3OC[C@@H](O)[C@H](O)[C@H]3O)[C@@H](O)[C@H](O)[C@H]2O)C=CC=C1
252,-0.784023236,289.15,CC(=O)C,O[C@H]1CC[C@H](O)CC1
253,-1.628811407,288.15,CC(=O)C,ONC(=O)CCCCCCNC(=O)C1=CN=C(N=C1)N(C1=CC=CC=C1)C1=CC=CC=C1Cl
254,0.259120927,293.15,CC(=O)C,CC(=O)CC(=O)N(C1=CC=CC=C1)C1=CC=CC=C1
255,-1.673363962,293.15,CC(=O)C,CN(C)C1=CC=C(NC(=O)N(C(C)=O)C2=CC=C(C=C2)N(C)C)C=C1
256,0.017033838,293.15,CC(=O)C,OC(=O)C1=CC=CC(Br)=C1
257,-0.680578154,303.15,CC(=O)C,[H][C@@]12CC[C@H](O)[C@@]1(C)CC[C@]1([H])C3=CC=C(O)C=C3CC[C@@]21[H]
258,0.964031913,288.45,CC(=O)C,O=C1COCCO1
259,-3.847163773,298.15,CC(=O)C,CCCS(=O)C1=CC=C2NC(NC(=O)OC)=NC2=C1
260,-2.190811492,298.15,CC(=O)C,CC#CC(=O)N1CCC[C@H]1C1=NC(=C2N1C=CN=C2N)C1=CC=C(C=C1)C(=O)NC1=NC=CC=C1
261,-1.330517261,298.15,CC(=O)C,OC1=C2N=CC=CC2=C(Cl)C=C1Cl
262,-2.987228403,291.15,CC(=O)C,OC[C@H]1O[C@@H](OC2=CC3=C(C(=O)C(=CO3)C3=CC(O)=C(O)C=C3)C(O)=C2)[C@H](O)[C@@H](O)[C@@H]1O
263,-0.558543656,298.15,CC(=O)C,ClC1=C2C(=O)C(Cl)(Cl)C(=O)C2=C(Cl)C(Cl)=C1Cl
264,-2.573802534,298.15,CC(=O)C,O=C1OC(=O)C2=C1C=CC(=C2)C1=CC2=C(C=C1)C(=O)OC2=O
265,0.996380458,293.15,CC(=O)C,OC(=O)CC1=CC=CC=C1
266,-0.642191393,298.14,CC(=O)C,OC(=O)CCCCC(O)=O
267,-1.371742918,294.15,CC(=O)C,CC(=O)OC(COC(=O)C1=CC=C(C=C1)N(=O)=O)COC(=O)C1=CC=C(C=C1)N(=O)=O
268,-0.771354104,298.15,CC(=O)C,NS(=O)(=O)C1=CC=C(C=C1)S(N)(=O)=O
269,0.513935905,298.15,CC(=O)C,OC(=O)C1=CC=CC=C1
270,-0.059761557,296.65,CC(=O)C,NC1=CC=C(C(O)=O)C(O)=C1
271,-1.661214006,293.15,CC(=O)C,CCCCCCCC(=O)N(C(=O)NC1=CC=C(C=C1)N(C)C)C1=CC=C(C=C1)N(C)C
272,0.334813507,298.15,CC(=O)C,O=C(C(=O)C1=CC=CC=C1)C1=CC=CC=C1
273,-1.000531873,298.15,CC(=O)C,[H][C@](CC(C)C)(NC(C)=O)C(O)=O
274,-0.187864636,298.15,CC(=O)C,OC(=O)C1=CC(O)=CC=C1O
275,-0.678052926,293.15,CC(=O)C,CNC(=O)C(=N\OC)\C1=C(COC2=CC(C)=CC=C2C)C=CC=C1
276,-1.08782952,298.15,CC(=O)C,CC(OC1=CC=CC2=CC=CC=C12)C(N)=O
277,-2.008829226,293.15,CC(=O)C,C\C=C\CCCCCCCC(=O)N(C(=O)NC1=CC=C(C=C1)N(C)C)C1=CC=C(C=C1)N(C)C
278,0.495843183,288.15,CC(=O)C,ClCCN(CCCl)C1=CC2=CC=CC=C2C=C1
279,-0.855331724,293.15,CC(=O)C,[H][C@@](C)(CCCC(C)C)[C@@]1([H])CC[C@@]2([H])[C@]3([H])CC=C4C[C@H](CC[C@]4(C)[C@@]3([H])CC[C@]12C)OC(=O)C(O)=O
280,-1.549759551,288.15,CC(=O)C,CCCCCCCCCCCCCCCCCCCCCCC(O)=O
281,-0.926617581,292.15,CC(=O)C,CN1C2C(N(C)C1=O)N(C)C(=O)N2C
282,-0.125835238,293.15,CC(=O)C,NC1=C(C(=C(C(=C1N(=O)=O)N(=O)=O)N(=O)=O)N(=O)=O)N(=O)=O
283,-1.361191135,293.15,CC(=O)C,CN(C)C1=CC=C(NC(=O)N(C(=O)\C=C(/C)C)C2=CC=C(C=C2)N(C)C)C=C1
284,-1.657652075,298.34999999999997,CC(=O)C,[H][C@@]12C[C@@]3([H])[C@]4([H])CCC5=CC(=O)CC[C@]5(C)[C@@]4([H])[C@H](O)C[C@]3(C)[C@@]1(O2)C(C)=O
285,0.584462402,298.15,CC(=O)C,OC(=O)CC1=CC=C(O)C=C1
286,-1.610363812,293.15,CC(=O)C,O=C(NC1=CC=CC2=CC=CC=C12)N(C1=CC=CC=C1)C1=CC=CC=C1
287,-0.800254097,293.15,CC(=O)C,OC(=O)C1=CC=C(Cl)C=C1
288,0.158363452,293.15,CC(=O)C,OC(=O)C1=CC=CC=C1Br
289,-1.234212462,293.15,CC(=O)C,[H][C@@](C)(CCCC(C)C)[C@@]1([H])CC[C@@]2([H])[C@]3([H])CC=C4C[C@H](CC[C@]4(C)[C@@]3([H])CC[C@]12C)OC(C)=O
290,0.188218301,298.15,CC(=O)C,[H][C@@](CCSC)(NC(C)=O)C(O)=O
291,-1.843158001,293.15,CC(=O)C,OCCCCOC(=O)NCCCCCCNC(=O)OCCCCO
292,-0.953518081,293.15,CC(=O)C,O=C(N=N#N)C1=C(C=C(C=C1N(=O)=O)N(=O)=O)N(=O)=O
293,-0.825313022,293.15,CC(=O)C,[H][C@@](C)(CCCC(C)C)[C@@]1([H])CC[C@@]2([H])[C@]3([H])CC=C4C[C@H](CC[C@]4(C)[C@@]3([H])CC[C@]12C)OC=O
294,0.38412846,298.15,CC(=O)C,OC(=O)C1=CC=CC=C1O
295,-1.973656539,298.15,CC(=O)C,OC1CCN2CC3=CC=CC=C3N=C12
296,-0.983384521,293.19,CC(=O)C,[H][C@]12COC(=O)[C@]1([H])[C@H](C1=CC(OC)=C(OC)C(OC)=C1)C1=C(C=C3OCOC3=C1)[C@@H]2O
297,-0.960685547,293.15,CC(=O)C,O[C@@H](CCC1=CCCC1=O)CC(O)=O
298,-3.038076782,298.23999999999995,CC(=O)C,CCCCC1=NC2(CCCC2)C(=O)N1CC1=CC=C(C=C1)C1=CC=CC=C1C1=NN=NN1
299,-1.952421268,291.15,CC(=O)C,CCCCCCCCCCCCC(=O)N(C(=O)NC1=CC=C(C=C1)N(C)C)C1=CC=C(C=C1)N(C)C
300,-0.10937206,293.15,CC(=O)C,NC1=C(NC2=CC=CC=C2)C=C(Cl)C=C1
301,-1.710176886,290.15,CC(=O)C,OCC1OC(OC2COC(OC12)C1=CC=CC=C1)C1=CC=CC=C1
302,-1.503768559,288.15,CC(=O)C,CC1=C(C(C)=C(C(C)=C1N(=O)=O)N(=O)=O)N(=O)=O
303,-0.718857066,300.03999999999996,CC(=O)C,ClC1=NC=C(CN2CCN=C2NN(=O)=O)C=C1
304,-2.872381259,288.15,CC(=O)C,[H][C@@](C)(O)[C@@]1([H])CC[C@@]2([H])[C@]3([H])CC[C@]4([H])C[C@H](O)CC[C@]4(C)[C@@]3([H])CC[C@]12C
305,0.485879894,290.15,CC(=O)C,CC1=C(C(O)=C(C=C1N(=O)=O)N(=O)=O)N(=O)=O
306,-1.977723605,290.15,CC(=O)C,[H][C@@]1(COC(O1)C1=CC=CC=C1)[C@]1([H])O[C@@H](O[C@]2([H])CO[C@@H](O[C@]12[H])C1=CC=CC=C1)C1=CC=CC=C1
307,-1.047799986,293.15,CC(=O)C,OC1=C2C=CC=CC2=C(O)C(=C1)P1(=O)OC2=C(C=CC=C2CC2=CC=CC=C2)C2=C1C=CC=C2
308,-3.642366818,298.15,CC(=O)C,OC1=C2N=CC=CC2=C(C=C1I)S(O)(=O)=O
309,0.18450416,288.15,CC(=O)C,CC1=CC=C(C)C(=C1N(=O)=O)N(=O)=O
310,0.105205217,297.98999999999995,CC(=O)C,OC(=O)C=CC1=CC=CO1
311,-1.193822267,293.15,CC(=O)C,C1=CC=C2C(C=CC=C2C2=CC=CC3=CC=CC=C23)=C1
312,-1.578606935,303.14,CC(=O)C,C1C2CC3C4CC5CC(C14)C(C2)C3C5
313,-0.864231194,298.15,CC(=O)C,COC1=CC(\C=C\C(=O)C=C(O)\C=C\C2=CC=C(O)C(OC)=C2)=CC=C1O
314,-0.683335271,288.15,CC(=O)C,CC1=CC(=C(C)C(=C1N(=O)=O)N(=O)=O)N(=O)=O
315,-0.159574123,293.15,CC(=O)C,CO\N=C(\C(=O)OC)C1=CC=CC=C1COC1=C(C)C=CC=C1
316,0.984337524,288.15,CC(=O)C,CC1=CC=C(C=C1)N(=O)=O
317,-2.029805828,293.15,CC(=O)C,CCOC1=C(C=C(C=C1)N(=O)=O)\C=N\NC(N)=O
318,0.144793846,298.14,CC(=O)C,OC1=CC=C(C=C1)C(=O)C1=C(O)C(O)=C(O)C=C1
319,0.684477909,298.15,CC(=O)C,C1=CC=C(C=C1)C1=CC=CC=C1
320,-1.776470431,289.15,CC(=O)C,O=N(=O)C1=CC=CC2=C(C=CC=C12)N(=O)=O
321,-1.402735403,302.25,CC(=O)C,OCP1(=O)OC2=C(C=CC=C2)C2=CC=CC=C12
322,-2.896797821,298.15,CC(=O)C,COC1=CC=C(C=C1OC)C(=O)N1CCN(CC1)C1=CC2=C(NC(=O)CC2)C=C1
323,0.600506438,288.15,CC(=O)C,CC1=C(O)C(=CC(=C1)N(=O)=O)N(=O)=O
